{
    "P": 3.8414550901785316,
    "P_rel_err": 0.011477106139635986,
    "ratio": 0.00023846923930862697,
    "ratio_rel_err": 0.0032712713513698057,
    "kQTST": 3.778218583698712e-05,
    "kQTST_rel_err": 0.011934202176717255,
    "kQTST_err": 4.5090024445690755e-07,
    "UNITS": "eVAamu",
    "PP": 3.840633446500168,
    "PP_rel_err": 0.013147934132943543,
    "ratioP": 0.0003213683608492292,
    "ratioP_rel_err": 0.003989238317987194,
    "kQTSTP": 5.09055261425529e-05,
    "kQTSTP_rel_err": 0.013739803285415667,
    "kQTSTP_err": 6.994319153392614e-07,
    "1/Keq": 1.3473420082730787,
    "1/Keq_err": 0.024520416943968407
}