{
    "P": 3.0846711442109807,
    "P_rel_err": 0.013031041648576247,
    "ratio": 0.005593640484955085,
    "ratio_rel_err": 0.0005345645381070053,
    "kQTST": 0.0007119167399606927,
    "kQTST_rel_err": 0.013042001598387047,
    "kQTST_err": 9.28481926048585e-06,
    "UNITS": "eVAamu",
    "PP": 3.0647363838697412,
    "PP_rel_err": 0.016018935743939366,
    "ratioP": 0.006560266836901797,
    "ratioP_rel_err": 0.0006604300541339398,
    "kQTSTP": 0.0008295458844232359,
    "kQTSTP_rel_err": 0.01603254409708146,
    "kQTSTP_err": 1.3299730972567971e-05,
    "1/Keq": 1.165228794127018,
    "1/Keq_err": 0.024082104489707518
}