{
    "P": 5.084476461789768,
    "P_rel_err": 0.010406337315517563,
    "ratio": 2.456727581511289e-05,
    "ratio_rel_err": 0.009488938315610831,
    "kQTST": 3.85528252250795e-06,
    "kQTST_rel_err": 0.01408303258115242,
    "kQTST_err": 5.429406937402694e-08,
    "UNITS": "eVAamu",
    "PP": 5.020300547487159,
    "PP_rel_err": 0.011194046703964984,
    "ratioP": 4.081672177410345e-05,
    "ratioP_rel_err": 0.01058424598343876,
    "kQTSTP": 6.324421485052907e-06,
    "kQTSTP_rel_err": 0.015405614062687955,
    "kQTSTP_err": 9.743159656849691e-08,
    "1/Keq": 1.6404560361347333,
    "1/Keq_err": 0.034240555960348903
}