{
    "P": 3.824666527715567,
    "P_rel_err": 0.011288181835511429,
    "ratio": 0.0002390680469780662,
    "ratio_rel_err": 0.003841493553072198,
    "kQTST": 3.771152212594925e-05,
    "kQTST_rel_err": 0.011923930638420597,
    "kQTST_err": 4.4966957409908254e-07,
    "UNITS": "eVAamu",
    "PP": 3.8979099708899985,
    "PP_rel_err": 0.013949717212929862,
    "ratioP": 0.0003220724547804219,
    "ratioP_rel_err": 0.0022807600604663122,
    "kQTSTP": 5.177788906596546e-05,
    "kQTSTP_rel_err": 0.014134938159543888,
    "kQTSTP_err": 7.318772599791454e-07,
    "1/Keq": 1.3729991829297488,
    "1/Keq_err": 0.02539033745622674
}