{
    "P": 4.758742358787123,
    "P_rel_err": 0.012324249547838588,
    "ratio": 2.8768137161072366e-05,
    "ratio_rel_err": 0.011077371333230784,
    "kQTST": 4.517028943153904e-06,
    "kQTST_rel_err": 0.01657091676919786,
    "kQTST_err": 7.485131066106112e-08,
    "UNITS": "eVAamu",
    "PP": 4.719237695248998,
    "PP_rel_err": 0.00880889337058496,
    "ratioP": 4.65127455632276e-05,
    "ratioP_rel_err": 0.006954624708840705,
    "kQTSTP": 7.2425711142249905e-06,
    "kQTSTP_rel_err": 0.011223342071555752,
    "kQTSTP_err": 8.128585309251576e-08,
    "1/Keq": 1.6033926736736923,
    "1/Keq_err": 0.03209024063840587
}