{
    "P": 3.558073907184467,
    "P_rel_err": 0.013456742319095496,
    "ratio": 0.0006750702307653708,
    "ratio_rel_err": 0.002515004272188039,
    "kQTST": 0.0001085209277687497,
    "kQTST_rel_err": 0.013689746540081,
    "kQTST_err": 1.4856239954486212e-06,
    "UNITS": "eVAamu",
    "PP": 3.5391840389897,
    "PP_rel_err": 0.01320825687406895,
    "ratioP": 0.0008728517662816661,
    "ratioP_rel_err": 0.002239811777482952,
    "kQTSTP": 0.00013957036620504038,
    "kQTSTP_rel_err": 0.013396820759043582,
    "kQTSTP_err": 1.8697991793229997e-06,
    "1/Keq": 1.2861147529300045,
    "1/Keq_err": 0.024634518979612528
}