{
    "P": 4.825471689274988,
    "P_rel_err": 0.009334321939745536,
    "ratio": 2.0128336547643884e-05,
    "ratio_rel_err": 0.008065025259462524,
    "kQTST": 3.2047680143924367e-06,
    "kQTST_rel_err": 0.012335890665476225,
    "kQTST_err": 3.9533667833760436e-08,
    "UNITS": "eVAamu",
    "PP": 4.670296744172503,
    "PP_rel_err": 0.012543978272390073,
    "ratioP": 3.23010334090539e-05,
    "ratioP_rel_err": 0.007585898817924869,
    "kQTSTP": 4.977483545956786e-06,
    "kQTSTP_rel_err": 0.01465937419448689,
    "kQTSTP_err": 7.296679384708201e-08,
    "1/Keq": 1.553149408507318,
    "1/Keq_err": 0.02975695851136692
}