{
    "P": 4.9461079469311855,
    "P_rel_err": 0.010495246754821058,
    "ratio": 7.73295047580943e-06,
    "ratio_rel_err": 0.0028425027888389007,
    "kQTST": 9.980782674877883e-07,
    "kQTST_rel_err": 0.010873363166432863,
    "kQTST_err": 1.0852467470918845e-08,
    "UNITS": "eVAamu",
    "PP": 4.87033229145716,
    "PP_rel_err": 0.011474745792913339,
    "ratioP": 1.144684536623446e-05,
    "ratioP_rel_err": 0.0024617899323596867,
    "kQTSTP": 1.4547896046673154e-06,
    "kQTSTP_rel_err": 0.0117358510847339,
    "kQTSTP_err": 1.7073194159994517e-08,
    "1/Keq": 1.4575907041129066,
    "1/Keq_err": 0.02331963955741599
}