{
    "P": 6.001546070762546,
    "P_rel_err": 0.010593027854030433,
    "ratio": 1.6675214491427304e-05,
    "ratio_rel_err": 0.014334512495164035,
    "kQTST": 2.610498945167035e-06,
    "kQTST_rel_err": 0.01782387409039568,
    "kQTST_err": 4.652920451176797e-08,
    "UNITS": "eVAamu",
    "PP": 5.803706359263321,
    "PP_rel_err": 0.010232287640068291,
    "ratioP": 3.4667028899932827e-05,
    "ratioP_rel_err": 0.011564150540801163,
    "kQTSTP": 5.248207558625827e-06,
    "kQTSTP_rel_err": 0.01544115565880372,
    "kQTSTP_err": 8.103838984245163e-08,
    "1/Keq": 2.010423167702148,
    "1/Keq_err": 0.047410184977669856
}