{
    "P": 4.379840663104212,
    "P_rel_err": 0.01298866919459643,
    "ratio": 5.432468827146893e-05,
    "ratio_rel_err": 0.0052413490051450825,
    "kQTST": 8.777270867209483e-06,
    "kQTST_rel_err": 0.014006329527766852,
    "kQTST_err": 1.2293734812060394e-07,
    "UNITS": "eVAamu",
    "PP": 4.320554999663164,
    "PP_rel_err": 0.01199758014338162,
    "ratioP": 7.975044190235199e-05,
    "ratioP_rel_err": 0.004083971843282943,
    "kQTSTP": 1.2710908219130634e-05,
    "kQTSTP_rel_err": 0.012673624395317735,
    "kQTSTP_err": 1.610932764926187e-07,
    "1/Keq": 1.4481617818833195,
    "1/Keq_err": 0.02735446977569671
}