{
    "P": 2.9641069931111543,
    "P_rel_err": 0.012234650659429478,
    "ratio": 0.005038780765570189,
    "ratio_rel_err": 0.0013999316264218943,
    "kQTST": 0.000826446119067629,
    "kQTST_rel_err": 0.01231448274662539,
    "kQTST_err": 1.017725647427383e-05,
    "UNITS": "eVAamu",
    "PP": 2.9272184250869646,
    "PP_rel_err": 0.013681843211282775,
    "ratioP": 0.005978529000570267,
    "ratioP_rel_err": 0.0010055388530478234,
    "kQTSTP": 0.0009683774686479001,
    "kQTSTP_rel_err": 0.013718744186080345,
    "kQTSTP_err": 1.328492276794458e-05,
    "1/Keq": 1.1717369666402373,
    "1/Keq_err": 0.02160100919125414
}