{
    "P": 5.182596615636527,
    "P_rel_err": 0.009757781918312888,
    "ratio": 9.610615876075758e-07,
    "ratio_rel_err": 0.0059629788533815155,
    "kQTST": 1.1625172340843954e-07,
    "kQTST_rel_err": 0.01143553342748947,
    "kQTST_err": 1.3294004690404705e-09,
    "UNITS": "eVAamu",
    "PP": 5.282882554931322,
    "PP_rel_err": 0.01009962026337068,
    "ratioP": 1.561696270207159e-06,
    "ratioP_rel_err": 0.004542682712756684,
    "kQTSTP": 1.925609865919663e-07,
    "kQTSTP_rel_err": 0.011074217610877351,
    "kQTSTP_err": 2.1324622688846705e-09,
    "1/Keq": 1.656414037970184,
    "1/Keq_err": 0.0263682032339758
}