{
    "P": 3.061103542345967,
    "P_rel_err": 0.015288624413211748,
    "ratio": 0.005615053872013988,
    "ratio_rel_err": 0.0005957632145099605,
    "kQTST": 0.0007091820448180255,
    "kQTST_rel_err": 0.01530022778444875,
    "kQTST_err": 1.0850646826356932e-05,
    "UNITS": "eVAamu",
    "PP": 2.9589755939186144,
    "PP_rel_err": 0.0135492412706756,
    "ratioP": 0.006596893603561989,
    "ratioP_rel_err": 0.0005788297144643795,
    "kQTSTP": 0.0008053907679147627,
    "kQTSTP_rel_err": 0.01356159956824142,
    "kQTSTP_err": 1.0922387090418472e-05,
    "1/Keq": 1.1356615326060944,
    "1/Keq_err": 0.02321904241036555
}