{
    "P": 5.121928966451719,
    "P_rel_err": 0.011764614568736254,
    "ratio": 2.6237260549144456e-06,
    "ratio_rel_err": 0.0033314139104023742,
    "kQTST": 3.3268182396681567e-07,
    "kQTST_rel_err": 0.012227202238997429,
    "kQTST_err": 4.067767942880797e-09,
    "UNITS": "eVAamu",
    "PP": 5.002642356347397,
    "PP_rel_err": 0.010384250242175876,
    "ratioP": 4.043091954949823e-06,
    "ratioP_rel_err": 0.0035075313496466223,
    "kQTSTP": 5.007144323138298e-07,
    "kQTSTP_rel_err": 0.01096063087878082,
    "kQTSTP_err": 5.488146068270172e-09,
    "1/Keq": 1.505085027920777,
    "1/Keq_err": 0.024714573336539786
}