{
    "P": 3.422996899115757,
    "P_rel_err": 0.015957760712112534,
    "ratio": 0.0017419440624871657,
    "ratio_rel_err": 0.000866063459170977,
    "kQTST": 0.00022004499166978662,
    "kQTST_rel_err": 0.015981245034738484,
    "kQTST_err": 3.5165929305418486e-06,
    "UNITS": "eVAamu",
    "PP": 3.3937571952536096,
    "PP_rel_err": 0.01460244578992533,
    "ratioP": 0.002124957504090146,
    "ratioP_rel_err": 0.0007934870721505205,
    "kQTSTP": 0.00026613487828776224,
    "kQTSTP_rel_err": 0.01462398867550772,
    "kQTSTP_err": 3.8919534462378605e-06,
    "1/Keq": 1.209456649152647,
    "1/Keq_err": 0.026199780165544393
}