{
    "P": 4.298693731704273,
    "P_rel_err": 0.010799454575222207,
    "ratio": 4.644122377936055e-05,
    "ratio_rel_err": 0.0036126108199113194,
    "kQTST": 7.364514238564489e-06,
    "kQTST_rel_err": 0.01138767649955109,
    "kQTST_err": 8.386470572511022e-08,
    "UNITS": "eVAamu",
    "PP": 4.341708479762836,
    "PP_rel_err": 0.01191271906637916,
    "ratioP": 6.782216494289605e-05,
    "ratioP_rel_err": 0.004737971944359848,
    "kQTSTP": 1.086266172078619e-05,
    "kQTSTP_rel_err": 0.012820345303462563,
    "kQTSTP_err": 1.392630741751838e-07,
    "1/Keq": 1.4750004370829446,
    "1/Keq_err": 0.0252927279890374
}