{
    "P": 3.1677157625349497,
    "P_rel_err": 0.01347259677642936,
    "ratio": 0.0028626565397993206,
    "ratio_rel_err": 0.0014336293388860235,
    "kQTST": 0.0004730797894648076,
    "kQTST_rel_err": 0.013548658862838401,
    "kQTST_err": 6.4095966823620905e-06,
    "UNITS": "eVAamu",
    "PP": 3.1567867149852757,
    "PP_rel_err": 0.016790517936548933,
    "ratioP": 0.003472289762870293,
    "ratioP_rel_err": 0.0019211484751566455,
    "kQTSTP": 0.000571847391856834,
    "kQTSTP_rel_err": 0.01690006816676099,
    "kQTSTP_err": 9.664259903364978e-06,
    "1/Keq": 1.2087757807277322,
    "1/Keq_err": 0.026182721303313845
}