{
    "P": 3.5490559906239723,
    "P_rel_err": 0.014832576388153263,
    "ratio": 0.0006516659716211248,
    "ratio_rel_err": 0.001970844504029124,
    "kQTST": 0.00010449306567609828,
    "kQTST_rel_err": 0.014962939228957106,
    "kQTST_err": 1.5635233915588823e-06,
    "UNITS": "eVAamu",
    "PP": 3.541622965785132,
    "PP_rel_err": 0.013197204322709502,
    "ratioP": 0.000842636892145535,
    "ratioP_rel_err": 0.0024592370885987303,
    "kQTSTP": 0.0001348318119244957,
    "kQTSTP_rel_err": 0.013424382629874713,
    "kQTSTP_err": 1.8100338339537344e-06,
    "1/Keq": 1.2903421968921818,
    "1/Keq_err": 0.02593888234193554
}