{
    "P": 5.068106185660639,
    "P_rel_err": 0.011627635052710939,
    "ratio": 1.256696664531425e-05,
    "ratio_rel_err": 0.010023468820419297,
    "kQTST": 1.965753848649182e-06,
    "kQTST_rel_err": 0.015351606564557013,
    "kQTST_err": 3.017747968722599e-08,
    "UNITS": "eVAamu",
    "PP": 4.94776817487721,
    "PP_rel_err": 0.01088653915986892,
    "ratioP": 2.1086160683101818e-05,
    "ratioP_rel_err": 0.008350543546337326,
    "kQTSTP": 3.220029282556913e-06,
    "kQTSTP_rel_err": 0.013720361234261853,
    "kQTSTP_err": 4.417996494158188e-08,
    "1/Keq": 1.6380633235283444,
    "1/Keq_err": 0.03372661147787572
}