{
    "P": 3.5645797473160674,
    "P_rel_err": 0.012587211443591978,
    "ratio": 0.0006794370432399474,
    "ratio_rel_err": 0.0020366534624870637,
    "kQTST": 0.00010942262588217569,
    "kQTST_rel_err": 0.012750915624062196,
    "kQTST_err": 1.3952386699869465e-06,
    "UNITS": "eVAamu",
    "PP": 3.5635572309100194,
    "PP_rel_err": 0.011603771926156513,
    "ratioP": 0.0008791236607580896,
    "ratioP_rel_err": 0.002526857939570554,
    "kQTSTP": 0.00014154133353947498,
    "kQTSTP_rel_err": 0.011875711934912736,
    "kQTSTP_err": 1.6809041039982074e-06,
    "1/Keq": 1.2935289424682985,
    "1/Keq_err": 0.022539287438997097
}