{
    "P": 3.6180649301209833,
    "P_rel_err": 0.014312918236080083,
    "ratio": 0.0006105682844159267,
    "ratio_rel_err": 0.0026820427518412407,
    "kQTST": 9.980680979086961e-05,
    "kQTST_rel_err": 0.014562039065852623,
    "kQTST_err": 1.4533906632127654e-06,
    "UNITS": "eVAamu",
    "PP": 3.5081506019359843,
    "PP_rel_err": 0.011763027928069632,
    "ratioP": 0.0007878481810172565,
    "ratioP_rel_err": 0.002039481951118778,
    "kQTSTP": 0.0001248735165049983,
    "kQTSTP_rel_err": 0.011938522214473841,
    "kQTSTP_err": 1.4908052507943883e-06,
    "1/Keq": 1.251152268734491,
    "1/Keq_err": 0.023559608987989946
}