{
    "P": 5.907914071197718,
    "P_rel_err": 0.009675426924034914,
    "ratio": 2.8238135563165382e-05,
    "ratio_rel_err": 0.01464821991751514,
    "kQTST": 4.351701899800797e-06,
    "kQTST_rel_err": 0.017555176812388617,
    "kQTST_err": 7.639489628581045e-08,
    "UNITS": "eVAamu",
    "PP": 5.943963940791921,
    "PP_rel_err": 0.009573573021172678,
    "ratioP": 5.957230389046239e-05,
    "ratioP_rel_err": 0.012975756248538644,
    "kQTSTP": 9.236544165902915e-06,
    "kQTSTP_rel_err": 0.01612524575357582,
    "kQTSTP_err": 1.4894154458894148e-07,
    "1/Keq": 2.122513071569936,
    "1/Keq_err": 0.05059457624452535
}