{
    "P": 3.5916441497616085,
    "P_rel_err": 0.01032698249661926,
    "ratio": 0.0006069463711094725,
    "ratio_rel_err": 0.0024934212568323228,
    "kQTST": 9.849024023752108e-05,
    "kQTST_rel_err": 0.010623733668042692,
    "kQTST_err": 1.0463340811849659e-06,
    "UNITS": "eVAamu",
    "PP": 3.563009175160618,
    "PP_rel_err": 0.013357982390202245,
    "ratioP": 0.0007850454821308473,
    "ratioP_rel_err": 0.002040831661629429,
    "kQTSTP": 0.00012637504857695926,
    "kQTSTP_rel_err": 0.013512982180409416,
    "kQTSTP_err": 1.707703779468825e-06,
    "1/Keq": 1.2831225537900062,
    "1/Keq_err": 0.022055693734089474
}