{
    "P": 5.88708428140377,
    "P_rel_err": 0.009425733932052502,
    "ratio": 1.6900370880649198e-05,
    "ratio_rel_err": 0.011792435411671172,
    "kQTST": 2.5952872763543507e-06,
    "kQTST_rel_err": 0.015096555669962673,
    "kQTST_err": 3.917989884702926e-08,
    "UNITS": "eVAamu",
    "PP": 5.754148409232308,
    "PP_rel_err": 0.008481013939759426,
    "ratioP": 3.454158860864278e-05,
    "ratioP_rel_err": 0.02031316729337386,
    "kQTSTP": 5.184564898053813e-06,
    "kQTSTP_rel_err": 0.022012550123395227,
    "kQTSTP_err": 1.1412549468640501e-07,
    "1/Keq": 1.9976843971341274,
    "1/Keq_err": 0.05332202323519306
}