{
    "P": 5.115160749440294,
    "P_rel_err": 0.010667018401301484,
    "ratio": 1.1820671242403942e-05,
    "ratio_rel_err": 0.009726283147063499,
    "kQTST": 1.8661837007890169e-06,
    "kQTST_rel_err": 0.014435576380268156,
    "kQTST_err": 2.6939437352351347e-08,
    "UNITS": "eVAamu",
    "PP": 5.094125570446107,
    "PP_rel_err": 0.012221570353231605,
    "ratioP": 2.0075222869027988e-05,
    "ratioP_rel_err": 0.009321629207848136,
    "kQTSTP": 3.1563342518439e-06,
    "kQTSTP_rel_err": 0.015370736904507772,
    "kQTSTP_err": 4.851518336777896e-08,
    "1/Keq": 1.6913309501682023,
    "1/Keq_err": 0.03566444804318124
}