{
    "P": 3.8908694549936187,
    "P_rel_err": 0.012119536546225716,
    "ratio": 0.0004209731947481388,
    "ratio_rel_err": 0.0012987912966320257,
    "kQTST": 5.406508302648093e-05,
    "kQTST_rel_err": 0.012188930425903162,
    "kQTST_err": 6.589955354804541e-07,
    "UNITS": "eVAamu",
    "PP": 3.8043027405070187,
    "PP_rel_err": 0.009402611291036632,
    "ratioP": 0.0005404978829377101,
    "ratioP_rel_err": 0.0016326311390783678,
    "kQTSTP": 6.787109228885238e-05,
    "kQTSTP_rel_err": 0.009543300452496396,
    "kQTSTP_err": 6.477142257516296e-07,
    "1/Keq": 1.2553590689134668,
    "1/Keq_err": 0.019433534499421
}