{
    "P": 2.4967160340392196,
    "P_rel_err": 0.015538765254416503,
    "ratio": 0.01657434380012956,
    "ratio_rel_err": 0.0009395064760755165,
    "kQTST": 0.0026440524592865108,
    "kQTST_rel_err": 0.015567141614646196,
    "kQTST_err": 4.116033907026666e-05,
    "UNITS": "eVAamu",
    "PP": 2.5675881606282447,
    "PP_rel_err": 0.014799009657000407,
    "ratioP": 0.018877371870113638,
    "ratioP_rel_err": 0.0006544541501579376,
    "kQTSTP": 0.003096930574593508,
    "kQTSTP_rel_err": 0.014813473497551148,
    "kQTSTP_err": 4.587629899049678e-05,
    "1/Keq": 1.1712818192076284,
    "1/Keq_err": 0.0251696143506604
}