{
    "P": 3.613272968655273,
    "P_rel_err": 0.010490824352299295,
    "ratio": 0.0006706130889392024,
    "ratio_rel_err": 0.002371938184651742,
    "kQTST": 0.00010947687043779756,
    "kQTST_rel_err": 0.010755625799673625,
    "kQTST_err": 1.1774922521483023e-06,
    "UNITS": "eVAamu",
    "PP": 3.565198868817244,
    "PP_rel_err": 0.016307585093184786,
    "ratioP": 0.0008674448543643856,
    "ratioP_rel_err": 0.0026978482436568973,
    "kQTSTP": 0.00013972535169380702,
    "kQTSTP_rel_err": 0.016529238237658297,
    "kQTSTP_err": 2.3095536259875287e-06,
    "1/Keq": 1.2763002005359296,
    "1/Keq_err": 0.025169313144081905
}