{
    "P": 3.0241732236697607,
    "P_rel_err": 0.01512455162045554,
    "ratio": 0.005580682878497162,
    "ratio_rel_err": 0.0006583744807490316,
    "kQTST": 0.0006963375137995329,
    "kQTST_rel_err": 0.015138874419081684,
    "kQTST_err": 1.0541766174706688e-05,
    "UNITS": "eVAamu",
    "PP": 3.025765026178917,
    "PP_rel_err": 0.014897057441408759,
    "ratioP": 0.006551226096422111,
    "ratioP_rel_err": 0.0005962962055550742,
    "kQTSTP": 0.0008178686681745534,
    "kQTSTP_rel_err": 0.014908986872936453,
    "kQTSTP_err": 1.2193593237600437e-05,
    "1/Keq": 1.1745290925256797,
    "1/Keq_err": 0.024956004568545544
}