{
    "P": 3.1768654519234234,
    "P_rel_err": 0.012918130050197516,
    "ratio": 0.0033348231753832338,
    "ratio_rel_err": 0.0008088874226609788,
    "kQTST": 0.00041468532980687943,
    "kQTST_rel_err": 0.012943430103969936,
    "kQTST_err": 5.367450581497064e-06,
    "UNITS": "eVAamu",
    "PP": 3.2194521801145743,
    "PP_rel_err": 0.013654046316505655,
    "ratioP": 0.003983007481741681,
    "ratioP_rel_err": 0.0008886835183837469,
    "kQTSTP": 0.0005019265165900747,
    "kQTSTP_rel_err": 0.013682936059527888,
    "kQTSTP_err": 6.867828433083556e-06,
    "1/Keq": 1.2103792454481663,
    "1/Keq_err": 0.022797425518277292
}