{
    "P": 5.473640060454536,
    "P_rel_err": 0.012966112066182641,
    "ratio": 2.2962232898656183e-05,
    "ratio_rel_err": 0.011178797259229965,
    "kQTST": 3.5914508286130432e-06,
    "kQTST_rel_err": 0.017119742120597914,
    "kQTST_err": 6.148471202466299e-08,
    "UNITS": "eVAamu",
    "PP": 5.476983097761922,
    "PP_rel_err": 0.010886654933263734,
    "ratioP": 4.271964021408678e-05,
    "ratioP_rel_err": 0.013157947397824313,
    "kQTSTP": 6.685725768269387e-06,
    "kQTSTP_rel_err": 0.017077787777105887,
    "kQTSTP_err": 1.141774058064328e-07,
    "1/Keq": 1.8615668395079488,
    "1/Keq_err": 0.04501514994084258
}