{
    "P": 2.8513599158871363,
    "P_rel_err": 0.011883696539240969,
    "ratio": 0.00801611418966058,
    "ratio_rel_err": 0.0011585589461556747,
    "kQTST": 0.0013331833653598313,
    "kQTST_rel_err": 0.011940037783377619,
    "kQTST_err": 1.5918259754566915e-05,
    "UNITS": "eVAamu",
    "PP": 2.80206865836694,
    "PP_rel_err": 0.012690723518836062,
    "ratioP": 0.009380572806401005,
    "ratioP_rel_err": 0.0008718480054562348,
    "kQTSTP": 0.0015331409439776238,
    "kQTSTP_rel_err": 0.012720636083787507,
    "kQTSTP_err": 1.9502528013493802e-05,
    "1/Keq": 1.1499850536792613,
    "1/Keq_err": 0.020063172132328846
}