{
    "P": 3.1851106072630513,
    "P_rel_err": 0.015082604215765839,
    "ratio": 0.002961260085718214,
    "ratio_rel_err": 0.0014942991009933306,
    "kQTST": 0.0004920622133661598,
    "kQTST_rel_err": 0.015156446804336,
    "kQTST_err": 7.457914761308032e-06,
    "UNITS": "eVAamu",
    "PP": 3.1291827872268185,
    "PP_rel_err": 0.014718751739977507,
    "ratioP": 0.003598461050736916,
    "ratioP_rel_err": 0.0011549279647388119,
    "kQTSTP": 0.0005874442855093792,
    "kQTSTP_rel_err": 0.014763993747859236,
    "kQTSTP_err": 8.67302375847611e-06,
    "1/Keq": 1.1938414890481386,
    "1/Keq_err": 0.025260213059848737
}