{
    "P": 3.784185451484836,
    "P_rel_err": 0.012547748440975197,
    "ratio": 0.0004200245330445475,
    "ratio_rel_err": 0.0012988482357399775,
    "kQTST": 5.246417411578911e-05,
    "kQTST_rel_err": 0.012614792811516182,
    "kQTST_err": 6.618246864979899e-07,
    "UNITS": "eVAamu",
    "PP": 3.7006591614902526,
    "PP_rel_err": 0.012850129390079896,
    "ratioP": 0.0005398713595502774,
    "ratioP_rel_err": 0.0013027882061013134,
    "kQTSTP": 6.594549724683078e-05,
    "kQTSTP_rel_err": 0.01291600102399159,
    "kQTSTP_err": 8.517521099677009e-07,
    "1/Keq": 1.2569624578724563,
    "1/Keq_err": 0.022693519226433312
}