{
    "P": 4.524868615401367,
    "P_rel_err": 0.011172386889377176,
    "ratio": 4.3037609052245745e-05,
    "ratio_rel_err": 0.006072351368233581,
    "kQTST": 6.815211076358069e-06,
    "kQTST_rel_err": 0.012715961620939851,
    "kQTST_err": 8.666196248557338e-08,
    "UNITS": "eVAamu",
    "PP": 4.479218586896046,
    "PP_rel_err": 0.010486038623567694,
    "ratioP": 6.487364050710497e-05,
    "ratioP_rel_err": 0.005130121122124929,
    "kQTSTP": 1.0169409315641084e-05,
    "kQTSTP_rel_err": 0.011673694734000277,
    "kQTSTP_err": 1.1871457997589269e-07,
    "1/Keq": 1.492163515069799,
    "1/Keq_err": 0.025757475252013513
}