{
    "P": 2.923033270742924,
    "P_rel_err": 0.011602372879830174,
    "ratio": 0.005045203946754803,
    "ratio_rel_err": 0.0009696174787326789,
    "kQTST": 0.0008160329425058906,
    "kQTST_rel_err": 0.011642818151018362,
    "kQTST_err": 9.500923154836507e-06,
    "UNITS": "eVAamu",
    "PP": 2.9660774873143554,
    "PP_rel_err": 0.012143398560879736,
    "ratioP": 0.0060079176048479675,
    "ratioP_rel_err": 0.0011196346146367232,
    "kQTSTP": 0.0009860561957010933,
    "kQTSTP_rel_err": 0.012194905095107086,
    "kQTSTP_err": 1.2024861725017173e-05,
    "1/Keq": 1.2083534185189777,
    "1/Keq_err": 0.020373244454614498
}