{
    "P": 3.3905888127655417,
    "P_rel_err": 0.011479026522279822,
    "ratio": 0.0009594285525156052,
    "ratio_rel_err": 0.002650991598492504,
    "kQTST": 0.0001517929850725392,
    "kQTST_rel_err": 0.011781163200400943,
    "kQTST_err": 1.7882979298156086e-06,
    "UNITS": "eVAamu",
    "PP": 3.363562095844307,
    "PP_rel_err": 0.012425557963571126,
    "ratioP": 0.0012151494456757374,
    "ratioP_rel_err": 0.0024975565351797557,
    "kQTSTP": 0.00019071861352938866,
    "kQTSTP_rel_err": 0.012674079033700434,
    "kQTSTP_err": 2.4171827810692407e-06,
    "1/Keq": 1.2564389153968318,
    "1/Keq_err": 0.021741407000778066
}