{
    "P": 4.440224913305513,
    "P_rel_err": 0.011011168913484953,
    "ratio": 6.875118798403954e-05,
    "ratio_rel_err": 0.004939265939395061,
    "kQTST": 1.1261315420167594e-05,
    "kQTST_rel_err": 0.012068230560499148,
    "kQTST_err": 1.3590415090508688e-07,
    "UNITS": "eVAamu",
    "PP": 4.18658774122536,
    "PP_rel_err": 0.012820825136715846,
    "ratioP": 9.954115363260314e-05,
    "ratioP_rel_err": 0.004467406694686783,
    "kQTSTP": 1.5373289790765406e-05,
    "kQTSTP_rel_err": 0.013576865608894314,
    "kQTSTP_err": 2.087210894558089e-07,
    "1/Keq": 1.365141568029769,
    "1/Keq_err": 0.02479803119348483
}