{
    "P": 2.5502489022422923,
    "P_rel_err": 0.015796448746965196,
    "ratio": 0.016494980984578255,
    "ratio_rel_err": 0.0007273935145578494,
    "kQTST": 0.0026878124580367153,
    "kQTST_rel_err": 0.015813187355511828,
    "kQTST_err": 4.250288197541335e-05,
    "UNITS": "eVAamu",
    "PP": 2.4836215367119983,
    "PP_rel_err": 0.015264371155514303,
    "ratioP": 0.018821990122284114,
    "ratioP_rel_err": 0.0008017316073507613,
    "kQTSTP": 0.002986864577235094,
    "kQTSTP_rel_err": 0.015285411356699639,
    "kQTSTP_err": 4.5655453729793174e-05,
    "1/Keq": 1.1112622714074398,
    "1/Keq_err": 0.024440209558643
}