{
    "P": 6.049383525473201,
    "P_rel_err": 0.009718175166458693,
    "ratio": 1.0201599129561565e-05,
    "ratio_rel_err": 0.015852740166979004,
    "kQTST": 1.6097866523896981e-06,
    "kQTST_rel_err": 0.01859441581141295,
    "kQTST_err": 2.9933042382196527e-08,
    "UNITS": "eVAamu",
    "PP": 5.880336369801962,
    "PP_rel_err": 0.010857702980516224,
    "ratioP": 2.149202455168996e-05,
    "ratioP_rel_err": 0.013798315653302593,
    "kQTSTP": 3.296616639515107e-06,
    "kQTSTP_rel_err": 0.017557996152217547,
    "kQTSTP_err": 5.7881982271942584e-08,
    "1/Keq": 2.0478593449767653,
    "1/Keq_err": 0.052372197207314744
}