{
    "P": 4.307818654438092,
    "P_rel_err": 0.013850771044191449,
    "ratio": 7.033266974052353e-05,
    "ratio_rel_err": 0.005211577056550667,
    "kQTST": 1.1176825288494644e-05,
    "kQTST_rel_err": 0.014798797043509232,
    "kQTST_err": 1.6540356903519376e-07,
    "UNITS": "eVAamu",
    "PP": 4.21066619962091,
    "PP_rel_err": 0.009626801218900348,
    "ratioP": 0.00010299881432985854,
    "ratioP_rel_err": 0.004945202115954914,
    "kQTSTP": 1.5998784409948916e-05,
    "kQTSTP_rel_err": 0.010822676456212954,
    "kQTSTP_err": 1.73149667361581e-07,
    "1/Keq": 1.4314247558667637,
    "1/Keq_err": 0.026243708823551575
}