{
    "P": 3.5787645911451564,
    "P_rel_err": 0.00955517361789046,
    "ratio": 0.0006672859147924753,
    "ratio_rel_err": 0.002684382510370924,
    "kQTST": 0.00010789334699500573,
    "kQTST_rel_err": 0.009925081981022382,
    "kQTST_err": 1.0708503141323268e-06,
    "UNITS": "eVAamu",
    "PP": 3.626241419937366,
    "PP_rel_err": 0.012406211498278072,
    "ratioP": 0.0008599309555534662,
    "ratioP_rel_err": 0.0025911716231485455,
    "kQTSTP": 0.0001408866599509412,
    "kQTSTP_rel_err": 0.01267392023490038,
    "kQTSTP_err": 1.7855862903797627e-06,
    "1/Keq": 1.30579562016426,
    "1/Keq_err": 0.021020288356064776
}