{
    "P": 2.730061126298979,
    "P_rel_err": 0.016341182159833992,
    "ratio": 0.012617702385267156,
    "ratio_rel_err": 0.0004731903098791189,
    "kQTST": 0.0015569298952476103,
    "kQTST_rel_err": 0.016348031791327062,
    "kQTST_err": 2.5452739424375444e-05,
    "UNITS": "eVAamu",
    "PP": 2.65545271001845,
    "PP_rel_err": 0.01293291570087611,
    "ratioP": 0.014431754125743127,
    "ratioP_rel_err": 0.0005078064217745782,
    "kQTSTP": 0.0017321045403110517,
    "kQTSTP_rel_err": 0.01294288128230972,
    "kQTSTP_err": 2.2418423433795593e-05,
    "1/Keq": 1.1125128662492425,
    "1/Keq_err": 0.023197329061132994
}