{
    "P": 5.969940233566871,
    "P_rel_err": 0.007958978482075206,
    "ratio": 8.32018330887767e-06,
    "ratio_rel_err": 0.014036705712382393,
    "kQTST": 1.2956623138288329e-06,
    "kQTST_rel_err": 0.01613612238842296,
    "kQTST_err": 2.0906965670009327e-08,
    "UNITS": "eVAamu",
    "PP": 5.866452761134894,
    "PP_rel_err": 0.010237710736000926,
    "ratioP": 1.759979177318435e-05,
    "ratioP_rel_err": 0.015810448942787988,
    "kQTSTP": 2.6932213983244693e-06,
    "kQTSTP_rel_err": 0.01883563157652364,
    "kQTSTP_err": 5.072852601284953e-08,
    "1/Keq": 2.0786445430875324,
    "1/Keq_err": 0.05155522326702486
}