{
    "P": 3.8071540805032296,
    "P_rel_err": 0.012471364994150639,
    "ratio": 0.000422737590886244,
    "ratio_rel_err": 0.00149936843547342,
    "kQTST": 5.312355046327355e-05,
    "kQTST_rel_err": 0.012561172338703899,
    "kQTST_err": 6.672940726130124e-07,
    "UNITS": "eVAamu",
    "PP": 3.811454621536654,
    "PP_rel_err": 0.013471296791707622,
    "ratioP": 0.000541268515140687,
    "ratioP_rel_err": 0.0014750134263631586,
    "kQTSTP": 6.80956375385181e-05,
    "kQTSTP_rel_err": 0.013551808066019223,
    "kQTSTP_err": 9.22819010055211e-07,
    "1/Keq": 1.2818352114020573,
    "1/Keq_err": 0.023685684037127362
}