{
    "P": 5.093967570277305,
    "P_rel_err": 0.010793575752927512,
    "ratio": 2.2681217614913738e-05,
    "ratio_rel_err": 0.00935719184158812,
    "kQTST": 3.565952122556134e-06,
    "kQTST_rel_err": 0.014284898203853886,
    "kQTST_err": 5.093926307053107e-08,
    "UNITS": "eVAamu",
    "PP": 5.023120909512046,
    "PP_rel_err": 0.011078390527583517,
    "ratioP": 3.882472425485408e-05,
    "ratioP_rel_err": 0.008821932446547054,
    "kQTSTP": 6.0191473991536215e-06,
    "kQTSTP_rel_err": 0.014161822932556805,
    "kQTSTP_err": 8.52420996717734e-08,
    "1/Keq": 1.6879495832487499,
    "1/Keq_err": 0.03395320322788963
}