{
    "P": 4.276008232583319,
    "P_rel_err": 0.012703569923434471,
    "ratio": 6.586854866650433e-05,
    "ratio_rel_err": 0.004857873928756404,
    "kQTST": 1.0390120246934469e-05,
    "kQTST_rel_err": 0.013600721595094874,
    "kQTST_err": 1.4131313281811412e-07,
    "UNITS": "eVAamu",
    "PP": 4.226834888878381,
    "PP_rel_err": 0.011676406022932694,
    "ratioP": 9.549651836003982e-05,
    "ratioP_rel_err": 0.004485234689487928,
    "kQTSTP": 1.4890413854347691e-05,
    "kQTSTP_rel_err": 0.01250822880475748,
    "kQTSTP_err": 1.8625270348771165e-07,
    "1/Keq": 1.433132004294272,
    "1/Keq_err": 0.026481371748799384
}