{
    "P": 5.925355693896291,
    "P_rel_err": 0.010380480405024574,
    "ratio": 1.584620747799615e-05,
    "ratio_rel_err": 0.016711839230320626,
    "kQTST": 2.449225162489712e-06,
    "kQTST_rel_err": 0.019673330777963925,
    "kQTST_err": 4.8184416771372547e-08,
    "UNITS": "eVAamu",
    "PP": 5.877486893796536,
    "PP_rel_err": 0.010270379691005402,
    "ratioP": 3.3411890345030174e-05,
    "ratioP_rel_err": 0.014943261143384163,
    "kQTSTP": 5.122496444555856e-06,
    "kQTSTP_rel_err": 0.018132339964736795,
    "kQTSTP_err": 9.288284700084228e-08,
    "1/Keq": 2.091476326067417,
    "1/Keq_err": 0.05595712357749628
}