{
    "P": 3.5383176619727545,
    "P_rel_err": 0.011649615450108156,
    "ratio": 0.0006297486915141898,
    "ratio_rel_err": 0.002308891860003909,
    "kQTST": 0.0001006731529349452,
    "kQTST_rel_err": 0.01187621664321559,
    "kQTST_err": 1.1956161744109847e-06,
    "UNITS": "eVAamu",
    "PP": 3.6044106340706543,
    "PP_rel_err": 0.012651793008030343,
    "ratioP": 0.0008143613723880105,
    "ratioP_rel_err": 0.002293415249970735,
    "kQTSTP": 0.00013261755112899384,
    "kQTSTP_rel_err": 0.012857978839103905,
    "kQTSTP_err": 1.7051936661103829e-06,
    "1/Keq": 1.317308013733225,
    "1/Keq_err": 0.023057486870249572
}