{
    "P": 3.4634676125352017,
    "P_rel_err": 0.012662994026808313,
    "ratio": 0.0009539643550272387,
    "ratio_rel_err": 0.002147907129402549,
    "kQTST": 0.0001541726070616937,
    "kQTST_rel_err": 0.012843867126357284,
    "kQTST_err": 1.9801724796244864e-06,
    "UNITS": "eVAamu",
    "PP": 3.4161199701413185,
    "PP_rel_err": 0.011911119981825325,
    "ratioP": 0.001212773984032568,
    "ratioP_rel_err": 0.0018492330253355278,
    "kQTSTP": 0.00019332006134527855,
    "kQTSTP_rel_err": 0.012053814417163976,
    "kQTSTP_err": 2.330244142570743e-06,
    "1/Keq": 1.2539196490847406,
    "1/Keq_err": 0.022086767390134026
}