{
    "P": 3.2171360542408154,
    "P_rel_err": 0.01447345208801804,
    "ratio": 0.0032970088128525597,
    "ratio_rel_err": 0.0007082882393703416,
    "kQTST": 0.00041518014363587584,
    "kQTST_rel_err": 0.014490772497495918,
    "kQTST_err": 6.016281006905155e-06,
    "UNITS": "eVAamu",
    "PP": 3.226481450775954,
    "PP_rel_err": 0.012623065371533168,
    "ratioP": 0.003938720503031003,
    "ratioP_rel_err": 0.0007088051229046931,
    "kQTSTP": 0.0004974293143926939,
    "kQTSTP_rel_err": 0.012642949975233459,
    "kQTSTP_err": 6.288973938081506e-06,
    "1/Keq": 1.1981047793772932,
    "1/Keq_err": 0.023040606936859453
}