{
    "P": 3.487052640949289,
    "P_rel_err": 0.012887388710367953,
    "ratio": 0.0008800312164987904,
    "ratio_rel_err": 0.0021416940062260297,
    "kQTST": 0.00014319258171092248,
    "kQTST_rel_err": 0.013064135677052037,
    "kQTST_err": 1.8706873154188514e-06,
    "UNITS": "eVAamu",
    "PP": 3.4519726119777396,
    "PP_rel_err": 0.011735650537728522,
    "ratioP": 0.001119388059564087,
    "ratioP_rel_err": 0.0020992307375956145,
    "kQTSTP": 0.00018030673505831525,
    "kQTSTP_rel_err": 0.01192192363812795,
    "kQTSTP_err": 2.1496031268054024e-06,
    "1/Keq": 1.2591904755395702,
    "1/Keq_err": 0.022270374106748442
}