{
    "P": 6.704474016465092,
    "P_rel_err": 0.010100545217690125,
    "ratio": 2.5589429975801966e-08,
    "ratio_rel_err": 0.014982756975406991,
    "kQTST": 3.1656733913890868e-09,
    "kQTST_rel_err": 0.018069422245293558,
    "kQTST_err": 5.720188919969987e-11,
    "UNITS": "eVAamu",
    "PP": 6.506907996930871,
    "PP_rel_err": 0.008841994964097875,
    "ratioP": 5.689306172926341e-08,
    "ratioP_rel_err": 0.01122931578134883,
    "kQTSTP": 6.830850090614574e-09,
    "kQTSTP_rel_err": 0.014292599758699677,
    "kQTSTP_err": 9.763060635683153e-11,
    "1/Keq": 2.1577873792018765,
    "1/Keq_err": 0.04971265029995747
}