{
    "P": 5.932216682601832,
    "P_rel_err": 0.009110972730398865,
    "ratio": 9.139978317681115e-06,
    "ratio_rel_err": 0.016583968564250897,
    "kQTST": 1.414331194226461e-06,
    "kQTST_rel_err": 0.01892188778727254,
    "kQTST_err": 2.676181615119226e-08,
    "UNITS": "eVAamu",
    "PP": 5.969773240842589,
    "PP_rel_err": 0.00992424769749785,
    "ratioP": 1.906082768490526e-05,
    "ratioP_rel_err": 0.01541786932463907,
    "kQTSTP": 2.9681684129888966e-06,
    "kQTSTP_rel_err": 0.018335795234266164,
    "kQTSTP_err": 5.4423728241381173e-08,
    "1/Keq": 2.098637451472089,
    "1/Keq_err": 0.055295780513679504
}