{
    "P": 4.338377297151893,
    "P_rel_err": 0.01139268246195623,
    "ratio": 6.406948678635645e-05,
    "ratio_rel_err": 0.002249430551839254,
    "kQTST": 8.109411720069096e-06,
    "kQTST_rel_err": 0.011612628965333943,
    "kQTST_err": 9.417158943229294e-08,
    "UNITS": "eVAamu",
    "PP": 4.273561953382048,
    "PP_rel_err": 0.012195046714557761,
    "ratioP": 8.781987005412909e-05,
    "ratioP_rel_err": 0.0019039290581348844,
    "kQTSTP": 1.0949482173164222e-05,
    "kQTSTP_rel_err": 0.012342775629033222,
    "kQTSTP_err": 1.3514700171746509e-07,
    "1/Keq": 1.3502190480804603,
    "1/Keq_err": 0.02288202089589601
}