{
    "P": 3.3243300678008363,
    "P_rel_err": 0.012661538376062568,
    "ratio": 0.0014706854765154742,
    "ratio_rel_err": 0.0016880059641790986,
    "kQTST": 0.00023858707471731235,
    "kQTST_rel_err": 0.012773563253204227,
    "kQTST_err": 3.0476070902985524e-06,
    "UNITS": "eVAamu",
    "PP": 3.2519322899812755,
    "PP_rel_err": 0.012218660692368035,
    "ratioP": 0.0018321637674724744,
    "ratioP_rel_err": 0.002076739062204642,
    "kQTSTP": 0.00029075604701443903,
    "kQTSTP_rel_err": 0.012393890198307646,
    "kQTSTP_err": 3.603598521190933e-06,
    "1/Keq": 1.2186579987995518,
    "1/Keq_err": 0.02168979928457463
}