{
    "P": 5.260917735885673,
    "P_rel_err": 0.011372965578403954,
    "ratio": 9.641497007940973e-07,
    "ratio_rel_err": 0.005919482552003406,
    "kQTST": 1.1838774683237984e-07,
    "kQTST_rel_err": 0.01282125655819405,
    "kQTST_err": 1.517879675484467e-09,
    "UNITS": "eVAamu",
    "PP": 5.180678726583976,
    "PP_rel_err": 0.010334806680646746,
    "ratioP": 1.5840115280762265e-06,
    "ratioP_rel_err": 0.005120474175751817,
    "kQTSTP": 1.915339531204646e-07,
    "kQTSTP_rel_err": 0.011533754155125808,
    "kQTSTP_err": 2.2091055276508304e-09,
    "1/Keq": 1.617852845798724,
    "1/Keq_err": 0.027900908015810504
}