{
    "P": 4.510744520417615,
    "P_rel_err": 0.011080117785231103,
    "ratio": 4.2508013302590854e-05,
    "ratio_rel_err": 0.006545468429358949,
    "kQTST": 6.710335578649672e-06,
    "kQTST_rel_err": 0.012869039089781696,
    "kQTST_err": 8.63555708671955e-08,
    "UNITS": "eVAamu",
    "PP": 4.507883265972902,
    "PP_rel_err": 0.011542972162481006,
    "ratioP": 6.488260790417849e-05,
    "ratioP_rel_err": 0.006797541823269584,
    "kQTSTP": 1.0235902968021196e-05,
    "kQTSTP_rel_err": 0.013395774751126216,
    "kQTSTP_err": 1.3711785053399623e-07,
    "1/Keq": 1.5253936033525433,
    "1/Keq_err": 0.02833534912330488
}