{
    "P": 6.618245239842798,
    "P_rel_err": 0.009166089021314012,
    "ratio": 4.7671511736986636e-08,
    "ratio_rel_err": 0.012279196128715773,
    "kQTST": 5.821602686793298e-09,
    "kQTST_rel_err": 0.015323049484816059,
    "kQTST_err": 8.920470605067183e-11,
    "UNITS": "eVAamu",
    "PP": 6.560857974418753,
    "PP_rel_err": 0.009231903592378757,
    "ratioP": 1.0352576600695709e-07,
    "ratioP_rel_err": 0.01546612249588797,
    "kQTSTP": 1.253285084841813e-08,
    "kQTSTP_rel_err": 0.01801191241919602,
    "kQTSTP_err": 2.2574061184455387e-10,
    "1/Keq": 2.152817964862108,
    "1/Keq_err": 0.05090969951595146
}