{
    "P": 6.016975766279339,
    "P_rel_err": 0.010782591674087417,
    "ratio": 2.0865289871067932e-05,
    "ratio_rel_err": 0.012403874741815845,
    "kQTST": 3.2748516680286075e-06,
    "kQTST_rel_err": 0.016435339723314405,
    "kQTST_err": 5.382329970751301e-08,
    "UNITS": "eVAamu",
    "PP": 5.862182031613605,
    "PP_rel_err": 0.008837677924251367,
    "ratioP": 4.454121882917023e-05,
    "ratioP_rel_err": 0.01343716565569326,
    "kQTSTP": 6.810991616810476e-06,
    "kQTSTP_rel_err": 0.01608297149009916,
    "kQTSTP_err": 1.0954098399246727e-07,
    "1/Keq": 2.0797862948432564,
    "1/Keq_err": 0.047825243837731145
}