{
    "P": 3.733161436294099,
    "P_rel_err": 0.010732085332089534,
    "ratio": 0.0004144571083047078,
    "ratio_rel_err": 0.0014639549013522473,
    "kQTST": 5.1070738122324035e-05,
    "kQTST_rel_err": 0.010831473562191092,
    "kQTST_err": 5.531713497735375e-07,
    "UNITS": "eVAamu",
    "PP": 3.8335028606411754,
    "PP_rel_err": 0.011583992161294097,
    "ratioP": 0.0005313858591059198,
    "ratioP_rel_err": 0.0014911631308836939,
    "kQTSTP": 6.723904801909823e-05,
    "kQTSTP_rel_err": 0.011679573702658413,
    "kQTSTP_err": 7.85323417035646e-07,
    "1/Keq": 1.3165865717085985,
    "1/Keq_err": 0.020971916609329514
}