{
    "P": 3.3983570091862902,
    "P_rel_err": 0.01134420568829729,
    "ratio": 0.001742764531282833,
    "ratio_rel_err": 0.00090932769965725,
    "kQTST": 0.00021856393015738028,
    "kQTST_rel_err": 0.011380592232558048,
    "kQTST_err": 2.4873869658664416e-06,
    "UNITS": "eVAamu",
    "PP": 3.407209282253211,
    "PP_rel_err": 0.015002011301725822,
    "ratioP": 0.0021280148594289175,
    "ratioP_rel_err": 0.0008761323304021393,
    "kQTSTP": 0.00026757420527179465,
    "kQTSTP_rel_err": 0.015027573022863179,
    "kQTSTP_err": 4.0209909087564756e-06,
    "1/Keq": 1.2242377096674817,
    "1/Keq_err": 0.023077638430284094
}