{
    "P": 2.7722300815295204,
    "P_rel_err": 0.014875692675064651,
    "ratio": 0.008169532792695866,
    "ratio_rel_err": 0.0009337015949545943,
    "kQTST": 0.0013209927775871242,
    "kQTST_rel_err": 0.014904966663209713,
    "kQTST_err": 1.968935331227689e-05,
    "UNITS": "eVAamu",
    "PP": 2.747182617375545,
    "PP_rel_err": 0.01407153306041068,
    "ratioP": 0.009560451920692985,
    "ratioP_rel_err": 0.001220800736907157,
    "kQTSTP": 0.0015319334623264843,
    "kQTSTP_rel_err": 0.014124390150001657,
    "kQTSTP_err": 2.163762590574213e-05,
    "1/Keq": 1.1596834504460019,
    "1/Keq_err": 0.02381325827913744
}