{
    "P": 3.6753679227717106,
    "P_rel_err": 0.012916698669295972,
    "ratio": 0.000766690338466061,
    "ratio_rel_err": 0.0012210193442427214,
    "kQTST": 9.727374030813351e-05,
    "kQTST_rel_err": 0.012974281974444954,
    "kQTST_err": 1.2620569354666562e-06,
    "UNITS": "eVAamu",
    "PP": 3.5678328686481393,
    "PP_rel_err": 0.012802556178711972,
    "ratioP": 0.0009624398539588681,
    "ratioP_rel_err": 0.0014584974796979391,
    "kQTSTP": 0.00011853671975794223,
    "kQTSTP_rel_err": 0.01288536610296197,
    "kQTSTP_err": 1.5273890307252912e-06,
    "1/Keq": 1.2185891010508498,
    "1/Keq_err": 0.02228268234780369
}