{
    "P": 3.5022168840127206,
    "P_rel_err": 0.012788937315721196,
    "ratio": 0.0009082630223313896,
    "ratio_rel_err": 0.0018434335137556652,
    "kQTST": 0.00014842894778882386,
    "kQTST_rel_err": 0.012921113140325164,
    "kQTST_err": 1.9178672276788098e-06,
    "UNITS": "eVAamu",
    "PP": 3.3888110240605402,
    "PP_rel_err": 0.013083513181407845,
    "ratioP": 0.0011525883908910374,
    "ratioP_rel_err": 0.0024477776269793924,
    "kQTSTP": 0.00018225755093681655,
    "kQTSTP_rel_err": 0.013310519617175495,
    "kQTSTP_err": 2.4259427071228587e-06,
    "1/Keq": 1.2279110891234106,
    "1/Keq_err": 0.022778498600163392
}