{
    "P": 5.681533598094693,
    "P_rel_err": 0.009648791732548094,
    "ratio": 2.7976258870789993e-07,
    "ratio_rel_err": 0.006237235859239975,
    "kQTST": 3.470244041027443e-08,
    "kQTST_rel_err": 0.011489225085351816,
    "kQTST_err": 3.9870414888465154e-10,
    "UNITS": "eVAamu",
    "PP": 5.48378355904517,
    "PP_rel_err": 0.008812026501437795,
    "ratioP": 4.80602197924652e-07,
    "ratioP_rel_err": 0.00685600535712767,
    "kQTSTP": 5.754013251417363e-08,
    "kQTSTP_rel_err": 0.011164972929613637,
    "kQTSTP_err": 6.4243402188713e-10,
    "1/Keq": 1.6581004630768734,
    "1/Keq_err": 0.026563727496626388
}