{
    "P": 5.9956322421812605,
    "P_rel_err": 0.009558822066530652,
    "ratio": 2.155014245514613e-05,
    "ratio_rel_err": 0.012527138747902507,
    "kQTST": 3.3703428395801064e-06,
    "kQTST_rel_err": 0.015757546906444344,
    "kQTST_err": 5.310833538548235e-08,
    "UNITS": "eVAamu",
    "PP": 5.828599516863202,
    "PP_rel_err": 0.010814600055590186,
    "ratioP": 4.593603712156318e-05,
    "ratioP_rel_err": 0.016385802939007866,
    "kQTSTP": 6.9840395637447105e-06,
    "kQTSTP_rel_err": 0.019632883443813597,
    "kQTSTP_err": 1.3711683472198267e-07,
    "1/Keq": 2.072204489622431,
    "1/Keq_err": 0.05216650394079538
}