{
    "P": 3.3213021127615447,
    "P_rel_err": 0.011874865385050533,
    "ratio": 0.0015368046515992677,
    "ratio_rel_err": 0.0017343684082714596,
    "kQTST": 0.00024908640186290567,
    "kQTST_rel_err": 0.012000852540077368,
    "kQTST_err": 2.9892491784951835e-06,
    "UNITS": "eVAamu",
    "PP": 3.3088581339702263,
    "PP_rel_err": 0.014326195762648023,
    "ratioP": 0.0019213069435162055,
    "ratioP_rel_err": 0.001827371179210959,
    "kQTSTP": 0.00031024005637665127,
    "kQTSTP_rel_err": 0.014442270266697166,
    "kQTSTP_err": 4.480570741746963e-06,
    "1/Keq": 1.2455118146007982,
    "1/Keq_err": 0.023387768098389234
}