{
    "P": 4.38818959697147,
    "P_rel_err": 0.011205725033903404,
    "ratio": 6.0947707807539824e-05,
    "ratio_rel_err": 0.0017888919149587881,
    "kQTST": 7.802855184091122e-06,
    "kQTST_rel_err": 0.011347616834333735,
    "kQTST_err": 8.854381084286068e-08,
    "UNITS": "eVAamu",
    "PP": 4.250672275720838,
    "PP_rel_err": 0.012881763860942088,
    "ratioP": 8.356088325691907e-05,
    "ratioP_rel_err": 0.0018559446300226111,
    "kQTSTP": 1.0362664333988415e-05,
    "kQTSTP_rel_err": 0.013014775089827076,
    "kQTSTP_err": 1.348677456382319e-07,
    "1/Keq": 1.3280605739186815,
    "1/Keq_err": 0.022931756122173144
}