{
    "P": 3.90796772044695,
    "P_rel_err": 0.01181685645622244,
    "ratio": 0.00026049303895993856,
    "ratio_rel_err": 0.0014181066174966672,
    "kQTST": 3.253482683858976e-05,
    "kQTST_rel_err": 0.011901643705201135,
    "kQTST_err": 3.8721791704331076e-07,
    "UNITS": "eVAamu",
    "PP": 3.931492975220463,
    "PP_rel_err": 0.012231107469056752,
    "ratioP": 0.0003383336590176206,
    "ratioP_rel_err": 0.0011610959917122958,
    "kQTSTP": 4.251127387590137e-05,
    "kQTSTP_rel_err": 0.012286095141320785,
    "kQTSTP_err": 5.222975554180691e-07,
    "1/Keq": 1.306639008309658,
    "1/Keq_err": 0.022350680192926606
}