{
    "P": 2.819986090730938,
    "P_rel_err": 0.016128308207287567,
    "ratio": 0.008156747771748985,
    "ratio_rel_err": 0.001082053147904385,
    "kQTST": 0.0013416460310016962,
    "kQTST_rel_err": 0.016164565092947884,
    "kQTST_err": 2.1687124599822092e-05,
    "UNITS": "eVAamu",
    "PP": 2.7452147787720644,
    "PP_rel_err": 0.014087904528653904,
    "ratioP": 0.009556647430938004,
    "ratioP_rel_err": 0.0009940735479070737,
    "kQTSTP": 0.001530226939224145,
    "kQTSTP_rel_err": 0.014122932989542779,
    "kQTSTP_err": 2.161129252145575e-05,
    "1/Keq": 1.140559360565209,
    "1/Keq_err": 0.02448221761835397
}