{
    "P": 3.012189121622494,
    "P_rel_err": 0.012582541311663467,
    "ratio": 0.005068819474358384,
    "ratio_rel_err": 0.001165086276883433,
    "kQTST": 0.0008448590599130279,
    "kQTST_rel_err": 0.01263636703694143,
    "kQTST_err": 1.067594917554631e-05,
    "UNITS": "eVAamu",
    "PP": 2.9600528135239084,
    "PP_rel_err": 0.012675806809892623,
    "ratioP": 0.006008872695246603,
    "ratioP_rel_err": 0.0010439050573936121,
    "kQTSTP": 0.0009842097628163723,
    "kQTSTP_rel_err": 0.012718719119886725,
    "kQTSTP_err": 1.2517887528311775e-05,
    "1/Keq": 1.1649395852104487,
    "1/Keq_err": 0.020886024665866008
}