{
    "P": 4.964476532133287,
    "P_rel_err": 0.01027603521414211,
    "ratio": 1.883522566222101e-05,
    "ratio_rel_err": 0.007382791485915519,
    "kQTST": 2.8860061786646076e-06,
    "kQTST_rel_err": 0.012653162049337523,
    "kQTST_err": 3.651710385403262e-08,
    "UNITS": "eVAamu",
    "PP": 5.038150265163383,
    "PP_rel_err": 0.010280055916007677,
    "ratioP": 3.195721100236792e-05,
    "ratioP_rel_err": 0.008469915415152284,
    "kQTSTP": 4.96927410698246e-06,
    "kQTSTP_rel_err": 0.01331987300149963,
    "kQTSTP_err": 6.619010001464685e-08,
    "1/Keq": 1.721851513596484,
    "1/Keq_err": 0.03163344094170856
}