{
    "P": 3.6619360591205345,
    "P_rel_err": 0.011711032957877659,
    "ratio": 0.0007491941554442211,
    "ratio_rel_err": 0.0013994004610511435,
    "kQTST": 9.470653376786287e-05,
    "kQTST_rel_err": 0.011794346721666567,
    "kQTST_err": 1.1170016960653976e-06,
    "UNITS": "eVAamu",
    "PP": 3.6631458391056,
    "PP_rel_err": 0.012203926994548702,
    "ratioP": 0.0009397917992653528,
    "ratioP_rel_err": 0.0011781320961166922,
    "kQTSTP": 0.00011883945861058406,
    "kQTSTP_rel_err": 0.012260661863218267,
    "kQTSTP_err": 1.4570504180322937e-06,
    "1/Keq": 1.2548179505954034,
    "1/Keq_err": 0.021347785388963716
}