{
    "P": 4.500006273212607,
    "P_rel_err": 0.014263243678809368,
    "ratio": 4.3080384103103864e-05,
    "ratio_rel_err": 0.005513665071614807,
    "kQTST": 6.784500634266602e-06,
    "kQTST_rel_err": 0.0152918482454882,
    "kQTST_err": 1.0374755412062332e-07,
    "UNITS": "eVAamu",
    "PP": 4.4947685175292555,
    "PP_rel_err": 0.011531873672542136,
    "ratioP": 6.579909815219012e-05,
    "ratioP_rel_err": 0.00436844765181769,
    "kQTSTP": 1.0350288918476836e-05,
    "kQTSTP_rel_err": 0.012331562970124344,
    "kQTSTP_err": 1.276352395571773e-07,
    "1/Keq": 1.525578591031511,
    "1/Keq_err": 0.02996929416811867
}