{
    "P": 3.8547945015578136,
    "P_rel_err": 0.013554947089830351,
    "ratio": 0.00042336483373883613,
    "ratio_rel_err": 0.0011911797648844634,
    "kQTST": 5.386811556614699e-05,
    "kQTST_rel_err": 0.013607185595867006,
    "kQTST_err": 7.329934462081746e-07,
    "UNITS": "eVAamu",
    "PP": 3.816678377309639,
    "PP_rel_err": 0.012721517746650564,
    "ratioP": 0.0005418245502235595,
    "ratioP_rel_err": 0.0013537832044176693,
    "kQTSTP": 6.825901467503315e-05,
    "kQTSTP_rel_err": 0.012793347597204909,
    "kQTSTP_err": 8.732613013804099e-07,
    "1/Keq": 1.267150594700402,
    "1/Keq_err": 0.023666399111321568
}