{
    "P": 3.9282159462761257,
    "P_rel_err": 0.012608834680344414,
    "ratio": 0.0001904463396136632,
    "ratio_rel_err": 0.003221446096928803,
    "kQTST": 3.085509851649114e-05,
    "kQTST_rel_err": 0.013013855191743676,
    "kQTST_err": 4.0154378402060084e-07,
    "UNITS": "eVAamu",
    "PP": 3.8795519136224335,
    "PP_rel_err": 0.010771138826154198,
    "ratioP": 0.000257176994299286,
    "ratioP_rel_err": 0.002491982773600271,
    "kQTSTP": 4.115026507900878e-05,
    "kQTSTP_rel_err": 0.011055650580413934,
    "kQTSTP_err": 4.5494295200493067e-07,
    "1/Keq": 1.3336617628044576,
    "1/Keq_err": 0.022773532530680114
}