{
    "P": 5.172857602335322,
    "P_rel_err": 0.011755989241608892,
    "ratio": 6.80860448162414e-06,
    "ratio_rel_err": 0.008444229774520964,
    "kQTST": 1.0870301662696746e-06,
    "kQTST_rel_err": 0.01447440152592605,
    "kQTST_err": 1.5734111097381425e-08,
    "UNITS": "eVAamu",
    "PP": 5.124842351092392,
    "PP_rel_err": 0.010526206647693223,
    "ratioP": 1.1662167760862095e-05,
    "ratioP_rel_err": 0.008335394169878815,
    "kQTSTP": 1.8446448404839947e-06,
    "kQTSTP_rel_err": 0.013426832178782556,
    "kQTSTP_err": 2.4767736702635716e-08,
    "1/Keq": 1.6969582792851106,
    "1/Keq_err": 0.033503136392784724
}