{
    "P": 4.8598370171204115,
    "P_rel_err": 0.010951616819140666,
    "ratio": 1.1066929132841078e-05,
    "ratio_rel_err": 0.006169885768365587,
    "kQTST": 1.7745889536907562e-06,
    "kQTST_rel_err": 0.012570019942226222,
    "kQTST_err": 2.230661853714717e-08,
    "UNITS": "eVAamu",
    "PP": 4.710843554436335,
    "PP_rel_err": 0.0105518349010341,
    "ratioP": 1.8026785853151e-05,
    "ratioP_rel_err": 0.00594058612732209,
    "kQTSTP": 2.8019857450144604e-06,
    "kQTSTP_rel_err": 0.012109161131755286,
    "kQTSTP_err": 3.392969687526148e-08,
    "1/Keq": 1.5789491640793458,
    "1/Keq_err": 0.027558755656033898
}