{
    "P": 2.540779582684345,
    "P_rel_err": 0.016491105470379876,
    "ratio": 0.0162529380204492,
    "ratio_rel_err": 0.0007833264117745199,
    "kQTST": 0.0026385385519993327,
    "kQTST_rel_err": 0.016509698964626115,
    "kQTST_err": 4.356147720006947e-05,
    "UNITS": "eVAamu",
    "PP": 2.501122965301421,
    "PP_rel_err": 0.015651376136447855,
    "ratioP": 0.018531818037865296,
    "ratioP_rel_err": 0.0005966075049432895,
    "kQTSTP": 0.0029615402892488067,
    "kQTSTP_rel_err": 0.015662742910471462,
    "kQTSTP_err": 4.638584416950735e-05,
    "1/Keq": 1.12241691030238,
    "1/Keq_err": 0.02554310368271857
}