{
    "P": 2.5247294909800453,
    "P_rel_err": 0.01582171546295107,
    "ratio": 0.016539412024894184,
    "ratio_rel_err": 0.0006668563894439751,
    "kQTST": 0.002668083968826062,
    "kQTST_rel_err": 0.015835762616139688,
    "kQTST_err": 4.225114437025736e-05,
    "UNITS": "eVAamu",
    "PP": 2.488950394077968,
    "PP_rel_err": 0.016293316767382774,
    "ratioP": 0.018868281365488546,
    "ratioP_rel_err": 0.000912126901697251,
    "kQTSTP": 0.0030006349188400156,
    "kQTSTP_rel_err": 0.016318827983868096,
    "kQTSTP_err": 4.896684508293822e-05,
    "1/Keq": 1.1246403613602438,
    "1/Keq_err": 0.02557352863193697
}