{
    "P": 3.087518643754109,
    "P_rel_err": 0.012541583567052211,
    "ratio": 0.005616434137678139,
    "ratio_rel_err": 0.0006415841878839001,
    "kQTST": 0.0007154776031019979,
    "kQTST_rel_err": 0.01255798346230384,
    "kQTST_err": 8.984955907403679e-06,
    "UNITS": "eVAamu",
    "PP": 2.964073952097219,
    "PP_rel_err": 0.016429150046442242,
    "ratioP": 0.006596563008034662,
    "ratioP_rel_err": 0.0005342732335304717,
    "kQTSTP": 0.0008067380372249993,
    "kQTSTP_rel_err": 0.016437834989334217,
    "kQTSTP_err": 1.3261026735523904e-05,
    "1/Keq": 1.127551769234056,
    "1/Keq_err": 0.023324393408016477
}