{
    "P": 4.618952541884581,
    "P_rel_err": 0.0114737332182321,
    "ratio": 2.226340027319869e-05,
    "ratio_rel_err": 0.004829081220999289,
    "kQTST": 3.5988205854328167e-06,
    "kQTST_rel_err": 0.012448557322122541,
    "kQTST_err": 4.480012434979502e-08,
    "UNITS": "eVAamu",
    "PP": 4.542046792438303,
    "PP_rel_err": 0.01027930612236227,
    "ratioP": 3.366459756236933e-05,
    "ratioP_rel_err": 0.004546834966251392,
    "kQTSTP": 5.351188289946857e-06,
    "kQTSTP_rel_err": 0.01124001079036674,
    "kQTSTP_err": 6.014741412028683e-08,
    "1/Keq": 1.4869283319116309,
    "1/Keq_err": 0.02493895870703195
}