{
    "P": 6.675083007614962,
    "P_rel_err": 0.008587874706831785,
    "ratio": 9.714746786243796e-09,
    "ratio_rel_err": 0.014520700228045162,
    "kQTST": 1.1965447292808095e-09,
    "kQTST_rel_err": 0.016870160849647875,
    "kQTST_err": 2.0185902046765628e-11,
    "UNITS": "eVAamu",
    "PP": 6.5008427012266345,
    "PP_rel_err": 0.009618440909950374,
    "ratioP": 2.035356443027345e-08,
    "ratioP_rel_err": 0.012397356301349248,
    "kQTSTP": 2.4414673235801302e-09,
    "kQTSTP_rel_err": 0.015691043585460175,
    "kQTSTP_err": 3.8309170186772626e-11,
    "1/Keq": 2.0404313051026426,
    "1/Keq_err": 0.04701019006495957
}