{
    "P": 2.9552051130374246,
    "P_rel_err": 0.013300009133209431,
    "ratio": 0.0055754673905252005,
    "ratio_rel_err": 0.0005618080131301248,
    "kQTST": 0.0006798211844558751,
    "kQTST_rel_err": 0.013311869560173413,
    "kQTST_err": 9.0496909317192e-06,
    "UNITS": "eVAamu",
    "PP": 2.960093030361798,
    "PP_rel_err": 0.013796066682849361,
    "ratioP": 0.006553791570678685,
    "ratioP_rel_err": 0.000705781664593423,
    "kQTSTP": 0.0008004307603166069,
    "kQTSTP_rel_err": 0.013814108138989735,
    "kQTSTP_err": 1.1057237080787381e-05,
    "1/Keq": 1.1774136767409902,
    "1/Keq_err": 0.02258779853669826
}