{
    "P": 2.903677857075938,
    "P_rel_err": 0.012466843960465102,
    "ratio": 0.005191571482759928,
    "ratio_rel_err": 0.001169206870254628,
    "kQTST": 0.0008341467781055883,
    "kQTST_rel_err": 0.012521551143529935,
    "kQTST_err": 1.0444811543259841e-05,
    "UNITS": "eVAamu",
    "PP": 2.908137176396481,
    "PP_rel_err": 0.013292855340192462,
    "ratioP": 0.006174652263658707,
    "ratioP_rel_err": 0.0011921428526552593,
    "kQTSTP": 0.0009936252026890226,
    "kQTSTP_rel_err": 0.013346205740824629,
    "kQTSTP_err": 1.3261126384356269e-05,
    "1/Keq": 1.1911874849479394,
    "1/Keq_err": 0.021799396555574738
}