{
    "P": 3.5778175296355603,
    "P_rel_err": 0.01141418688224902,
    "ratio": 0.0006630872472511545,
    "ratio_rel_err": 0.002665163740122634,
    "kQTST": 0.00010718609259409705,
    "kQTST_rel_err": 0.011721209832801819,
    "kQTST_err": 1.2563506824535366e-06,
    "UNITS": "eVAamu",
    "PP": 3.5883317001556394,
    "PP_rel_err": 0.012152315200072357,
    "ratioP": 0.0008551277473955654,
    "ratioP_rel_err": 0.0022862148897819876,
    "kQTSTP": 0.0001386350861865002,
    "kQTSTP_rel_err": 0.012365498099315309,
    "kQTSTP_err": 1.7142918947375822e-06,
    "1/Keq": 1.2934055419997195,
    "1/Keq_err": 0.0220370003233512
}