{
    "P": 6.074781983171338,
    "P_rel_err": 0.009704052470027908,
    "ratio": 8.341260543983097e-08,
    "ratio_rel_err": 0.010182875941856554,
    "kQTST": 1.0242212643679375e-08,
    "kQTST_rel_err": 0.01406625738383511,
    "kQTST_err": 1.4406959922596432e-10,
    "UNITS": "eVAamu",
    "PP": 5.900469022227814,
    "PP_rel_err": 0.010800923287919305,
    "ratioP": 1.6071340555818185e-07,
    "ratioP_rel_err": 0.008109627706381692,
    "kQTSTP": 1.9167701778189478e-08,
    "kQTSTP_rel_err": 0.013506517145720105,
    "kQTSTP_err": 2.588888927111659e-10,
    "1/Keq": 1.8714414985338308,
    "1/Keq_err": 0.036494817576984445
}