{
    "P": 2.639136758457866,
    "P_rel_err": 0.016438262779855314,
    "ratio": 0.01267242446523451,
    "ratio_rel_err": 0.00037309524502136295,
    "kQTST": 0.001511603936525807,
    "kQTST_rel_err": 0.016442496260648327,
    "kQTST_err": 2.4854542073906873e-05,
    "UNITS": "eVAamu",
    "PP": 2.667916209857582,
    "PP_rel_err": 0.017870556728506473,
    "ratioP": 0.014475808451127357,
    "ratioP_rel_err": 0.00043961844047714767,
    "kQTSTP": 0.0017455464928290657,
    "kQTSTP_rel_err": 0.017875963251248184,
    "kQTSTP_err": 3.120332495915753e-05,
    "1/Keq": 1.1547644529432362,
    "1/Keq_err": 0.02804689054054666
}