{
    "P": 3.942521846368783,
    "P_rel_err": 0.011062216605489686,
    "ratio": 0.00026857647150187555,
    "ratio_rel_err": 0.0012134229017662064,
    "kQTST": 3.384102290244253e-05,
    "kQTST_rel_err": 0.011128568253162779,
    "kQTST_err": 3.766021331266765e-07,
    "UNITS": "eVAamu",
    "PP": 3.922846696936517,
    "PP_rel_err": 0.011582046479082288,
    "ratioP": 0.00034931546358962713,
    "ratioP_rel_err": 0.0014516261333864242,
    "kQTSTP": 4.3794599331686426e-05,
    "kQTSTP_rel_err": 0.011672661182213455,
    "kQTSTP_err": 5.111995196095675e-07,
    "1/Keq": 1.2941275285306306,
    "1/Keq_err": 0.020871033458917884
}