{
    "P": 3.7138402628264346,
    "P_rel_err": 0.012649780171379164,
    "ratio": 0.00076769353693335,
    "ratio_rel_err": 0.0012200203284355223,
    "kQTST": 9.84205774727404e-05,
    "kQTST_rel_err": 0.012708477012845141,
    "kQTST_err": 1.2507756464032657e-06,
    "UNITS": "eVAamu",
    "PP": 3.5975033309717372,
    "PP_rel_err": 0.012619655680449232,
    "ratioP": 0.0009634315155950374,
    "ratioP_rel_err": 0.0012177684470325023,
    "kQTSTP": 0.00011964563466675692,
    "kQTSTP_rel_err": 0.012678275493287032,
    "kQTSTP_err": 1.5169003178743176e-06,
    "1/Keq": 1.2156567024806904,
    "1/Keq_err": 0.0218224449958148
}