{
    "P": 3.0639971160508663,
    "P_rel_err": 0.012392446727032175,
    "ratio": 0.005617801490001639,
    "ratio_rel_err": 0.0006150321726888968,
    "kQTST": 0.0007101997668861868,
    "kQTST_rel_err": 0.012407699241026634,
    "kQTST_err": 8.811945108571032e-06,
    "UNITS": "eVAamu",
    "PP": 2.9833229128432657,
    "PP_rel_err": 0.01451110889552625,
    "ratioP": 0.006595418376513442,
    "ratioP_rel_err": 0.0006944287802471063,
    "kQTSTP": 0.0008118361722717311,
    "kQTSTP_rel_err": 0.014527715329970386,
    "kQTSTP_err": 1.1794124805336507e-05,
    "1/Keq": 1.1431096011635724,
    "1/Keq_err": 0.021839243200004445
}