{
    "P": 6.070271068233913,
    "P_rel_err": 0.009396194025391769,
    "ratio": 6.040915440331062e-08,
    "ratio_rel_err": 0.008780012931574644,
    "kQTST": 7.412116669693926e-09,
    "kQTST_rel_err": 0.01285990238071137,
    "kQTST_err": 9.531909680670734e-11,
    "UNITS": "eVAamu",
    "PP": 6.102345091687952,
    "PP_rel_err": 0.008926858839350073,
    "ratioP": 1.141285153100979e-07,
    "ratioP_rel_err": 0.007295490793398111,
    "kQTSTP": 1.4077396285011595e-08,
    "kQTSTP_rel_err": 0.011528789817419656,
    "kQTSTP_err": 1.6229534294642297e-10,
    "1/Keq": 1.8992410551995405,
    "1/Keq_err": 0.032801937579759556
}