{
    "P": 3.159075882531642,
    "P_rel_err": 0.01501988863940756,
    "ratio": 0.0028867378329232285,
    "ratio_rel_err": 0.001635458027355933,
    "kQTST": 0.00047575827028403615,
    "kQTST_rel_err": 0.015108665649204342,
    "kQTST_err": 7.188072635565292e-06,
    "UNITS": "eVAamu",
    "PP": 3.1098972096253648,
    "PP_rel_err": 0.012873598273819387,
    "ratioP": 0.003511642787976444,
    "ratioP_rel_err": 0.0013015904487824776,
    "kQTSTP": 0.0005697381634350618,
    "kQTSTP_rel_err": 0.0129392298925418,
    "kQTSTP_err": 7.371973075240816e-06,
    "1/Keq": 1.1975370666597513,
    "1/Keq_err": 0.0238215212291371
}