{
    "P": 3.6299432927964235,
    "P_rel_err": 0.012905409820933019,
    "ratio": 0.0006719337424285767,
    "ratio_rel_err": 0.0027914034030482714,
    "kQTST": 0.00011019854675407514,
    "kQTST_rel_err": 0.013203845485493379,
    "kQTST_err": 1.455044584066726e-06,
    "UNITS": "eVAamu",
    "PP": 3.525165096006832,
    "PP_rel_err": 0.013874257845882304,
    "ratioP": 0.0008689382661242084,
    "ratioP_rel_err": 0.0023803545443392836,
    "kQTSTP": 0.00013839422264031403,
    "kQTSTP_rel_err": 0.014076971212969904,
    "kQTSTP_err": 1.9481714881490483e-06,
    "1/Keq": 1.25586250197257,
    "1/Keq_err": 0.02423855799064541
}