{
    "P": 2.640604685336196,
    "P_rel_err": 0.014519797040091709,
    "ratio": 0.01653154762336058,
    "ratio_rel_err": 0.0007455620390202445,
    "kQTST": 0.002789211686106229,
    "kQTST_rel_err": 0.014538925986450442,
    "kQTST_err": 4.05521422648411e-05,
    "UNITS": "eVAamu",
    "PP": 2.608893588902551,
    "PP_rel_err": 0.013760935340226677,
    "ratioP": 0.018841067851913938,
    "ratioP_rel_err": 0.0008446044734395678,
    "kQTSTP": 0.003140699990170216,
    "kQTSTP_rel_err": 0.013786830605851862,
    "kQTSTP_err": 4.330029874827737e-05,
    "1/Keq": 1.126017077088426,
    "1/Keq_err": 0.02256132131471115
}