{
    "P": 5.521247074746472,
    "P_rel_err": 0.010635841666580409,
    "ratio": 3.4151076270821075e-06,
    "ratio_rel_err": 0.012863029899421386,
    "kQTST": 5.387920128828115e-07,
    "kQTST_rel_err": 0.01669067602435493,
    "kQTST_err": 8.992802931537073e-09,
    "UNITS": "eVAamu",
    "PP": 5.483082587422399,
    "PP_rel_err": 0.009441391793474476,
    "ratioP": 6.409488603326496e-06,
    "ratioP_rel_err": 0.012583641213226835,
    "kQTSTP": 1.0042173926368413e-06,
    "kQTSTP_rel_err": 0.01573174831927806,
    "kQTSTP_err": 1.5798095278804422e-08,
    "1/Keq": 1.8638312532952506,
    "1/Keq_err": 0.04274909672479751
}