{
    "P": 3.6988067939331652,
    "P_rel_err": 0.013156211101397126,
    "ratio": 0.0006701829197183846,
    "ratio_rel_err": 0.0023681132908193333,
    "kQTST": 0.00011199653283695803,
    "kQTST_rel_err": 0.013367641942492332,
    "kQTST_err": 1.49712954976504e-06,
    "UNITS": "eVAamu",
    "PP": 3.5549953022366343,
    "PP_rel_err": 0.013763977309568168,
    "ratioP": 0.0008671528557699711,
    "ratioP_rel_err": 0.0028033263327155457,
    "kQTSTP": 0.00013927855938940036,
    "kQTSTP_rel_err": 0.01404655509034168,
    "kQTSTP_err": 1.956383957366638e-06,
    "1/Keq": 1.243597063778384,
    "1/Keq_err": 0.02411422767022665
}