{
    "P": 5.252777168428484,
    "P_rel_err": 0.010551314518637393,
    "ratio": 9.928947576788086e-07,
    "ratio_rel_err": 0.0057817711357324485,
    "kQTST": 1.2172869574727994e-07,
    "kQTST_rel_err": 0.012031588238349794,
    "kQTST_err": 1.464589544022634e-09,
    "UNITS": "eVAamu",
    "PP": 5.321591023560281,
    "PP_rel_err": 0.01054291827583103,
    "ratioP": 1.6141296126261062e-06,
    "ratioP_rel_err": 0.004571471983989732,
    "kQTSTP": 2.004844407884914e-07,
    "kQTSTP_rel_err": 0.011491365535533841,
    "kQTSTP_err": 2.303839993287645e-09,
    "1/Keq": 1.6469776461313255,
    "1/Keq_err": 0.027401798032082533
}