{
    "P": 2.5431397262947963,
    "P_rel_err": 0.014910517075569465,
    "ratio": 0.016446194988783126,
    "ratio_rel_err": 0.0008388902699072408,
    "kQTST": 0.0026723924190570915,
    "kQTST_rel_err": 0.01493409710514143,
    "kQTST_err": 3.9909767889242413e-05,
    "UNITS": "eVAamu",
    "PP": 2.500675860252087,
    "PP_rel_err": 0.016757007861142096,
    "ratioP": 0.018744412917158212,
    "ratioP_rel_err": 0.0007045571443004504,
    "kQTSTP": 0.0029949792545243886,
    "kQTSTP_rel_err": 0.01677181305726852,
    "kQTSTP_err": 5.023123216728048e-05,
    "1/Keq": 1.1207108780757267,
    "1/Keq_err": 0.025167907006829658
}