{
    "P": 5.147333734546045,
    "P_rel_err": 0.010474785661622582,
    "ratio": 1.8662850967592543e-05,
    "ratio_rel_err": 0.009423421268779025,
    "kQTST": 2.9649220638461743e-06,
    "kQTST_rel_err": 0.014089783641554292,
    "kQTST_err": 4.177511039366322e-08,
    "UNITS": "eVAamu",
    "PP": 4.9208841113241375,
    "PP_rel_err": 0.010747824968370668,
    "ratioP": 3.184088507389953e-05,
    "ratioP_rel_err": 0.010738368992168422,
    "kQTSTP": 4.835943689974043e-06,
    "kQTSTP_rel_err": 0.015193034922710347,
    "kQTSTP_err": 7.347266136603638e-08,
    "1/Keq": 1.6310525490510637,
    "1/Keq_err": 0.033796664877762304
}