{
    "P": 4.607094543746875,
    "P_rel_err": 0.012207507838938335,
    "ratio": 2.9807911046562658e-05,
    "ratio_rel_err": 0.00655908768086473,
    "kQTST": 4.806001118875349e-06,
    "kQTST_rel_err": 0.013858025791685205,
    "kQTST_err": 6.660168746024253e-08,
    "UNITS": "eVAamu",
    "PP": 4.436158285537043,
    "PP_rel_err": 0.011300831237542261,
    "ratioP": 4.545814130070691e-05,
    "ratioP_rel_err": 0.006777544960521614,
    "kQTSTP": 7.057386613960727e-06,
    "kQTSTP_rel_err": 0.013177401198692514,
    "kQTSTP_err": 9.299801482644258e-08,
    "1/Keq": 1.4684529694017683,
    "1/Keq_err": 0.028081212779887586
}