{
    "P": 5.935887823082231,
    "P_rel_err": 0.009390213521987208,
    "ratio": 1.4582332041774308e-05,
    "ratio_rel_err": 0.013447238596353663,
    "kQTST": 2.257883952040465e-06,
    "kQTST_rel_err": 0.01640135164722027,
    "kQTST_err": 3.703234867603109e-08,
    "UNITS": "eVAamu",
    "PP": 5.979565874440206,
    "PP_rel_err": 0.008716460159917444,
    "ratioP": 3.0151927459277953e-05,
    "ratioP_rel_err": 0.013736625976965157,
    "kQTSTP": 4.702985969897053e-06,
    "kQTSTP_rel_err": 0.016268729850558772,
    "kQTSTP_err": 7.651160823522328e-08,
    "1/Keq": 2.0829174881405805,
    "1/Keq_err": 0.04811836527909296
}