{
    "P": 3.901114928963007,
    "P_rel_err": 0.011759399344144716,
    "ratio": 0.00023643252276502313,
    "ratio_rel_err": 0.004250106879990886,
    "kQTST": 3.804126186500475e-05,
    "kQTST_rel_err": 0.01250387465653815,
    "kQTST_err": 4.756631701365641e-07,
    "UNITS": "eVAamu",
    "PP": 3.7694373117170703,
    "PP_rel_err": 0.01024741398617626,
    "ratioP": 0.00031942750082485777,
    "ratioP_rel_err": 0.0033880004719190676,
    "kQTSTP": 4.9660121970597355e-05,
    "kQTSTP_rel_err": 0.010792962549819428,
    "kQTSTP_err": 5.359798366481222e-07,
    "1/Keq": 1.3054278311488172,
    "1/Keq_err": 0.021562685389871872
}