{
    "P": 3.9632289283936233,
    "P_rel_err": 0.012447127021898322,
    "ratio": 0.0002676503264871247,
    "ratio_rel_err": 0.0015633887366579163,
    "kQTST": 3.39014556499607e-05,
    "kQTST_rel_err": 0.012544925485676678,
    "kQTST_err": 4.252912349847296e-07,
    "UNITS": "eVAamu",
    "PP": 3.916084447546599,
    "PP_rel_err": 0.01216901855329985,
    "ratioP": 0.0003490259905674554,
    "ratioP_rel_err": 0.0014401263498886566,
    "kQTSTP": 4.368287625065042e-05,
    "kQTSTP_rel_err": 0.012253937181746917,
    "kQTSTP_err": 5.352872214934945e-07,
    "1/Keq": 1.2885250917153777,
    "1/Keq_err": 0.022596414970397116
}