{
    "P": 6.050342080398455,
    "P_rel_err": 0.01006874630795368,
    "ratio": 8.388275000030057e-08,
    "ratio_rel_err": 0.011492896282020493,
    "kQTST": 1.0258503121403207e-08,
    "kQTST_rel_err": 0.01527960461409952,
    "kQTST_err": 1.5674587162754678e-10,
    "UNITS": "eVAamu",
    "PP": 5.908119639599918,
    "PP_rel_err": 0.009005873596063063,
    "ratioP": 1.6297509387662572e-07,
    "ratioP_rel_err": 0.01050344075665156,
    "kQTSTP": 1.9462647915217224e-08,
    "kQTSTP_rel_err": 0.01383575176695343,
    "kQTSTP_err": 2.692803652825592e-10,
    "1/Keq": 1.8972210355534824,
    "1/Keq_err": 0.039107351632811996
}