{
    "P": 4.3082437097500925,
    "P_rel_err": 0.013235675141839043,
    "ratio": 6.446819381888566e-05,
    "ratio_rel_err": 0.002165338412551861,
    "kQTST": 8.103199884782906e-06,
    "kQTST_rel_err": 0.013411628793743458,
    "kQTST_err": 1.086771088962131e-07,
    "UNITS": "eVAamu",
    "PP": 4.298418245852031,
    "PP_rel_err": 0.012489246345900658,
    "ratioP": 8.82280622860395e-05,
    "ratioP_rel_err": 0.0015854454122398642,
    "kQTSTP": 1.1064357469542402e-05,
    "kQTSTP_rel_err": 0.012589476218007854,
    "kQTSTP_err": 1.3929446523034163e-07,
    "1/Keq": 1.3654306479987355,
    "1/Keq_err": 0.025116750616405958
}