{
    "P": 2.536420591047259,
    "P_rel_err": 0.016740425588783827,
    "ratio": 0.016404878937238698,
    "ratio_rel_err": 0.0007846193817106848,
    "kQTST": 0.002658635956420935,
    "kQTST_rel_err": 0.01675880295450019,
    "kQTST_err": 4.455555612140761e-05,
    "UNITS": "eVAamu",
    "PP": 2.4813871081180308,
    "PP_rel_err": 0.016541266721021023,
    "ratioP": 0.018721345617101936,
    "ratioP_rel_err": 0.0008182575764332141,
    "kQTSTP": 0.0029682204746833704,
    "kQTSTP_rel_err": 0.016561492994212446,
    "kQTSTP_err": 4.915816259674658e-05,
    "1/Keq": 1.1164448699773095,
    "1/Keq_err": 0.026305026825964455
}