{
    "P": 5.164918716264721,
    "P_rel_err": 0.010723999433975276,
    "ratio": 1.9415375424143307e-05,
    "ratio_rel_err": 0.010569685775350638,
    "kQTST": 3.0950113820132595e-06,
    "kQTST_rel_err": 0.015057304581151025,
    "kQTST_err": 4.6602529061102815e-08,
    "UNITS": "eVAamu",
    "PP": 5.0195251578955435,
    "PP_rel_err": 0.011044513766854575,
    "ratioP": 3.362558428995291e-05,
    "ratioP_rel_err": 0.008868650481080445,
    "kQTSTP": 5.209372840577171e-06,
    "kQTSTP_rel_err": 0.014164541845813745,
    "kQTSTP_err": 7.378837959080095e-08,
    "1/Keq": 1.6831514322860262,
    "1/Keq_err": 0.034795127542746676
}