{
    "P": 5.209533790023147,
    "P_rel_err": 0.01077278152978684,
    "ratio": 1.1831747782728182e-05,
    "ratio_rel_err": 0.009455176290052497,
    "kQTST": 1.9023951462374555e-06,
    "kQTST_rel_err": 0.014333638078467287,
    "kQTST_err": 2.7268243508400535e-08,
    "UNITS": "eVAamu",
    "PP": 5.0514942037769535,
    "PP_rel_err": 0.009850585271252758,
    "ratioP": 2.029919009694808e-05,
    "ratioP_rel_err": 0.01067038808350311,
    "kQTSTP": 3.1648383778636733e-06,
    "kQTSTP_rel_err": 0.014522093927488107,
    "kQTSTP_err": 4.596008018865536e-08,
    "1/Keq": 1.6636072606277774,
    "1/Keq_err": 0.033945105834983155
}