{
    "P": 5.3360146860438,
    "P_rel_err": 0.01126697080757184,
    "ratio": 2.3237022670775096e-05,
    "ratio_rel_err": 0.014479366614643139,
    "kQTST": 3.5430482751598996e-06,
    "kQTST_rel_err": 0.01834657157999604,
    "kQTST_err": 6.50027887916026e-08,
    "UNITS": "eVAamu",
    "PP": 5.2887855823235785,
    "PP_rel_err": 0.009218194557815798,
    "ratioP": 4.1990410895364855e-05,
    "ratioP_rel_err": 0.015210679633681213,
    "kQTSTP": 6.345789423671837e-06,
    "kQTSTP_rel_err": 0.017785946301061104,
    "kQTSTP_err": 1.1286586992726878e-07,
    "1/Keq": 1.7910536156568309,
    "1/Keq_err": 0.045766118948608346
}