{
    "P": 5.999627311769829,
    "P_rel_err": 0.010115836040417409,
    "ratio": 1.2268039146669308e-05,
    "ratio_rel_err": 0.013984801579708326,
    "kQTST": 1.919943177069695e-06,
    "kQTST_rel_err": 0.017259919293566243,
    "kQTST_err": 3.31380642844561e-08,
    "UNITS": "eVAamu",
    "PP": 5.934120400371516,
    "PP_rel_err": 0.010105556438435874,
    "ratioP": 2.631000315562728e-05,
    "ratioP_rel_err": 0.015737942724932317,
    "kQTSTP": 4.072547915711929e-06,
    "kQTSTP_rel_err": 0.01870307761155,
    "kQTSTP_err": 7.61691797443164e-08,
    "1/Keq": 2.1211814830518256,
    "1/Keq_err": 0.053984378217079416
}