{
    "P": 6.089014453352297,
    "P_rel_err": 0.010607309783178545,
    "ratio": 2.2088713359135725e-06,
    "ratio_rel_err": 0.012552380943082309,
    "kQTST": 3.508377953545802e-07,
    "kQTST_rel_err": 0.016434028361195292,
    "kQTST_err": 5.765678279036401e-09,
    "UNITS": "eVAamu",
    "PP": 6.018374194185921,
    "PP_rel_err": 0.01049714219570139,
    "ratioP": 4.759433291943296e-06,
    "ratioP_rel_err": 0.01553901724275537,
    "kQTSTP": 7.471768019451015e-07,
    "kQTSTP_rel_err": 0.01875236121525562,
    "kQTSTP_err": 1.4011329281734052e-08,
    "1/Keq": 2.1296930143742197,
    "1/Keq_err": 0.053102789856890806
}