{
    "P": 5.68473315474586,
    "P_rel_err": 0.009210470698490156,
    "ratio": 2.685389199127126e-07,
    "ratio_rel_err": 0.0065131379257190565,
    "kQTST": 3.332898755626987e-08,
    "kQTST_rel_err": 0.01128067977238897,
    "kQTST_err": 3.759736357602172e-10,
    "UNITS": "eVAamu",
    "PP": 5.6173023443798265,
    "PP_rel_err": 0.011174617132513283,
    "ratioP": 4.724181626292208e-07,
    "ratioP_rel_err": 0.008180776308954096,
    "kQTSTP": 5.793742456032679e-08,
    "kQTSTP_rel_err": 0.0138490854959959,
    "kQTSTP_err": 8.023803461537784e-10,
    "1/Keq": 1.7383493711745697,
    "1/Keq_err": 0.031050389713961558
}