{
    "P": 2.7540067884164965,
    "P_rel_err": 0.015085032862444066,
    "ratio": 0.012572575671420531,
    "ratio_rel_err": 0.0005346852740077439,
    "kQTST": 0.0015649687577751654,
    "kQTST_rel_err": 0.015094505782014135,
    "kQTST_err": 2.3622429962908713e-05,
    "UNITS": "eVAamu",
    "PP": 2.654977290320989,
    "PP_rel_err": 0.01499159916549244,
    "ratioP": 0.01438012857831553,
    "ratioP_rel_err": 0.00039563361284694506,
    "kQTSTP": 0.001725599424272116,
    "kQTSTP_rel_err": 0.014996818712460586,
    "kQTSTP_err": 2.5878501736135283e-05,
    "1/Keq": 1.1026414525522612,
    "1/Keq_err": 0.02346188543985835
}