{
    "P": 4.782987311139208,
    "P_rel_err": 0.013232542530568308,
    "ratio": 2.8886484694351526e-05,
    "ratio_rel_err": 0.0078026096212950825,
    "kQTST": 4.5587194195198134e-06,
    "kQTST_rel_err": 0.015361669789629828,
    "kQTST_err": 7.002954238623635e-08,
    "UNITS": "eVAamu",
    "PP": 4.779888521439221,
    "PP_rel_err": 0.014898329271426944,
    "ratioP": 4.5396462156614645e-05,
    "ratioP_rel_err": 0.008897278688366652,
    "kQTSTP": 7.159599298084707e-06,
    "kQTSTP_rel_err": 0.01735286094966246,
    "kQTSTP_err": 1.2423953107496488e-07,
    "1/Keq": 1.5705286154327205,
    "1/Keq_err": 0.03639774803223997
}