{
    "P": 6.129193286442671,
    "P_rel_err": 0.009475368173671275,
    "ratio": 2.7362135254275195e-06,
    "ratio_rel_err": 0.013189765836371794,
    "kQTST": 4.3746393124265034e-07,
    "kQTST_rel_err": 0.016240459502272188,
    "kQTST_err": 7.104615259051048e-09,
    "UNITS": "eVAamu",
    "PP": 5.8998267918070715,
    "PP_rel_err": 0.010486183606310463,
    "ratioP": 5.8767702946336495e-06,
    "ratioP_rel_err": 0.013136786667620451,
    "kQTSTP": 9.044132709481396e-07,
    "kQTSTP_rel_err": 0.016808783732793542,
    "kQTSTP_err": 1.5202087076435688e-08,
    "1/Keq": 2.067400776057316,
    "1/Keq_err": 0.04832094289411904
}