{
    "P": 3.598922975917814,
    "P_rel_err": 0.013670906308911447,
    "ratio": 0.0007529020787206066,
    "ratio_rel_err": 0.0010286777900083595,
    "kQTST": 9.353752029784056e-05,
    "kQTST_rel_err": 0.013709553504862632,
    "kQTST_err": 1.2823576392354196e-06,
    "UNITS": "eVAamu",
    "PP": 3.594717595007466,
    "PP_rel_err": 0.013670372890198644,
    "ratioP": 0.0009455688961422278,
    "ratioP_rel_err": 0.0012837610812389008,
    "kQTSTP": 0.00011733640003756768,
    "kQTSTP_rel_err": 0.013730518470574288,
    "kQTSTP_err": 1.6110896079865166e-06,
    "1/Keq": 1.2544313732494419,
    "1/Keq_err": 0.024339815521970214
}