{
    "P": 3.1157678266001927,
    "P_rel_err": 0.013868167025271489,
    "ratio": 0.0030017677135572734,
    "ratio_rel_err": 0.0014577541483288853,
    "kQTST": 0.000487934037769903,
    "kQTST_rel_err": 0.013944572557012909,
    "kQTST_err": 6.8040315927186895e-06,
    "UNITS": "eVAamu",
    "PP": 3.115814881445843,
    "PP_rel_err": 0.01573804147377412,
    "ratioP": 0.003644719686861475,
    "ratioP_rel_err": 0.0015227617280789627,
    "kQTSTP": 0.0005924541205341838,
    "kQTSTP_rel_err": 0.015811538594037465,
    "kQTSTP_err": 9.367611192022772e-06,
    "1/Keq": 1.2142094518389999,
    "1/Keq_err": 0.02559811146564261
}