{
    "P": 4.322711785453395,
    "P_rel_err": 0.012275528781671204,
    "ratio": 6.642866950002525e-05,
    "ratio_rel_err": 0.005089016330849468,
    "kQTST": 1.0592922157619804e-05,
    "kQTST_rel_err": 0.013288592629969913,
    "kQTST_err": 1.4076502731359152e-07,
    "UNITS": "eVAamu",
    "PP": 4.147919570695246,
    "PP_rel_err": 0.010821820537192937,
    "ratioP": 9.656462536645882e-05,
    "ratioP_rel_err": 0.005408850703324279,
    "kQTSTP": 1.4775845226745223e-05,
    "kQTSTP_rel_err": 0.012098242255388275,
    "kQTSTP_err": 1.787617550812862e-07,
    "1/Keq": 1.3948790529076547,
    "1/Keq_err": 0.025067267402718262
}