{
    "P": 2.8542867355277326,
    "P_rel_err": 0.012425309717793192,
    "ratio": 0.007962984382888335,
    "ratio_rel_err": 0.0011187820796657324,
    "kQTST": 0.0013257065873438667,
    "kQTST_rel_err": 0.012475575935597807,
    "kQTST_err": 1.6538953198730636e-05,
    "UNITS": "eVAamu",
    "PP": 2.8123891757480783,
    "PP_rel_err": 0.013284058869231759,
    "ratioP": 0.009302144221660008,
    "ratioP_rel_err": 0.0007550209093312647,
    "kQTSTP": 0.0015259223613999448,
    "kQTSTP_rel_err": 0.013305497984470269,
    "kQTSTP_err": 2.0303156904065077e-05,
    "1/Keq": 1.1510257065684666,
    "1/Keq_err": 0.020994035916326977
}