{
    "P": 3.0597767666759355,
    "P_rel_err": 0.01430553331799586,
    "ratio": 0.005610277776829369,
    "ratio_rel_err": 0.0007689379605165295,
    "kQTST": 0.000708271703685203,
    "kQTST_rel_err": 0.014326184038305977,
    "kQTST_err": 1.0146830776118735e-05,
    "UNITS": "eVAamu",
    "PP": 2.9241146623142806,
    "PP_rel_err": 0.013194297308708323,
    "ratioP": 0.006595034293098304,
    "ratioP_rel_err": 0.0007101713666697259,
    "kQTSTP": 0.0007956777996140497,
    "kQTSTP_rel_err": 0.013213395658975223,
    "kQTSTP_err": 1.0513605583363242e-05,
    "1/Keq": 1.1234075785804583,
    "1/Keq_err": 0.021894443445208495
}