{
    "P": 4.964585371799057,
    "P_rel_err": 0.009673630715683073,
    "ratio": 3.1358022284201336e-06,
    "ratio_rel_err": 0.0037936070481542046,
    "kQTST": 3.853973129411832e-07,
    "kQTST_rel_err": 0.010390889550910078,
    "kQTST_err": 4.004620911989362e-09,
    "UNITS": "eVAamu",
    "PP": 4.974616537858889,
    "PP_rel_err": 0.00921620085660127,
    "ratioP": 4.874760525201695e-06,
    "ratioP_rel_err": 0.0032584614867900282,
    "kQTSTP": 6.003298381835641e-07,
    "kQTSTP_rel_err": 0.009775271325651879,
    "kQTSTP_err": 5.868387053129027e-09,
    "1/Keq": 1.5576907726784865,
    "1/Keq_err": 0.022222440166007253
}