{
    "P": 3.1606645209126416,
    "P_rel_err": 0.012245148951596162,
    "ratio": 0.0029505485262885218,
    "ratio_rel_err": 0.0013284531036214756,
    "kQTST": 0.0004865193385372131,
    "kQTST_rel_err": 0.012316998842871511,
    "kQTST_err": 5.992458129797467e-06,
    "UNITS": "eVAamu",
    "PP": 3.1306635766910937,
    "PP_rel_err": 0.012985815044503794,
    "ratioP": 0.0035728027004325357,
    "ratioP_rel_err": 0.001635543604620289,
    "kQTSTP": 0.0005835315995346664,
    "kQTSTP_rel_err": 0.013088406902777565,
    "kQTSTP_err": 7.63749901533836e-06,
    "1/Keq": 1.199400626682454,
    "1/Keq_err": 0.02155636455328097
}