{
    "P": 2.551018171974493,
    "P_rel_err": 0.015102364185016795,
    "ratio": 0.01649885257783608,
    "ratio_rel_err": 0.0008353715312293923,
    "kQTST": 0.0026892542790510825,
    "kQTST_rel_err": 0.015125450392370687,
    "kQTST_err": 4.067618219025774e-05,
    "UNITS": "eVAamu",
    "PP": 2.5111964903468005,
    "PP_rel_err": 0.01575178155176601,
    "ratioP": 0.0188434749033982,
    "ratioP_rel_err": 0.0007789573150077465,
    "kQTSTP": 0.0030234741744340292,
    "kQTSTP_rel_err": 0.015771030294599024,
    "kQTSTP_err": 4.768330279993685e-05,
    "1/Keq": 1.124279767066459,
    "1/Keq_err": 0.024567626211413063
}