{
    "P": 3.181639495519842,
    "P_rel_err": 0.011922524587241115,
    "ratio": 0.002845058275147269,
    "ratio_rel_err": 0.0015808993998440756,
    "kQTST": 0.00047223816224583535,
    "kQTST_rel_err": 0.012026879705301632,
    "kQTST_err": 5.679551569583377e-06,
    "UNITS": "eVAamu",
    "PP": 3.1656814530095803,
    "PP_rel_err": 0.012865280003363328,
    "ratioP": 0.0034603557512272788,
    "ratioP_rel_err": 0.0012725223162592231,
    "kQTSTP": 0.0005714877244950145,
    "kQTSTP_rel_err": 0.012928060280270898,
    "kQTSTP_err": 7.388227751706395e-06,
    "1/Keq": 1.2101684492781681,
    "1/Keq_err": 0.021368318831274866
}