{
    "P": 6.133361670307826,
    "P_rel_err": 0.009409445020594669,
    "ratio": 3.880202610856402e-08,
    "ratio_rel_err": 0.007679200444975267,
    "kQTST": 4.810435362918686e-09,
    "kQTST_rel_err": 0.01214527789182702,
    "kQTST_err": 5.842407426331921e-11,
    "UNITS": "eVAamu",
    "PP": 6.089935042826308,
    "PP_rel_err": 0.010568114222069915,
    "ratioP": 7.29269881003143e-08,
    "ratioP_rel_err": 0.007870472890192461,
    "kQTSTP": 8.977023104487014e-09,
    "kQTSTP_rel_err": 0.01317685022021465,
    "kQTSTP_err": 1.1828888887123172e-10,
    "1/Keq": 1.8661560601534182,
    "1/Keq_err": 0.033442076689783294
}