{
    "P": 2.810756237284737,
    "P_rel_err": 0.015346436444582756,
    "ratio": 0.008148540558632478,
    "ratio_rel_err": 0.0010726487412803288,
    "kQTST": 0.0013359092766750435,
    "kQTST_rel_err": 0.015383877497880309,
    "kQTST_err": 2.055146466065076e-05,
    "UNITS": "eVAamu",
    "PP": 2.7478424811820963,
    "PP_rel_err": 0.015090912754720007,
    "ratioP": 0.009537195338069553,
    "ratioP_rel_err": 0.000897820020174546,
    "kQTSTP": 0.0015285739786999651,
    "kQTSTP_rel_err": 0.015117596652880946,
    "kQTSTP_err": 2.3108364864075503e-05,
    "1/Keq": 1.1442198998007158,
    "1/Keq_err": 0.0246792454546143
}