{
    "P": 6.032506840925033,
    "P_rel_err": 0.008661985313146572,
    "ratio": 2.3868199716574763e-05,
    "ratio_rel_err": 0.014710023316164155,
    "kQTST": 3.755834397401683e-06,
    "kQTST_rel_err": 0.017070875066242504,
    "kQTST_err": 6.411537976754033e-08,
    "UNITS": "eVAamu",
    "PP": 5.878881191547714,
    "PP_rel_err": 0.008683599461165386,
    "ratioP": 4.884811101666465e-05,
    "ratioP_rel_err": 0.01890597641530388,
    "kQTSTP": 7.490855271588099e-06,
    "kQTSTP_rel_err": 0.02080482741620267,
    "kQTSTP_err": 1.5584595112514238e-07,
    "1/Keq": 1.9944583490609527,
    "1/Keq_err": 0.053674858470822734
}