{
    "P": 5.088648846961867,
    "P_rel_err": 0.011700315946415145,
    "ratio": 1.9337302504379776e-05,
    "ratio_rel_err": 0.011138752141712907,
    "kQTST": 3.0370457934214513e-06,
    "kQTST_rel_err": 0.016154540925710344,
    "kQTST_err": 4.9062080563083275e-08,
    "UNITS": "eVAamu",
    "PP": 4.99617692905257,
    "PP_rel_err": 0.010550741755561149,
    "ratioP": 3.324977042099604e-05,
    "ratioP_rel_err": 0.008205367073753687,
    "kQTSTP": 5.12719018580118e-06,
    "kQTSTP_rel_err": 0.013365859508747751,
    "kQTSTP_err": 6.852930369804884e-08,
    "1/Keq": 1.6882162912746304,
    "1/Keq_err": 0.0353968432149583
}