{
    "P": 3.547414128364831,
    "P_rel_err": 0.01393571073118504,
    "ratio": 0.0008546564024848318,
    "ratio_rel_err": 0.002203509287391888,
    "kQTST": 0.00014147098579549692,
    "kQTST_rel_err": 0.014108844274528236,
    "kQTST_err": 1.995992107952662e-06,
    "UNITS": "eVAamu",
    "PP": 3.4458132077456396,
    "PP_rel_err": 0.013269893642843976,
    "ratioP": 0.0010878477412265026,
    "ratioP_rel_err": 0.0017598656229842336,
    "kQTSTP": 0.000174913682684041,
    "kQTSTP_rel_err": 0.013386082485303631,
    "kQTSTP_err": 2.341408984216798e-06,
    "1/Keq": 1.23639261930985,
    "1/Keq_err": 0.02404606255614616
}