{
    "P": 2.990131112230839,
    "P_rel_err": 0.013336545645817294,
    "ratio": 0.005050301114633507,
    "ratio_rel_err": 0.00113206736404134,
    "kQTST": 0.0008356082332661383,
    "kQTST_rel_err": 0.01338450694944329,
    "kQTST_err": 1.1184204205162659e-05,
    "UNITS": "eVAamu",
    "PP": 2.9394391859997375,
    "PP_rel_err": 0.014134240353250064,
    "ratioP": 0.005986258694135017,
    "ratioP_rel_err": 0.000987209835647729,
    "kQTSTP": 0.0009736775711086922,
    "kQTSTP_rel_err": 0.014168674377761743,
    "kQTSTP_err": 1.3795720453969014e-05,
    "1/Keq": 1.1652321415059337,
    "1/Keq_err": 0.022711458332149825
}