{
    "P": 5.144511765205928,
    "P_rel_err": 0.011270468210452066,
    "ratio": 1.4318045221932779e-05,
    "ratio_rel_err": 0.009738419929205808,
    "kQTST": 2.2734262027069914e-06,
    "kQTST_rel_err": 0.014894974870753003,
    "kQTST_err": 3.3862626159832057e-08,
    "UNITS": "eVAamu",
    "PP": 5.079669726299952,
    "PP_rel_err": 0.008302383897118808,
    "ratioP": 2.409539932406181e-05,
    "ratioP_rel_err": 0.009517866367817858,
    "kQTSTP": 3.7776574173649927e-06,
    "kQTSTP_rel_err": 0.012630097330217848,
    "kQTSTP_err": 4.771218086153924e-08,
    "1/Keq": 1.6616582552215233,
    "1/Keq_err": 0.03245043021422235
}