{
    "P": 3.1253932840558787,
    "P_rel_err": 0.012972666268009893,
    "ratio": 0.00294323775677383,
    "ratio_rel_err": 0.001711522639095258,
    "kQTST": 0.00047989802789142667,
    "kQTST_rel_err": 0.013085082340027414,
    "kQTST_err": 6.27950520977609e-06,
    "UNITS": "eVAamu",
    "PP": 3.172797890081506,
    "PP_rel_err": 0.014573390755330519,
    "ratioP": 0.0035732037833821786,
    "ratioP_rel_err": 0.0015328095194065772,
    "kQTSTP": 0.0005914515002298283,
    "kQTSTP_rel_err": 0.014653778459166648,
    "kQTSTP_err": 8.666999253709655e-06,
    "1/Keq": 1.2324524500101504,
    "1/Keq_err": 0.024212362066558933
}