{
    "P": 3.18472766873144,
    "P_rel_err": 0.01343640325557649,
    "ratio": 0.0030130927179080466,
    "ratio_rel_err": 0.0014663147494077189,
    "kQTST": 0.0005006148652438499,
    "kQTST_rel_err": 0.013516175915945942,
    "kQTST_err": 6.766398584773448e-06,
    "UNITS": "eVAamu",
    "PP": 3.101564598621796,
    "PP_rel_err": 0.013476939324478496,
    "ratioP": 0.0036561453590492994,
    "ratioP_rel_err": 0.0014310489114765415,
    "kQTSTP": 0.0005915932761935399,
    "kQTSTP_rel_err": 0.013552704325805721,
    "kQTSTP_err": 8.017688753385767e-06,
    "1/Keq": 1.1817333388719378,
    "1/Keq_err": 0.022619092479859947
}