{
    "P": 2.895598695011087,
    "P_rel_err": 0.013231908493418123,
    "ratio": 0.007914577164323304,
    "ratio_rel_err": 0.0009433697932243568,
    "kQTST": 0.0013367187531536854,
    "kQTST_rel_err": 0.013265494673963683,
    "kQTST_err": 1.773223550054759e-05,
    "UNITS": "eVAamu",
    "PP": 2.768828345174924,
    "PP_rel_err": 0.015642885008027636,
    "ratioP": 0.009245225188932308,
    "ratioP_rel_err": 0.0009407819929097144,
    "kQTSTP": 0.001493095123974346,
    "kQTSTP_rel_err": 0.01567114935582451,
    "kQTSTP_err": 2.339851669025529e-05,
    "1/Keq": 1.1169852449901865,
    "1/Keq_err": 0.022933811765138333
}