{
    "P": 5.1052226119286335,
    "P_rel_err": 0.009500813895814874,
    "ratio": 1.798208787416532e-05,
    "ratio_rel_err": 0.00984776064330545,
    "kQTST": 2.8333991967938735e-06,
    "kQTST_rel_err": 0.013683707625155719,
    "kQTST_err": 3.8771406194278416e-08,
    "UNITS": "eVAamu",
    "PP": 5.021685377558666,
    "PP_rel_err": 0.01119187638654252,
    "ratioP": 3.094367433785206e-05,
    "ratioP_rel_err": 0.010127786277674213,
    "kQTSTP": 4.79594670035918e-06,
    "kQTSTP_rel_err": 0.015094043591360604,
    "kQTSTP_err": 7.239022855706351e-08,
    "1/Keq": 1.692647723549164,
    "1/Keq_err": 0.03448493009122973
}