{
    "P": 3.5744082566259765,
    "P_rel_err": 0.015337057571374086,
    "ratio": 0.0006174523179568654,
    "ratio_rel_err": 0.002179712189405234,
    "kQTST": 9.971423372472837e-05,
    "kQTST_rel_err": 0.015491174267184686,
    "kQTST_err": 1.5446905715485515e-06,
    "UNITS": "eVAamu",
    "PP": 3.612403792691428,
    "PP_rel_err": 0.011491910030148348,
    "ratioP": 0.0007939622154798445,
    "ratioP_rel_err": 0.002049411138134126,
    "kQTSTP": 0.00012958230495069978,
    "kQTSTP_rel_err": 0.011673220727551264,
    "kQTSTP_err": 1.5126428480743775e-06,
    "1/Keq": 1.299536687093493,
    "1/Keq_err": 0.02520701106080858
}