{
    "P": 3.283379293900049,
    "P_rel_err": 0.01515939533672493,
    "ratio": 0.0015520224757361323,
    "ratio_rel_err": 0.001958084240571041,
    "kQTST": 0.00024868067202397595,
    "kQTST_rel_err": 0.01528533155899113,
    "kQTST_err": 3.801166524199202e-06,
    "UNITS": "eVAamu",
    "PP": 3.265059151140689,
    "PP_rel_err": 0.012097864912328523,
    "ratioP": 0.0019307154564309611,
    "ratioP_rel_err": 0.002051478964362278,
    "kQTSTP": 0.0003076325588644684,
    "kQTSTP_rel_err": 0.012270570540042975,
    "kQTSTP_err": 3.7748270139603824e-06,
    "1/Keq": 1.237058579425138,
    "1/Keq_err": 0.024247871150381343
}