{
    "P": 5.912824186292726,
    "P_rel_err": 0.00875403657527971,
    "ratio": 2.501812924816256e-05,
    "ratio_rel_err": 0.014411175230756038,
    "kQTST": 3.8586798433781865e-06,
    "kQTST_rel_err": 0.01686164665425329,
    "kQTST_err": 6.506369607093241e-08,
    "UNITS": "eVAamu",
    "PP": 5.867708959768128,
    "PP_rel_err": 0.01016693246012683,
    "ratioP": 5.088708388759468e-05,
    "ratioP_rel_err": 0.014567574521974472,
    "kQTSTP": 7.788701815315692e-06,
    "kQTSTP_rel_err": 0.01776459239898457,
    "kQTSTP_err": 1.3836311306631447e-07,
    "1/Keq": 2.018488740049721,
    "1/Keq_err": 0.04943838411349127
}