{
    "P": 3.029086233025458,
    "P_rel_err": 0.013393331662945233,
    "ratio": 0.005000197616764258,
    "ratio_rel_err": 0.0012373266897307673,
    "kQTST": 0.000838096470414998,
    "kQTST_rel_err": 0.013450364692853925,
    "kQTST_err": 1.1272703174875383e-05,
    "UNITS": "eVAamu",
    "PP": 2.955608498109834,
    "PP_rel_err": 0.01358306791687348,
    "ratioP": 0.005950924720283252,
    "ratioP_rel_err": 0.001321252398916633,
    "kQTSTP": 0.0009732548324392232,
    "kQTSTP_rel_err": 0.01364717706839186,
    "kQTSTP_err": 1.328218103096613e-05,
    "1/Keq": 1.161268263016666,
    "1/Keq_err": 0.022251480312613186
}