{
    "P": 3.378160883640658,
    "P_rel_err": 0.012793890960468285,
    "ratio": 0.001425874676683903,
    "ratio_rel_err": 0.0017181589346151858,
    "kQTST": 0.00023506320643117642,
    "kQTST_rel_err": 0.012908745718812115,
    "kQTST_err": 3.034371159668697e-06,
    "UNITS": "eVAamu",
    "PP": 3.328288513032935,
    "PP_rel_err": 0.009022976433210431,
    "ratioP": 0.0017755694661034116,
    "ratioP_rel_err": 0.0018436220447999036,
    "kQTSTP": 0.00028839093504206626,
    "kQTSTP_rel_err": 0.009209399869608389,
    "kQTSTP_err": 2.655907439572646e-06,
    "1/Keq": 1.2268654861836217,
    "1/Keq_err": 0.01945457286304423
}