{
    "P": 2.547817281917619,
    "P_rel_err": 0.015866830717334603,
    "ratio": 0.016542566857257707,
    "ratio_rel_err": 0.000731928970718936,
    "kQTST": 0.002692996268844976,
    "kQTST_rel_err": 0.015883703504873496,
    "kQTST_err": 4.277475427406419e-05,
    "UNITS": "eVAamu",
    "PP": 2.502083516536234,
    "PP_rel_err": 0.01381261913497695,
    "ratioP": 0.018845173275453753,
    "ratioP_rel_err": 0.0006709448308215335,
    "kQTSTP": 0.0030127736955570723,
    "kQTSTP_rel_err": 0.013828905030187225,
    "kQTSTP_err": 4.166336131330495e-05,
    "1/Keq": 1.118744103143243,
    "1/Keq_err": 0.023560938101875883
}