{
    "P": 4.81502820875586,
    "P_rel_err": 0.011268378102557397,
    "ratio": 1.2521916522155119e-05,
    "ratio_rel_err": 0.006636776087442721,
    "kQTST": 1.9893838142463874e-06,
    "kQTST_rel_err": 0.013077581653235684,
    "kQTST_err": 2.601632927043258e-08,
    "UNITS": "eVAamu",
    "PP": 4.754123133477261,
    "PP_rel_err": 0.012045855910242978,
    "ratioP": 1.9628120046934733e-05,
    "ratioP_rel_err": 0.0067040599518324905,
    "kQTSTP": 3.0789176383176087e-06,
    "kQTSTP_rel_err": 0.013785755853347322,
    "kQTSTP_err": 4.2445206854411286e-08,
    "1/Keq": 1.5476740165818406,
    "1/Keq_err": 0.029408665558578278
}