{
    "P": 4.451277700335881,
    "P_rel_err": 0.010257387243127006,
    "ratio": 4.449991192373515e-05,
    "ratio_rel_err": 0.006100170486384474,
    "kQTST": 6.932167407673381e-06,
    "kQTST_rel_err": 0.011934239524092886,
    "kQTST_err": 8.273014626428419e-08,
    "UNITS": "eVAamu",
    "PP": 4.459671214601794,
    "PP_rel_err": 0.011822205695432944,
    "ratioP": 6.703130866799062e-05,
    "ratioP_rel_err": 0.005968285203299062,
    "kQTSTP": 1.0461783820075294e-05,
    "kQTSTP_rel_err": 0.013243299278240514,
    "kQTSTP_err": 1.3854853411351142e-07,
    "1/Keq": 1.509164912620964,
    "1/Keq_err": 0.026904268917671833
}