{
    "P": 5.980681528362039,
    "P_rel_err": 0.009830322313411076,
    "ratio": 2.4346347593365173e-05,
    "ratio_rel_err": 0.014971747285782601,
    "kQTST": 3.7981616450722528e-06,
    "kQTST_rel_err": 0.017910568209157585,
    "kQTST_err": 6.802723321347277e-08,
    "UNITS": "eVAamu",
    "PP": 5.903550712810273,
    "PP_rel_err": 0.009545740798573864,
    "ratioP": 5.103853369095711e-05,
    "ratioP_rel_err": 0.01777609792308127,
    "kQTSTP": 7.859599855291802e-06,
    "kQTSTP_rel_err": 0.020176987504692857,
    "kQTSTP_err": 1.5858304807210847e-07,
    "1/Keq": 2.069316840553343,
    "1/Keq_err": 0.05582935835581256
}