{
    "P": 5.970517989437826,
    "P_rel_err": 0.01029272084899819,
    "ratio": 8.423955869491793e-06,
    "ratio_rel_err": 0.01556115541121673,
    "kQTST": 1.3119492727622967e-06,
    "kQTST_rel_err": 0.018657161097215238,
    "kQTST_err": 2.4477248933300544e-08,
    "UNITS": "eVAamu",
    "PP": 5.917508346171377,
    "PP_rel_err": 0.011942871837062096,
    "ratioP": 1.741694608053647e-05,
    "ratioP_rel_err": 0.01338239808070676,
    "kQTSTP": 2.688436823777829e-06,
    "kQTSTP_rel_err": 0.01793657620915973,
    "kQTSTP_err": 4.822135197320236e-08,
    "1/Keq": 2.0491926628514765,
    "1/Keq_err": 0.05303453238713298
}