{
    "P": 3.212869002906969,
    "P_rel_err": 0.012923194920863062,
    "ratio": 0.0033339339632814822,
    "ratio_rel_err": 0.0007897629064373209,
    "kQTST": 0.0004192731495699902,
    "kQTST_rel_err": 0.012947304445752605,
    "kQTST_err": 5.428457113412231e-06,
    "UNITS": "eVAamu",
    "PP": 3.116776251734609,
    "PP_rel_err": 0.014218579180928191,
    "ratioP": 0.00398322849061982,
    "ratioP_rel_err": 0.0007923068648628781,
    "kQTSTP": 0.0004859458579977055,
    "kQTSTP_rel_err": 0.014240637067646708,
    "kQTSTP_err": 6.920178598271509e-06,
    "1/Keq": 1.1590197428480582,
    "1/Keq_err": 0.022307093782408353
}