{
    "P": 5.100166798169644,
    "P_rel_err": 0.012597204926495926,
    "ratio": 1.3030631650432277e-05,
    "ratio_rel_err": 0.01000788390979393,
    "kQTST": 2.051175472717219e-06,
    "kQTST_rel_err": 0.016088732464431293,
    "kQTST_err": 3.300081341815073e-08,
    "UNITS": "eVAamu",
    "PP": 4.9968867034979425,
    "PP_rel_err": 0.011411553054825269,
    "ratioP": 2.209310107821272e-05,
    "ratioP_rel_err": 0.008560020745465122,
    "kQTSTP": 3.407290393513313e-06,
    "kQTSTP_rel_err": 0.01426525493238327,
    "kQTSTP_err": 4.860586609212792e-08,
    "1/Keq": 1.661140374791841,
    "1/Keq_err": 0.03571818051470488
}