{
    "P": 3.6742740180664852,
    "P_rel_err": 0.011479274124729329,
    "ratio": 0.0007523253321894249,
    "ratio_rel_err": 0.001258584234823417,
    "kQTST": 9.542277267884188e-05,
    "kQTST_rel_err": 0.01154806341802929,
    "kQTST_err": 1.1019482304194588e-06,
    "UNITS": "eVAamu",
    "PP": 3.658247568370926,
    "PP_rel_err": 0.012635140608997673,
    "ratioP": 0.0009454214988602891,
    "ratioP_rel_err": 0.0011187555948764787,
    "kQTSTP": 0.00011939148961291058,
    "kQTSTP_rel_err": 0.01268457300385825,
    "kQTSTP_err": 1.514430066034348e-06,
    "1/Keq": 1.251184452737908,
    "1/Keq_err": 0.021462688453849597
}