{
    "P": 3.9448007434547243,
    "P_rel_err": 0.012613598758423975,
    "ratio": 0.00021326901218332052,
    "ratio_rel_err": 0.0032443202859197065,
    "kQTST": 3.469858637635623e-05,
    "kQTST_rel_err": 0.013024150174047632,
    "kQTST_err": 4.5191959979282677e-07,
    "UNITS": "eVAamu",
    "PP": 3.9333894586879627,
    "PP_rel_err": 0.01403061714579286,
    "ratioP": 0.000288964724752794,
    "ratioP_rel_err": 0.0033193475080912803,
    "kQTSTP": 4.687817893670454e-05,
    "kQTSTP_rel_err": 0.014417915430855058,
    "kQTSTP_err": 6.758856194618969e-07,
    "1/Keq": 1.3510112034030164,
    "1/Keq_err": 0.02624944793964116
}