{
    "P": 3.1925999410550197,
    "P_rel_err": 0.011703915978905162,
    "ratio": 0.003327266389831253,
    "ratio_rel_err": 0.0005850329777533483,
    "kQTST": 0.0004157948571078287,
    "kQTST_rel_err": 0.011718528611832228,
    "kQTST_err": 4.872503929670784e-06,
    "UNITS": "eVAamu",
    "PP": 3.128622766884451,
    "PP_rel_err": 0.015197026878188738,
    "ratioP": 0.003974614396877905,
    "ratioP_rel_err": 0.0006709991354647908,
    "kQTSTP": 0.0004867379869612253,
    "kQTSTP_rel_err": 0.015211833084023286,
    "kQTSTP_err": 7.4041770133076616e-06,
    "1/Keq": 1.1706205082642445,
    "1/Keq_err": 0.022478467596662534
}