{
    "P": 3.8661810498086635,
    "P_rel_err": 0.01146932248335076,
    "ratio": 0.000420266204542145,
    "ratio_rel_err": 0.001328082233957877,
    "kQTST": 5.3631806650680546e-05,
    "kQTST_rel_err": 0.01154595862833614,
    "kQTST_err": 6.192306207516807e-07,
    "UNITS": "eVAamu",
    "PP": 3.7992022074691847,
    "PP_rel_err": 0.012116956574710227,
    "ratioP": 0.0005403787154775839,
    "ratioP_rel_err": 0.0012319378539621842,
    "kQTSTP": 6.776515168794606e-05,
    "kQTSTP_rel_err": 0.012179421476795946,
    "kQTSTP_err": 8.253403438465052e-07,
    "1/Keq": 1.2635254323860479,
    "1/Keq_err": 0.02120493344239302
}