{
    "P": 4.350678606359116,
    "P_rel_err": 0.011345546944838122,
    "ratio": 7.05675789315053e-05,
    "ratio_rel_err": 0.004878070229978405,
    "kQTST": 1.1325729024184922e-05,
    "kQTST_rel_err": 0.012349777514033492,
    "kQTST_err": 1.3987023363291543e-07,
    "UNITS": "eVAamu",
    "PP": 4.2517264377460995,
    "PP_rel_err": 0.011492701287953318,
    "ratioP": 0.00010302121396844221,
    "ratioP_rel_err": 0.005944399521282658,
    "kQTSTP": 1.6158309537375935e-05,
    "kQTSTP_rel_err": 0.01293901343081262,
    "kQTSTP_err": 2.0907258412333486e-07,
    "1/Keq": 1.4266904587661897,
    "1/Keq_err": 0.025518825558545805
}