{
    "P": 5.757497505898495,
    "P_rel_err": 0.010502940164789094,
    "ratio": 2.3208355411216942e-07,
    "ratio_rel_err": 0.0065415779642279395,
    "kQTST": 2.9173123131539186e-08,
    "kQTST_rel_err": 0.012373519885918175,
    "kQTST_err": 3.609742192024396e-10,
    "UNITS": "eVAamu",
    "PP": 5.645177256039581,
    "PP_rel_err": 0.009950198491690989,
    "ratioP": 4.004162944055881e-07,
    "ratioP_rel_err": 0.006022398207018393,
    "kQTSTP": 4.935079182819552e-08,
    "kQTSTP_rel_err": 0.011630809524188244,
    "kQTSTP_err": 5.739896596216078e-10,
    "1/Keq": 1.6916526765295887,
    "1/Keq_err": 0.02872721743512652
}