{
    "P": 5.95623678477121,
    "P_rel_err": 0.008229244246085727,
    "ratio": 2.264154943844399e-05,
    "ratio_rel_err": 0.01675428534961478,
    "kQTST": 3.5177668100641294e-06,
    "kQTST_rel_err": 0.018666187035333473,
    "kQTST_err": 6.566329322334544e-08,
    "UNITS": "eVAamu",
    "PP": 5.792740894965306,
    "PP_rel_err": 0.009836930063553238,
    "ratioP": 4.54292528448206e-05,
    "ratioP_rel_err": 0.018578969107293286,
    "kQTSTP": 6.864495842611907e-06,
    "kQTSTP_rel_err": 0.021022447197341126,
    "kQTSTP_err": 1.4430850138767649e-07,
    "1/Keq": 1.9513788756471797,
    "1/Keq_err": 0.05486012272520903
}