{
    "P": 6.505316523385248,
    "P_rel_err": 0.009276011125124228,
    "ratio": 4.756556574940341e-08,
    "ratio_rel_err": 0.013339479898967527,
    "kQTST": 5.709550009354479e-09,
    "kQTST_rel_err": 0.016247649256689013,
    "kQTST_err": 9.276676596551705e-11,
    "UNITS": "eVAamu",
    "PP": 6.591228742319977,
    "PP_rel_err": 0.009842902149978293,
    "ratioP": 1.0069035363111538e-07,
    "ratioP_rel_err": 0.013627497140012221,
    "kQTSTP": 1.2246021904153823e-08,
    "kQTSTP_rel_err": 0.016810455110885265,
    "kQTSTP_err": 2.0586120150669552e-10,
    "1/Keq": 2.1448313587042835,
    "1/Keq_err": 0.05014400620695478
}