{
    "P": 6.070481109476934,
    "P_rel_err": 0.009900675106305176,
    "ratio": 8.803825493383935e-08,
    "ratio_rel_err": 0.009170224681375622,
    "kQTST": 1.0802541480603106e-08,
    "kQTST_rel_err": 0.013495050510002608,
    "kQTST_err": 1.4578084291713727e-10,
    "UNITS": "eVAamu",
    "PP": 5.929915454001551,
    "PP_rel_err": 0.00758548857383683,
    "ratioP": 1.736071178097523e-07,
    "ratioP_rel_err": 0.010759415365219845,
    "kQTSTP": 2.080881904874507e-08,
    "kQTSTP_rel_err": 0.013164522623518788,
    "kQTSTP_err": 2.739381691359132e-10,
    "1/Keq": 1.9262892057493226,
    "1/Keq_err": 0.03631558631395963
}