{
    "P": 5.402931779864064,
    "P_rel_err": 0.011578147938903412,
    "ratio": 7.603323565091855e-07,
    "ratio_rel_err": 0.005407488857829706,
    "kQTST": 9.588125942958782e-08,
    "kQTST_rel_err": 0.01277867150539076,
    "kQTST_err": 1.225235117773853e-09,
    "UNITS": "eVAamu",
    "PP": 5.20982910280793,
    "PP_rel_err": 0.010101444734559486,
    "ratioP": 1.2296858318187228e-06,
    "ratioP_rel_err": 0.004566004127864071,
    "kQTSTP": 1.4952658686084074e-07,
    "kQTSTP_rel_err": 0.01108546703666703,
    "kQTSTP_err": 1.6575720497511794e-09,
    "1/Keq": 1.5594975259023205,
    "1/Keq_err": 0.026381887629829102
}