{
    "P": 3.899653107940125,
    "P_rel_err": 0.01173921417596662,
    "ratio": 0.0002578276634510668,
    "ratio_rel_err": 0.0014810809179748204,
    "kQTST": 3.213341615727148e-05,
    "kQTST_rel_err": 0.011832275780880227,
    "kQTST_err": 3.8021144175462867e-07,
    "UNITS": "eVAamu",
    "PP": 3.9019091193057847,
    "PP_rel_err": 0.012274315607696483,
    "ratioP": 0.00033510269250871226,
    "ratioP_rel_err": 0.0014817581110810037,
    "kQTSTP": 4.178847058377638e-05,
    "kQTSTP_rel_err": 0.012363431187865924,
    "kQTSTP_err": 5.166488805086787e-07,
    "1/Keq": 1.3004677242920548,
    "1/Keq_err": 0.02225499580903769
}