{
    "P": 4.322005491845425,
    "P_rel_err": 0.011358177617262667,
    "ratio": 6.879674413253033e-05,
    "ratio_rel_err": 0.0064092037869995155,
    "kQTST": 1.0968750209080343e-05,
    "kQTST_rel_err": 0.013041705868810857,
    "kQTST_err": 1.4305121397528343e-07,
    "UNITS": "eVAamu",
    "PP": 4.224879758418814,
    "PP_rel_err": 0.011845203759805384,
    "ratioP": 0.00010131310038032262,
    "ratioP_rel_err": 0.004808930160726973,
    "kQTSTP": 1.579006456386788e-05,
    "kQTSTP_rel_err": 0.012784156655879071,
    "kQTSTP_err": 2.0186265899093182e-07,
    "1/Keq": 1.4395500182688337,
    "1/Keq_err": 0.026289855008603334
}