{
    "P": 5.147968234434391,
    "P_rel_err": 0.010763305574226905,
    "ratio": 5.902221833159553e-06,
    "ratio_rel_err": 0.007405714106618723,
    "kQTST": 9.37787313832988e-07,
    "kQTST_rel_err": 0.013064966448986982,
    "kQTST_err": 1.2252159791513612e-08,
    "UNITS": "eVAamu",
    "PP": 5.1874836987171635,
    "PP_rel_err": 0.010620865900833916,
    "ratioP": 1.0032684402955595e-05,
    "ratioP_rel_err": 0.00753733701809386,
    "kQTSTP": 1.6063007516534352e-06,
    "kQTSTP_rel_err": 0.013023603257463915,
    "kQTSTP_err": 2.0919823701700412e-08,
    "1/Keq": 1.7128625307246412,
    "1/Keq_err": 0.03159790775938224
}