{
    "P": 3.9243380851109735,
    "P_rel_err": 0.011082969594977446,
    "ratio": 0.0002048418342694088,
    "ratio_rel_err": 0.00308766042912378,
    "kQTST": 3.3154617695847645e-05,
    "kQTST_rel_err": 0.011505036374074242,
    "kQTST_err": 3.814450825592527e-07,
    "UNITS": "eVAamu",
    "PP": 3.8302725099212696,
    "PP_rel_err": 0.01247271469867671,
    "ratioP": 0.00027797329641055516,
    "ratioP_rel_err": 0.00257970393562258,
    "kQTSTP": 4.391285806174154e-05,
    "kQTSTP_rel_err": 0.01273669833002465,
    "kQTSTP_err": 5.59304825941593e-07,
    "1/Keq": 1.3244869376744852,
    "1/Keq_err": 0.02273297100105062
}