{
    "P": 2.8963274370852226,
    "P_rel_err": 0.012458423545556778,
    "ratio": 0.00519292820705076,
    "ratio_rel_err": 0.0012209248062620861,
    "kQTST": 0.0008322526421365067,
    "kQTST_rel_err": 0.012518105872017127,
    "kQTST_err": 1.0418226686530774e-05,
    "UNITS": "eVAamu",
    "PP": 2.903398926916261,
    "PP_rel_err": 0.014968158179591528,
    "ratioP": 0.006179124934168148,
    "ratioP_rel_err": 0.0013163997774042876,
    "kQTSTP": 0.0009927248513466524,
    "kQTSTP_rel_err": 0.015025933171128601,
    "kQTSTP_err": 1.4916617273653374e-05,
    "1/Keq": 1.192816701426374,
    "1/Keq_err": 0.02332808070234351
}