{
    "P": 3.2081495883195914,
    "P_rel_err": 0.014218675505619558,
    "ratio": 0.0033250262213141064,
    "ratio_rel_err": 0.0007200536828872197,
    "kQTST": 0.00041753868941769715,
    "kQTST_rel_err": 0.014236896095720621,
    "kQTST_err": 5.944454937183117e-06,
    "UNITS": "eVAamu",
    "PP": 3.2335783569293204,
    "PP_rel_err": 0.011765157997255287,
    "ratioP": 0.003976123208454093,
    "ratioP_rel_err": 0.0008016732628305597,
    "kQTSTP": 0.0005032575068763287,
    "kQTSTP_rel_err": 0.011792439218444903,
    "kQTSTP_err": 5.934633561065224e-06,
    "1/Keq": 1.2052955082514047,
    "1/Keq_err": 0.022281700332890536
}