{
    "P": 3.488575250375844,
    "P_rel_err": 0.013643307995304388,
    "ratio": 0.0006586741460657273,
    "ratio_rel_err": 0.0022008529080015746,
    "kQTST": 0.00010381695547623585,
    "kQTST_rel_err": 0.013819681855143975,
    "kQTST_err": 1.4347172958512266e-06,
    "UNITS": "eVAamu",
    "PP": 3.5021969450677104,
    "PP_rel_err": 0.010904385097831891,
    "ratioP": 0.0008460921845311419,
    "ratioP_rel_err": 0.0020479621171576633,
    "kQTSTP": 0.00013387757110688766,
    "kQTSTP_rel_err": 0.011095033266968203,
    "kQTSTP_err": 1.4853761051318198e-06,
    "1/Keq": 1.2895540087142394,
    "1/Keq_err": 0.02285398861734538
}