{
    "P": 4.87069180126822,
    "P_rel_err": 0.010163462938153825,
    "ratio": 1.1045268709760824e-05,
    "ratio_rel_err": 0.007597894177243567,
    "kQTST": 1.775071601548366e-06,
    "kQTST_rel_err": 0.012689522245688294,
    "kQTST_err": 2.2524810575537537e-08,
    "UNITS": "eVAamu",
    "PP": 4.739094991528605,
    "PP_rel_err": 0.010908547740141725,
    "ratioP": 1.7913165709399642e-05,
    "ratioP_rel_err": 0.006893684805362872,
    "kQTSTP": 2.801023145521413e-06,
    "kQTSTP_rel_err": 0.0129042358934825,
    "kQTSTP_err": 3.6145063412912674e-08,
    "1/Keq": 1.5779775548649004,
    "1/Keq_err": 0.028558485182612104
}