{
    "P": 3.5089455341954783,
    "P_rel_err": 0.013248920515045386,
    "ratio": 0.0006594430371669789,
    "ratio_rel_err": 0.0025161124911991764,
    "kQTST": 0.00010454505379294819,
    "kQTST_rel_err": 0.013485722705230114,
    "kQTST_err": 1.4098656056550651e-06,
    "UNITS": "eVAamu",
    "PP": 3.658218503680563,
    "PP_rel_err": 0.012285075105335663,
    "ratioP": 0.0008531596281468472,
    "ratioP_rel_err": 0.0019943824539906453,
    "kQTSTP": 0.00014100987078071,
    "kQTSTP_rel_err": 0.012445908231885844,
    "kQTSTP_err": 1.7549959115267978e-06,
    "1/Keq": 1.3487952386535713,
    "1/Keq_err": 0.024751967347213293
}