{
    "P": 2.606771586197288,
    "P_rel_err": 0.012771830089256357,
    "ratio": 0.01658755278937441,
    "ratio_rel_err": 0.0007448680363313446,
    "kQTST": 0.002762802692569079,
    "kQTST_rel_err": 0.012793532437148944,
    "kQTST_err": 3.534600586482495e-05,
    "UNITS": "eVAamu",
    "PP": 2.5203699685179886,
    "PP_rel_err": 0.017089228048438255,
    "ratioP": 0.01888129973162375,
    "ratioP_rel_err": 0.0007656596177803098,
    "kQTSTP": 0.0030406102605009568,
    "kQTSTP_rel_err": 0.01710637161825465,
    "kQTSTP_err": 5.201380906240745e-05,
    "1/Keq": 1.1005528077263997,
    "1/Keq_err": 0.023509168738401743
}