{
    "P": 2.555492633646103,
    "P_rel_err": 0.015084162832671229,
    "ratio": 0.01654034155761885,
    "ratio_rel_err": 0.0006928220456303993,
    "kQTST": 0.0027007456231187285,
    "kQTST_rel_err": 0.015100065256463352,
    "kQTST_err": 4.0781435150200576e-05,
    "UNITS": "eVAamu",
    "PP": 2.496101292160494,
    "PP_rel_err": 0.018353755063868698,
    "ratioP": 0.018861145599318178,
    "ratioP_rel_err": 0.0007154433680731764,
    "kQTSTP": 0.0030081178502395253,
    "kQTSTP_rel_err": 0.01836769403483752,
    "kQTSTP_err": 5.525218829393279e-05,
    "1/Keq": 1.1138101361674535,
    "1/Keq_err": 0.026483963604232615
}