{
    "P": 3.136241266599949,
    "P_rel_err": 0.013327304213531581,
    "ratio": 0.002928254211083008,
    "ratio_rel_err": 0.001683963745549244,
    "kQTST": 0.00047911215169527864,
    "kQTST_rel_err": 0.013433271064649178,
    "kQTST_err": 6.436043404089994e-06,
    "UNITS": "eVAamu",
    "PP": 3.069917102741482,
    "PP_rel_err": 0.014181542733098207,
    "ratioP": 0.003551624257575195,
    "ratioP_rel_err": 0.0013131187398546093,
    "kQTSTP": 0.0005688170509709455,
    "kQTSTP_rel_err": 0.014242206118282657,
    "kQTSTP_err": 8.101209683521898e-06,
    "1/Keq": 1.18723152597624,
    "1/Keq_err": 0.023243470929996568
}