{
    "P": 3.0966561445682728,
    "P_rel_err": 0.011902417579836325,
    "ratio": 0.003010751895322949,
    "ratio_rel_err": 0.001525153984292645,
    "kQTST": 0.00048639253010464084,
    "kQTST_rel_err": 0.011999734952097923,
    "kQTST_err": 5.836581443936e-06,
    "UNITS": "eVAamu",
    "PP": 3.0917567543920272,
    "PP_rel_err": 0.01507100501417588,
    "ratioP": 0.0036471032930388194,
    "ratioP_rel_err": 0.0016819803176898144,
    "kQTSTP": 0.0005882640740005348,
    "kQTSTP_rel_err": 0.015164572197276467,
    "kQTSTP_err": 8.920773021245096e-06,
    "1/Keq": 1.2094430682847404,
    "1/Keq_err": 0.023388198948444624
}