{
    "P": 2.9872255363820766,
    "P_rel_err": 0.012212517106945452,
    "ratio": 0.005569083987949971,
    "ratio_rel_err": 0.0005691800792268258,
    "kQTST": 0.0006864004586772326,
    "kQTST_rel_err": 0.012225773597201282,
    "kQTST_err": 8.39177660480296e-06,
    "UNITS": "eVAamu",
    "PP": 3.023848968863241,
    "PP_rel_err": 0.013378058002529924,
    "ratioP": 0.006535057595673007,
    "ratioP_rel_err": 0.0005677659045396018,
    "kQTSTP": 0.0008153335241187066,
    "kQTSTP_rel_err": 0.013390100598629296,
    "kQTSTP_err": 1.0917397909384427e-05,
    "1/Keq": 1.1878394220335193,
    "1/Keq_err": 0.021537737678012883
}