{
    "P": 4.829712731046124,
    "P_rel_err": 0.011820887608040983,
    "ratio": 2.8393657233020198e-05,
    "ratio_rel_err": 0.009447208079530775,
    "kQTST": 4.524718604783604e-06,
    "kQTST_rel_err": 0.01513218835264379,
    "kQTST_err": 6.846889417029711e-08,
    "UNITS": "eVAamu",
    "PP": 4.653137088461913,
    "PP_rel_err": 0.011435797652420771,
    "ratioP": 4.5501673494845536e-05,
    "ratioP_rel_err": 0.009185326413801346,
    "kQTSTP": 6.9858966705762665e-06,
    "kQTSTP_rel_err": 0.014667913596527256,
    "kQTSTP_err": 1.024685287582801e-07,
    "1/Keq": 1.5439405807889723,
    "1/Keq_err": 0.032537638894598715
}