{
    "P": 3.37669533437184,
    "P_rel_err": 0.011307804935742528,
    "ratio": 0.0017396087977584146,
    "ratio_rel_err": 0.001234224038555925,
    "kQTST": 0.0002167775236797633,
    "kQTST_rel_err": 0.011374962041349957,
    "kQTST_err": 2.465836103275149e-06,
    "UNITS": "eVAamu",
    "PP": 3.4523371711956656,
    "PP_rel_err": 0.012698524953362723,
    "ratioP": 0.002120182285697804,
    "ratioP_rel_err": 0.0008532833071415532,
    "kQTSTP": 0.0002701202753239919,
    "kQTSTP_rel_err": 0.012727161050030841,
    "kQTSTP_err": 3.4378642469271168e-06,
    "1/Keq": 1.2460714133953745,
    "1/Keq_err": 0.021269909415464194
}