{
    "P": 5.208505867219688,
    "P_rel_err": 0.008080904800979177,
    "ratio": 5.946851242171145e-06,
    "ratio_rel_err": 0.010015194076171643,
    "kQTST": 9.559896696766463e-07,
    "kQTST_rel_err": 0.012868765861024587,
    "kQTST_err": 1.2302407224626997e-08,
    "UNITS": "eVAamu",
    "PP": 5.0949461079278215,
    "PP_rel_err": 0.009940520130032335,
    "ratioP": 1.0089021390855553e-05,
    "ratioP_rel_err": 0.007676449532579513,
    "kQTSTP": 1.5865055807011437e-06,
    "kQTSTP_rel_err": 0.012559530957874912,
    "kQTSTP_err": 1.992576595565733e-08,
    "1/Keq": 1.659542598653564,
    "1/Keq_err": 0.029841647150246363
}