{
    "P": 3.418394931425059,
    "P_rel_err": 0.011000059687910603,
    "ratio": 0.0017399740061991922,
    "ratio_rel_err": 0.0009434732594759648,
    "kQTST": 0.0002195006314588213,
    "kQTST_rel_err": 0.011040446319281758,
    "kQTST_err": 2.4233849386695653e-06,
    "UNITS": "eVAamu",
    "PP": 3.3632542486148345,
    "PP_rel_err": 0.012891023282982904,
    "ratioP": 0.002122777583112727,
    "ratioP_rel_err": 0.0012068004139982227,
    "kQTSTP": 0.0002634723044599564,
    "kQTSTP_rel_err": 0.01294738771033113,
    "kQTSTP_err": 3.411278076777461e-06,
    "1/Keq": 1.2003259521801615,
    "1/Keq_err": 0.02042411319693164
}