{
    "P": 2.8301389899071707,
    "P_rel_err": 0.015881463373941286,
    "ratio": 0.008161347944156409,
    "ratio_rel_err": 0.0011172886926436381,
    "kQTST": 0.0013472357825078218,
    "kQTST_rel_err": 0.01592071647007596,
    "kQTST_err": 2.144895891164795e-05,
    "UNITS": "eVAamu",
    "PP": 2.794393150649805,
    "PP_rel_err": 0.013421333182442402,
    "ratioP": 0.009547579202816785,
    "ratioP_rel_err": 0.0011208206302658252,
    "kQTSTP": 0.0015561617237019071,
    "kQTSTP_rel_err": 0.013468051948197965,
    "kQTSTP_err": 2.095846693461457e-05,
    "1/Keq": 1.155077488221979,
    "1/Keq_err": 0.0240871085707625
}