{
    "P": 4.549311971007239,
    "P_rel_err": 0.008506366981808828,
    "ratio": 4.293641205392743e-05,
    "ratio_rel_err": 0.0075190520120006965,
    "kQTST": 6.835915274129347e-06,
    "kQTST_rel_err": 0.0113531679450442,
    "kQTST_err": 7.760929416528334e-08,
    "UNITS": "eVAamu",
    "PP": 4.38799334482791,
    "PP_rel_err": 0.01217414892062283,
    "ratioP": 6.509214303093694e-05,
    "ratioP_rel_err": 0.005121466565496704,
    "kQTSTP": 9.99585003017295e-06,
    "kQTSTP_rel_err": 0.013207547907276454,
    "kQTSTP_err": 1.3202066814746002e-07,
    "1/Keq": 1.4622548158258246,
    "1/Keq_err": 0.02546733043327462
}