{
    "P": 2.9445473110014677,
    "P_rel_err": 0.012613980429736809,
    "ratio": 0.005194127645961042,
    "ratio_rel_err": 0.0013610677761329202,
    "kQTST": 0.0008463039358746726,
    "kQTST_rel_err": 0.012687198578607124,
    "kQTST_err": 1.0737226092298762e-05,
    "UNITS": "eVAamu",
    "PP": 2.955083963290919,
    "PP_rel_err": 0.014035892632484235,
    "ratioP": 0.006188870110552464,
    "ratioP_rel_err": 0.0012098793686037214,
    "kQTSTP": 0.001011990414248231,
    "kQTSTP_rel_err": 0.01408794130017577,
    "kQTSTP_err": 1.4256861552269638e-05,
    "1/Keq": 1.1957765660185875,
    "1/Keq_err": 0.0226704572365596
}