{
    "P": 3.1024723602731865,
    "P_rel_err": 0.014569465377237124,
    "ratio": 0.0029866271462814582,
    "ratio_rel_err": 0.0015498183618993385,
    "kQTST": 0.00048340136655426134,
    "kQTST_rel_err": 0.01465166401243871,
    "kQTST_err": 7.082634405906764e-06,
    "UNITS": "eVAamu",
    "PP": 3.0885797695933417,
    "PP_rel_err": 0.01389446230648428,
    "ratioP": 0.0036269964349452946,
    "ratioP_rel_err": 0.0015659850131292511,
    "kQTSTP": 0.0005844197655208571,
    "kQTSTP_rel_err": 0.013982431542748846,
    "kQTSTP_err": 8.171609363624716e-06,
    "1/Keq": 1.2089741692016018,
    "1/Keq_err": 0.0244852237517305
}