{
    "P": 2.8051497190358794,
    "P_rel_err": 0.0161602220530076,
    "ratio": 0.008177192540250951,
    "ratio_rel_err": 0.001386265722190064,
    "kQTST": 0.001337932552885815,
    "kQTST_rel_err": 0.0162195718024562,
    "kQTST_err": 2.1700693108375004e-05,
    "UNITS": "eVAamu",
    "PP": 2.7973307208373206,
    "PP_rel_err": 0.015088344585596903,
    "ratioP": 0.009566429225760467,
    "ratioP_rel_err": 0.0013731925065425463,
    "kQTSTP": 0.0015608732174430579,
    "kQTSTP_rel_err": 0.015150702953781913,
    "kQTSTP_err": 2.3648326465993614e-05,
    "1/Keq": 1.166630719968938,
    "1/Keq_err": 0.02589337630541735
}