{
    "P": 3.4584438919990577,
    "P_rel_err": 0.012529331574904767,
    "ratio": 0.001715189518902575,
    "ratio_rel_err": 0.0008946063349299568,
    "kQTST": 0.00021890900461376406,
    "kQTST_rel_err": 0.012561228849455867,
    "kQTST_err": 2.7497661041600805e-06,
    "UNITS": "eVAamu",
    "PP": 3.4107657524681367,
    "PP_rel_err": 0.012574421312591578,
    "ratioP": 0.0020953389311055446,
    "ratioP_rel_err": 0.000834901839458364,
    "kQTSTP": 0.0002637405779466406,
    "kQTSTP_rel_err": 0.012602108253307789,
    "kQTSTP_err": 3.323687314073526e-06,
    "1/Keq": 1.2047954738635624,
    "1/Keq_err": 0.021437154515565885
}