{
    "P": 6.017732648113347,
    "P_rel_err": 0.010171065755177493,
    "ratio": 2.364149150092698e-05,
    "ratio_rel_err": 0.012385372062449853,
    "kQTST": 3.711049182585332e-06,
    "kQTST_rel_err": 0.016026478706236677,
    "kQTST_err": 5.947505070250085e-08,
    "UNITS": "eVAamu",
    "PP": 5.8285551140023495,
    "PP_rel_err": 0.010328116914207569,
    "ratioP": 5.125329244134278e-05,
    "ratioP_rel_err": 0.01619967037229908,
    "kQTSTP": 7.79240695704049e-06,
    "kQTSTP_rel_err": 0.019211957712963173,
    "kQTSTP_err": 1.4970739294086193e-07,
    "1/Keq": 2.099785417452174,
    "1/Keq_err": 0.05253440453965349
}