{
    "P": 2.925904535915162,
    "P_rel_err": 0.011765514727088755,
    "ratio": 0.00797943731364722,
    "ratio_rel_err": 0.0009497530267604503,
    "kQTST": 0.0013617781780171485,
    "kQTST_rel_err": 0.011803786155517347,
    "kQTST_err": 1.6074138404564453e-05,
    "UNITS": "eVAamu",
    "PP": 2.8260460104814236,
    "PP_rel_err": 0.015396981808084308,
    "ratioP": 0.009352639716185078,
    "ratioP_rel_err": 0.0009788796032697011,
    "kQTSTP": 0.0015416556680738882,
    "kQTSTP_rel_err": 0.015428067088140904,
    "kQTSTP_err": 2.3784767073856634e-05,
    "1/Keq": 1.1320901545937936,
    "1/Keq_err": 0.021991550505875194
}