{
    "P": 3.104136062221095,
    "P_rel_err": 0.013080220366996818,
    "ratio": 0.0030179900464280024,
    "ratio_rel_err": 0.0011216653182389148,
    "kQTST": 0.0004887395637738278,
    "kQTST_rel_err": 0.013128225239358837,
    "kQTST_err": 6.416283076608795e-06,
    "UNITS": "eVAamu",
    "PP": 3.081230553548552,
    "PP_rel_err": 0.015400289084885199,
    "ratioP": 0.0036520350103652057,
    "ratioP_rel_err": 0.0016231540645724562,
    "kQTSTP": 0.0005870540282775537,
    "kQTSTP_rel_err": 0.015485591141941346,
    "kQTSTP_err": 9.09087866013587e-06,
    "1/Keq": 1.201159209916598,
    "1/Keq_err": 0.024385420339768697
}