{
    "P": 3.544688815395574,
    "P_rel_err": 0.011342052715262748,
    "ratio": 0.0006698842063830177,
    "ratio_rel_err": 0.002717601785661013,
    "kQTST": 0.00010728214046150489,
    "kQTST_rel_err": 0.011663083608601415,
    "kQTST_err": 1.2512405739122522e-06,
    "UNITS": "eVAamu",
    "PP": 3.5304086318724215,
    "PP_rel_err": 0.012553284910823415,
    "ratioP": 0.0008656430476051923,
    "ratioP_rel_err": 0.0023704908567857906,
    "kQTSTP": 0.00013807447413325536,
    "kQTSTP_rel_err": 0.012775139488647938,
    "kQTSTP_err": 1.7639206668740488e-06,
    "1/Keq": 1.2870219920975514,
    "1/Keq_err": 0.022263312068438592
}