{
    "P": 6.055314237956163,
    "P_rel_err": 0.008365763381857756,
    "ratio": 1.0159201096456394e-05,
    "ratio_rel_err": 0.01729441433582324,
    "kQTST": 1.604667997867558e-06,
    "kQTST_rel_err": 0.019211526857081412,
    "kQTST_err": 3.0828122337731646e-08,
    "UNITS": "eVAamu",
    "PP": 6.045101023702439,
    "PP_rel_err": 0.009402158616263747,
    "ratioP": 2.13246795033446e-05,
    "ratioP_rel_err": 0.014229604714386338,
    "kQTSTP": 3.3625985750951195e-06,
    "kQTSTP_rel_err": 0.017055270064501134,
    "kQTSTP_err": 5.7350026816753964e-08,
    "1/Keq": 2.0955104604589074,
    "1/Keq_err": 0.053833211065762485
}