{
    "P": 4.341673971834843,
    "P_rel_err": 0.011929496097689691,
    "ratio": 6.458246297312479e-05,
    "ratio_rel_err": 0.006408116130000547,
    "kQTST": 1.0343696240581455e-05,
    "kQTST_rel_err": 0.013541670114146436,
    "kQTST_err": 1.4007092225089073e-07,
    "UNITS": "eVAamu",
    "PP": 4.292525307025846,
    "PP_rel_err": 0.010869661892518286,
    "ratioP": 9.356557356033084e-05,
    "ratioP_rel_err": 0.005457485000383981,
    "kQTSTP": 1.4816065698701616e-05,
    "kQTSTP_rel_err": 0.012162799520960638,
    "kQTSTP_err": 1.8020483678268937e-07,
    "1/Keq": 1.4323763337687452,
    "1/Keq_err": 0.02607202422490828
}