{
    "P": 3.9191825169327013,
    "P_rel_err": 0.013642702793233593,
    "ratio": 0.00042342991716583315,
    "ratio_rel_err": 0.0013153843724490629,
    "kQTST": 5.4776313434624906e-05,
    "kQTST_rel_err": 0.013705968610491814,
    "kQTST_err": 7.5076243253343e-07,
    "UNITS": "eVAamu",
    "PP": 3.7874589801463596,
    "PP_rel_err": 0.014646538037703763,
    "ratioP": 0.0005424442530701381,
    "ratioP_rel_err": 0.001204422486986972,
    "kQTSTP": 6.781391563119911e-05,
    "kQTSTP_rel_err": 0.01469597598041937,
    "kQTSTP_err": 9.965916752542879e-07,
    "1/Keq": 1.238015327777297,
    "1/Keq_err": 0.02487841889824417
}