{
    "P": 5.340024945222401,
    "P_rel_err": 0.009486140112012667,
    "ratio": 9.789178940463697e-07,
    "ratio_rel_err": 0.004872490918476551,
    "kQTST": 1.2200856703127495e-07,
    "kQTST_rel_err": 0.010664334108390086,
    "kQTST_err": 1.3011401229074237e-09,
    "UNITS": "eVAamu",
    "PP": 5.219841227136203,
    "PP_rel_err": 0.011106854031026894,
    "ratioP": 1.5879204427958657e-06,
    "ratioP_rel_err": 0.005330542949718612,
    "kQTSTP": 1.9345805024493893e-07,
    "kQTSTP_rel_err": 0.012319776564748777,
    "kQTSTP_err": 2.38335995366959e-09,
    "1/Keq": 1.5856103792723755,
    "1/Keq_err": 0.02583644546074869
}