{
    "P": 2.7812506996634614,
    "P_rel_err": 0.013797187103804702,
    "ratio": 0.012623200927327171,
    "ratio_rel_err": 0.00044963197546028766,
    "kQTST": 0.0015868140601678405,
    "kQTST_rel_err": 0.013804511613626579,
    "kQTST_err": 2.1905193122252898e-05,
    "UNITS": "eVAamu",
    "PP": 2.6779247971715487,
    "PP_rel_err": 0.016209390328903003,
    "ratioP": 0.014462892247747983,
    "ratioP_rel_err": 0.00039232636991052915,
    "kQTSTP": 0.0017505315184531895,
    "kQTSTP_rel_err": 0.016214137498345736,
    "kQTSTP_err": 2.8383358735387962e-05,
    "1/Keq": 1.1031736877022833,
    "1/Keq_err": 0.023491715107047628
}