{
    "P": 2.6694779657952195,
    "P_rel_err": 0.015300093622830588,
    "ratio": 0.012670587533294043,
    "ratio_rel_err": 0.0004447494128847392,
    "kQTST": 0.0015287606703092344,
    "kQTST_rel_err": 0.015306556337322988,
    "kQTST_err": 2.3400061326371952e-05,
    "UNITS": "eVAamu",
    "PP": 2.6911612930758064,
    "PP_rel_err": 0.013561475667095927,
    "ratioP": 0.014484824548632383,
    "ratioP_rel_err": 0.00047842682530249144,
    "kQTSTP": 0.0017618517983404884,
    "kQTSTP_rel_err": 0.01356991210348851,
    "kQTSTP_err": 2.390817404285359e-05,
    "1/Keq": 1.1524706466867078,
    "1/Keq_err": 0.023574523915346104
}