{
    "P": 3.379494630245661,
    "P_rel_err": 0.010850207597733004,
    "ratio": 0.0015350223587129869,
    "ratio_rel_err": 0.0017601140579766939,
    "kQTST": 0.000253156706753338,
    "kQTST_rel_err": 0.010992042867956357,
    "kQTST_err": 2.782709372943348e-06,
    "UNITS": "eVAamu",
    "PP": 3.289856977638331,
    "PP_rel_err": 0.01185865901876022,
    "ratioP": 0.001915241756215778,
    "ratioP_rel_err": 0.0019054758278685563,
    "kQTSTP": 0.00030748475656333874,
    "kQTSTP_rel_err": 0.01201077149286483,
    "kQTSTP_err": 3.693129148621431e-06,
    "1/Keq": 1.2146024512119087,
    "1/Keq_err": 0.019775415380019635
}