{
    "P": 5.939805090039244,
    "P_rel_err": 0.010525355042339108,
    "ratio": 2.1567904716928465e-05,
    "ratio_rel_err": 0.01580205561859608,
    "kQTST": 3.3417126237079144e-06,
    "kQTST_rel_err": 0.018986523129327738,
    "kQTST_err": 6.34475040215968e-08,
    "UNITS": "eVAamu",
    "PP": 5.825087875052191,
    "PP_rel_err": 0.008718040461197469,
    "ratioP": 4.3652749993959564e-05,
    "ratioP_rel_err": 0.016353383636940794,
    "kQTSTP": 6.63289371681501e-06,
    "kQTSTP_rel_err": 0.018532063723720547,
    "kQTSTP_err": 1.229212090326814e-07,
    "1/Keq": 1.9848785529185482,
    "1/Keq_err": 0.05266199064175847
}