{
    "P": 3.11252239271456,
    "P_rel_err": 0.010614754787943173,
    "ratio": 0.00301321427831865,
    "ratio_rel_err": 0.0013522171393212973,
    "kQTST": 0.000489284486271839,
    "kQTST_rel_err": 0.010700537855642435,
    "kQTST_err": 5.2356071675303745e-06,
    "UNITS": "eVAamu",
    "PP": 3.0634355223290264,
    "PP_rel_err": 0.013408807693980488,
    "ratioP": 0.003663737191718387,
    "ratioP_rel_err": 0.0018254170017412152,
    "kQTSTP": 0.0005855338428902714,
    "kQTSTP_rel_err": 0.013532489460716243,
    "kQTSTP_err": 7.923730557805279e-06,
    "1/Keq": 1.1967145072426388,
    "1/Keq_err": 0.02064565893346867
}