{
    "P": 3.9261955291672233,
    "P_rel_err": 0.014808696860502221,
    "ratio": 0.0004234882887358158,
    "ratio_rel_err": 0.001441721749581386,
    "kQTST": 5.488189520181232e-05,
    "kQTST_rel_err": 0.01487871178259275,
    "kQTST_err": 8.165719007902255e-07,
    "UNITS": "eVAamu",
    "PP": 3.754949019637705,
    "PP_rel_err": 0.011765081598751441,
    "ratioP": 0.0005432915321801357,
    "ratioP_rel_err": 0.0013142306682149823,
    "kQTSTP": 6.733684318693925e-05,
    "kQTSTP_rel_err": 0.011838257780372776,
    "kQTSTP_err": 7.971509077635251e-07,
    "1/Keq": 1.2269409235837694,
    "1/Keq_err": 0.023328674503812076
}