{
    "P": 3.950747352315702,
    "P_rel_err": 0.011444377471315761,
    "ratio": 0.00021254554951068662,
    "ratio_rel_err": 0.0034191158593459827,
    "kQTST": 3.463300906968899e-05,
    "kQTST_rel_err": 0.011944209013810457,
    "kQTST_err": 4.1366389910555854e-07,
    "UNITS": "eVAamu",
    "PP": 3.794652653019452,
    "PP_rel_err": 0.013963428929414169,
    "ratioP": 0.0002857779378486903,
    "ratioP_rel_err": 0.0031597728861990707,
    "kQTSTP": 4.472596089750979e-05,
    "kQTSTP_rel_err": 0.014316476946482306,
    "kQTSTP_err": 6.40318188098468e-07,
    "1/Keq": 1.2914257842138879,
    "1/Keq_err": 0.024078274130031357
}