{
    "P": 4.785998049592827,
    "P_rel_err": 0.01084424023230259,
    "ratio": 8.263937205022484e-06,
    "ratio_rel_err": 0.002541515100284493,
    "kQTST": 1.0320846185588488e-06,
    "kQTST_rel_err": 0.011138080858965975,
    "kQTST_err": 1.1495441934803512e-08,
    "UNITS": "eVAamu",
    "PP": 4.728644923950323,
    "PP_rel_err": 0.012578269925938027,
    "ratioP": 1.2320288352105496e-05,
    "ratioP_rel_err": 0.0031621509295133186,
    "kQTSTP": 1.520244203822709e-06,
    "kQTSTP_rel_err": 0.012969659703738529,
    "kQTSTP_err": 1.971704999016145e-08,
    "1/Keq": 1.4729840717377436,
    "1/Keq_err": 0.0251819505350487
}