{
    "P": 3.5964777028016317,
    "P_rel_err": 0.010456550571197099,
    "ratio": 0.0006133637382133751,
    "ratio_rel_err": 0.0025910142597772015,
    "kQTST": 9.966554488788056e-05,
    "kQTST_rel_err": 0.010772780733978167,
    "kQTST_err": 1.0736750618095958e-06,
    "UNITS": "eVAamu",
    "PP": 3.5625949162031656,
    "PP_rel_err": 0.012106818665881175,
    "ratioP": 0.000794143201329317,
    "ratioP_rel_err": 0.002025730009776423,
    "kQTSTP": 0.00012782471770953074,
    "kQTSTP_rel_err": 0.012275122821423727,
    "kQTSTP_err": 1.5690641094983064e-06,
    "1/Keq": 1.2825366866084766,
    "1/Keq_err": 0.020946280050189007
}