{
    "P": 5.611349571291027,
    "P_rel_err": 0.009337988998934444,
    "ratio": 3.4493900504817086e-06,
    "ratio_rel_err": 0.010427427424800842,
    "kQTST": 5.530815905125442e-07,
    "kQTST_rel_err": 0.013997474102269645,
    "kQTST_err": 7.741745239641442e-09,
    "UNITS": "eVAamu",
    "PP": 5.539458767901033,
    "PP_rel_err": 0.010055253790869256,
    "ratioP": 6.382213711579969e-06,
    "ratioP_rel_err": 0.01037423878724128,
    "kQTSTP": 1.0102253183992835e-06,
    "kQTSTP_rel_err": 0.014447593544029814,
    "kQTSTP_err": 1.4595324788120952e-08,
    "1/Keq": 1.8265394034596258,
    "1/Keq_err": 0.0367430654536282
}