{
    "P": 5.298981128100865,
    "P_rel_err": 0.010114009115764856,
    "ratio": 8.43650887047318e-07,
    "ratio_rel_err": 0.004863136189238991,
    "kQTST": 1.0434122080822793e-07,
    "kQTST_rel_err": 0.011222445098500618,
    "kQTST_err": 1.1709636220308683e-09,
    "UNITS": "eVAamu",
    "PP": 5.280199220356492,
    "PP_rel_err": 0.009159547317453507,
    "ratioP": 1.3814174765214094e-06,
    "ratioP_rel_err": 0.004248081863067676,
    "kQTSTP": 1.702456516366294e-07,
    "kQTSTP_rel_err": 0.01009670770974352,
    "kQTSTP_err": 1.718920583429866e-09,
    "1/Keq": 1.6316241109496825,
    "1/Keq_err": 0.024630865963722843
}