{
    "P": 3.5874152205898424,
    "P_rel_err": 0.013789697889889416,
    "ratio": 0.000643879343312984,
    "ratio_rel_err": 0.002655475242308673,
    "kQTST": 0.00010436039520736229,
    "kQTST_rel_err": 0.014043052255721862,
    "kQTST_err": 1.465538483324774e-06,
    "UNITS": "eVAamu",
    "PP": 3.5409844205892864,
    "PP_rel_err": 0.013261996158934471,
    "ratioP": 0.0008260085443892414,
    "ratioP_rel_err": 0.0025619569909609142,
    "kQTSTP": 0.00013214725064450455,
    "kQTSTP_rel_err": 0.01350718940946362,
    "kQTSTP_err": 1.7849379443951865e-06,
    "1/Keq": 1.2662586260039574,
    "1/Keq_err": 0.02467260278308383
}