{
    "P": 4.295034240066149,
    "P_rel_err": 0.010207663053026093,
    "ratio": 5.9957502233655314e-05,
    "ratio_rel_err": 0.004926940916540261,
    "kQTST": 9.499792283223284e-06,
    "kQTST_rel_err": 0.011334510655480128,
    "kQTST_err": 1.076754968590422e-07,
    "UNITS": "eVAamu",
    "PP": 4.392436268499073,
    "PP_rel_err": 0.011149263215867171,
    "ratioP": 8.893598067449796e-05,
    "ratioP_rel_err": 0.004436576120236029,
    "kQTSTP": 1.4410760943606025e-05,
    "kQTSTP_rel_err": 0.011999553238655902,
    "kQTSTP_err": 1.7292269315234366e-07,
    "1/Keq": 1.5169553727038383,
    "1/Keq_err": 0.025039433968358154
}