{
    "P": 3.665709489854201,
    "P_rel_err": 0.012798336038728595,
    "ratio": 0.0007683062144401214,
    "ratio_rel_err": 0.0010645213081058077,
    "kQTST": 9.722259171290734e-05,
    "kQTST_rel_err": 0.012842531330529448,
    "kQTST_err": 1.2485841801082851e-06,
    "UNITS": "eVAamu",
    "PP": 3.69333887739178,
    "PP_rel_err": 0.01203568526310248,
    "ratioP": 0.0009611016244786404,
    "ratioP_rel_err": 0.0011691545357373544,
    "kQTSTP": 0.00012253587975582345,
    "kQTSTP_rel_err": 0.012092338156076245,
    "kQTSTP_err": 1.4817452942597146e-06,
    "1/Keq": 1.260364258933405,
    "1/Keq_err": 0.022232312982709678
}