{
    "P": 4.281159577525666,
    "P_rel_err": 0.011398228292479757,
    "ratio": 6.431400388736404e-05,
    "ratio_rel_err": 0.0016355662735716928,
    "kQTST": 8.032999689653195e-06,
    "kQTST_rel_err": 0.011514976562838989,
    "kQTST_err": 9.249980315564941e-08,
    "UNITS": "eVAamu",
    "PP": 4.221719977120242,
    "PP_rel_err": 0.012255450163723581,
    "ratioP": 8.844314602123087e-05,
    "ratioP_rel_err": 0.0021894428588340193,
    "kQTSTP": 1.0893423616444724e-05,
    "kQTSTP_rel_err": 0.012449486686109255,
    "kQTSTP_err": 1.3561753227907672e-07,
    "1/Keq": 1.356084157512898,
    "1/Keq_err": 0.022996900564405755
}