{
    "P": 3.074672561381328,
    "P_rel_err": 0.014251520983534414,
    "ratio": 0.00294326473176785,
    "ratio_rel_err": 0.00145960930058868,
    "kQTST": 0.0004721142870187033,
    "kQTST_rel_err": 0.014326070977573952,
    "kQTST_err": 6.763542785356664e-06,
    "UNITS": "eVAamu",
    "PP": 3.145178985905131,
    "PP_rel_err": 0.013220192572290923,
    "ratioP": 0.003570443228416052,
    "ratioP_rel_err": 0.0016166714018847272,
    "kQTSTP": 0.000585850010222307,
    "kQTSTP_rel_err": 0.01331867553738464,
    "kQTSTP_err": 7.802746199724382e-06,
    "1/Keq": 1.2409071835589207,
    "1/Keq_err": 0.024273090643243834
}