{
    "P": 4.337136556098103,
    "P_rel_err": 0.012952209572187146,
    "ratio": 5.43474668091733e-05,
    "ratio_rel_err": 0.0044443803974162244,
    "kQTST": 8.695335609965017e-06,
    "kQTST_rel_err": 0.013693511234113546,
    "kQTST_err": 1.1906967585944353e-07,
    "UNITS": "eVAamu",
    "PP": 4.319361699574397,
    "PP_rel_err": 0.01055550766828565,
    "ratioP": 7.993478889127121e-05,
    "ratioP_rel_err": 0.005082624606023226,
    "kQTSTP": 1.2736771337480146e-05,
    "kQTSTP_rel_err": 0.011715451976812072,
    "kQTSTP_err": 1.4921703294388512e-07,
    "1/Keq": 1.4647820289861575,
    "1/Keq_err": 0.026397146786888953
}