{
    "P": 6.037844461221532,
    "P_rel_err": 0.009747765392430796,
    "ratio": 1.735263231025128e-05,
    "ratio_rel_err": 0.013602811990755819,
    "kQTST": 2.7329786214801285e-06,
    "kQTST_rel_err": 0.016734856563523984,
    "kQTST_err": 4.573600522164746e-08,
    "UNITS": "eVAamu",
    "PP": 5.828969372151283,
    "PP_rel_err": 0.008765648311421764,
    "ratioP": 3.54016158063551e-05,
    "ratioP_rel_err": 0.013916660827379142,
    "kQTSTP": 5.38274500768632e-06,
    "kQTSTP_rel_err": 0.016447189392228702,
    "kQTSTP_err": 8.853102659149044e-08,
    "1/Keq": 1.9695525480441296,
    "1/Keq_err": 0.04621383981795141
}