{
    "P": 2.9650930303958263,
    "P_rel_err": 0.011557573056559186,
    "ratio": 0.005097088391622444,
    "ratio_rel_err": 0.00098686197806328,
    "kQTST": 0.0008362876719869404,
    "kQTST_rel_err": 0.011599628938955324,
    "kQTST_err": 9.70062668127129e-06,
    "UNITS": "eVAamu",
    "PP": 2.9614195678419755,
    "PP_rel_err": 0.013216863543283339,
    "ratioP": 0.00607541227391384,
    "ratioP_rel_err": 0.0011495015141412593,
    "kQTSTP": 0.0009955679376657542,
    "kQTSTP_rel_err": 0.013266756787277938,
    "kQTSTP_err": 1.3207957694223444e-05,
    "1/Keq": 1.1904610949248826,
    "1/Keq_err": 0.020979093878577004
}