{
    "P": 4.558707594003515,
    "P_rel_err": 0.011654450652565373,
    "ratio": 4.435944637306445e-05,
    "ratio_rel_err": 0.005793037800121217,
    "kQTST": 7.07706289327455e-06,
    "kQTST_rel_err": 0.013014818745058063,
    "kQTST_err": 9.210669080334446e-08,
    "UNITS": "eVAamu",
    "PP": 4.442629712550914,
    "PP_rel_err": 0.011793013864022785,
    "ratioP": 6.687430184158319e-05,
    "ratioP_rel_err": 0.006409669406796683,
    "kQTSTP": 1.039739586406281e-05,
    "kQTSTP_rel_err": 0.01342233354903159,
    "kQTSTP_err": 1.3955731532877257e-07,
    "1/Keq": 1.4691682158065358,
    "1/Keq_err": 0.027467731189504796
}