{
    "P": 3.6214658121850074,
    "P_rel_err": 0.011602180547754845,
    "ratio": 0.0006305573706062964,
    "ratio_rel_err": 0.0026725841789900368,
    "kQTST": 0.00010317122150136843,
    "kQTST_rel_err": 0.011906019471531566,
    "kQTST_err": 1.2283585720969887e-06,
    "UNITS": "eVAamu",
    "PP": 3.5670849961119013,
    "PP_rel_err": 0.011196726328610445,
    "ratioP": 0.0008166768848438859,
    "ratioP_rel_err": 0.0020172849197458557,
    "kQTSTP": 0.00013161739700737318,
    "kQTSTP_rel_err": 0.011376999557230913,
    "kQTSTP_err": 1.49741106747677e-06,
    "1/Keq": 1.2757181226707435,
    "1/Keq_err": 0.02100830892698626
}