{
    "P": 5.1324809018574475,
    "P_rel_err": 0.011401576129432153,
    "ratio": 1.9869342723099245e-05,
    "ratio_rel_err": 0.010362480540922845,
    "kQTST": 3.147486018656337e-06,
    "kQTST_rel_err": 0.015407041935304833,
    "kQTST_err": 4.849344908022383e-08,
    "UNITS": "eVAamu",
    "PP": 5.0641399191910015,
    "PP_rel_err": 0.010606947267907374,
    "ratioP": 3.370895032782654e-05,
    "ratioP_rel_err": 0.009237315822000174,
    "kQTSTP": 5.268705116556088e-06,
    "kQTSTP_rel_err": 0.01406539490876607,
    "kQTSTP_err": 7.410641812219773e-08,
    "1/Keq": 1.6739407531364667,
    "1/Keq_err": 0.03492131994917135
}