{
    "P": 3.1691180899249223,
    "P_rel_err": 0.015570520860383559,
    "ratio": 0.003017642705337877,
    "ratio_rel_err": 0.0015477246218177987,
    "kQTST": 0.00049891341797523,
    "kQTST_rel_err": 0.015647254435479107,
    "kQTST_err": 7.806625192332958e-06,
    "UNITS": "eVAamu",
    "PP": 3.063009660267502,
    "PP_rel_err": 0.013648664355034038,
    "ratioP": 0.0036568959158788414,
    "ratioP_rel_err": 0.0016844467218975854,
    "kQTSTP": 0.000584359233119866,
    "kQTSTP_rel_err": 0.013752214346616628,
    "kQTSTP_err": 8.036233429288911e-06,
    "1/Keq": 1.1712638146542658,
    "1/Keq_err": 0.0243994233209958
}