{
    "P": 3.3357282723224393,
    "P_rel_err": 0.01370718066074173,
    "ratio": 0.0015343075759982328,
    "ratio_rel_err": 0.0017947219543498632,
    "kQTST": 0.00024976182918408737,
    "kQTST_rel_err": 0.013824175511025511,
    "kQTST_err": 3.4527513625955973e-06,
    "UNITS": "eVAamu",
    "PP": 3.3491062531433857,
    "PP_rel_err": 0.013597773142629763,
    "ratioP": 0.0019140530116435184,
    "ratioP_rel_err": 0.0018997422198236316,
    "kQTSTP": 0.0003128281734918808,
    "kQTSTP_rel_err": 0.013729838125054633,
    "kQTSTP_err": 4.29508018300003e-06,
    "1/Keq": 1.2525059354098111,
    "1/Keq_err": 0.024403505108220546
}