{
    "P": 6.618157588350561,
    "P_rel_err": 0.008906360268993583,
    "ratio": 4.845126356311917e-08,
    "ratio_rel_err": 0.013545990889981777,
    "kQTST": 5.9167469255310046e-09,
    "kQTST_rel_err": 0.016211635402777126,
    "kQTST_err": 9.592014392721115e-11,
    "UNITS": "eVAamu",
    "PP": 6.559223584198708,
    "PP_rel_err": 0.008705934456598034,
    "ratioP": 1.0305566876860915e-07,
    "ratioP_rel_err": 0.016220157723427584,
    "kQTSTP": 1.2472832868668162e-08,
    "kQTSTP_rel_err": 0.01840887860070375,
    "kQTSTP_err": 2.296108660861797e-10,
    "1/Keq": 2.1080558329860923,
    "1/Keq_err": 0.05170988055713179
}