{
    "P": 4.411170789363953,
    "P_rel_err": 0.010212767502208753,
    "ratio": 4.397230679451741e-05,
    "ratio_rel_err": 0.0042489801919712725,
    "kQTST": 7.1554519374800635e-06,
    "kQTST_rel_err": 0.011061394700757017,
    "kQTST_err": 7.91492781427635e-08,
    "UNITS": "eVAamu",
    "PP": 4.37806435528891,
    "PP_rel_err": 0.010387573647101396,
    "ratioP": 6.364568141743706e-05,
    "ratioP_rel_err": 0.004222638458691968,
    "kQTSTP": 1.027909851718113e-05,
    "kQTSTP_rel_err": 0.011213044271150448,
    "kQTSTP_err": 1.1525998674066893e-07,
    "1/Keq": 1.4365407813501605,
    "1/Keq_err": 0.02262662613136614
}