{
    "P": 4.586269762616598,
    "P_rel_err": 0.010726585834150783,
    "ratio": 3.0240349504214827e-05,
    "ratio_rel_err": 0.004749430559495476,
    "kQTST": 4.853685181598936e-06,
    "kQTST_rel_err": 0.011731015910690505,
    "kQTST_err": 5.6938658090819853e-08,
    "UNITS": "eVAamu",
    "PP": 4.445433158830039,
    "PP_rel_err": 0.011180441593010756,
    "ratioP": 4.601541648708384e-05,
    "ratioP_rel_err": 0.006174601904062706,
    "kQTSTP": 7.158839788407597e-06,
    "kQTSTP_rel_err": 0.012772156548068916,
    "kQTSTP_err": 9.143382248008639e-08,
    "1/Keq": 1.4749287439465284,
    "1/Keq_err": 0.025578203781780908
}