{
    "P": 6.07064479128085,
    "P_rel_err": 0.008685503260082524,
    "ratio": 6.595144047223298e-08,
    "ratio_rel_err": 0.008699677448107438,
    "kQTST": 8.092645429524392e-09,
    "kQTST_rel_err": 0.012293183256667627,
    "kQTST_err": 9.948437329637706e-11,
    "UNITS": "eVAamu",
    "PP": 5.953672824704716,
    "PP_rel_err": 0.010182450243703671,
    "ratioP": 1.2388778723825292e-07,
    "ratioP_rel_err": 0.009719985044157869,
    "kQTSTP": 1.4908874747256394e-08,
    "kQTSTP_rel_err": 0.014076945770448702,
    "kQTSTP_err": 2.0987142131554036e-10,
    "1/Keq": 1.8422745537404073,
    "1/Keq_err": 0.03443046804976506
}