{
    "P": 5.968783838697691,
    "P_rel_err": 0.011796441788378072,
    "ratio": 1.5666309594626494e-05,
    "ratio_rel_err": 0.018532571780946156,
    "kQTST": 2.4391668254627266e-06,
    "kQTST_rel_err": 0.02196843771601691,
    "kQTST_err": 5.3584684484152596e-08,
    "UNITS": "eVAamu",
    "PP": 5.821147103606575,
    "PP_rel_err": 0.009716729890494736,
    "ratioP": 3.378483098330765e-05,
    "ratioP_rel_err": 0.013475665157372837,
    "kQTSTP": 5.130022545291269e-06,
    "kQTSTP_rel_err": 0.01661350026931309,
    "kQTSTP_err": 8.522763093777872e-08,
    "1/Keq": 2.1031864207640116,
    "1/Keq_err": 0.05792820859022027
}