{
    "P": 3.5655209828211447,
    "P_rel_err": 0.013608352265422131,
    "ratio": 0.0009033742848206814,
    "ratio_rel_err": 0.0020614422103460185,
    "kQTST": 0.00015029850422586694,
    "kQTST_rel_err": 0.01376360401081112,
    "kQTST_err": 2.0686490955820542e-06,
    "UNITS": "eVAamu",
    "PP": 3.4941445171849814,
    "PP_rel_err": 0.012091658957402987,
    "ratioP": 0.0011459834007092908,
    "ratioP_rel_err": 0.0019037427782924005,
    "kQTSTP": 0.00018684570894701878,
    "kQTSTP_rel_err": 0.012240606721402512,
    "kQTSTP_err": 2.2871048408020956e-06,
    "1/Keq": 1.2431641280090793,
    "1/Keq_err": 0.02289816698585037
}