{
    "P": 4.267189144633531,
    "P_rel_err": 0.011975590430085788,
    "ratio": 6.490936452774574e-05,
    "ratio_rel_err": 0.0022712581066502997,
    "kQTST": 8.080905672473124e-06,
    "kQTST_rel_err": 0.012189068033946935,
    "kQTST_err": 9.849870901768261e-08,
    "UNITS": "eVAamu",
    "PP": 4.239405830394916,
    "PP_rel_err": 0.011405063605776177,
    "ratioP": 8.890629298741594e-05,
    "ratioP_rel_err": 0.001767660361234787,
    "kQTSTP": 1.0996343091594824e-05,
    "kQTSTP_rel_err": 0.01154123472616691,
    "kQTSTP_err": 1.269113767495598e-07,
    "1/Keq": 1.3607810234752367,
    "1/Keq_err": 0.02284221952477254
}