{
    "P": 4.380669274688421,
    "P_rel_err": 0.012847080382000848,
    "ratio": 6.807727841224223e-05,
    "ratio_rel_err": 0.005025751263418743,
    "kQTST": 1.1001365628193224e-05,
    "kQTST_rel_err": 0.013795131391304186,
    "kQTST_err": 1.5176528432470323e-07,
    "UNITS": "eVAamu",
    "PP": 4.3348356107007175,
    "PP_rel_err": 0.010617808972903443,
    "ratioP": 9.824762292789312e-05,
    "ratioP_rel_err": 0.005177169932333238,
    "kQTSTP": 1.5710811960669504e-05,
    "kQTSTP_rel_err": 0.011812745484997306,
    "kQTSTP_err": 1.8558782305404036e-07,
    "1/Keq": 1.4280783396933352,
    "1/Keq_err": 0.02593630125328398
}