{
    "P": 5.088311251152942,
    "P_rel_err": 0.010659058363016786,
    "ratio": 2.4171148629920535e-05,
    "ratio_rel_err": 0.010362446632223262,
    "kQTST": 3.7959800800781234e-06,
    "kQTST_rel_err": 0.014865928339389819,
    "kQTST_err": 5.643076784819261e-08,
    "UNITS": "eVAamu",
    "PP": 4.925910688002647,
    "PP_rel_err": 0.009707432464978951,
    "ratioP": 4.237787888615484e-05,
    "ratioP_rel_err": 0.00926289547995696,
    "kQTSTP": 6.44286031205592e-06,
    "kQTSTP_rel_err": 0.0134177299769646,
    "kQTSTP_err": 8.644855994646821e-08,
    "1/Keq": 1.697285068978371,
    "1/Keq_err": 0.03398943359444151
}