{
    "P": 2.959275541866189,
    "P_rel_err": 0.012992851707064374,
    "ratio": 0.0052027780762663525,
    "ratio_rel_err": 0.0011006922993082246,
    "kQTST": 0.0008519535403805405,
    "kQTST_rel_err": 0.013039391052481019,
    "kQTST_err": 1.1108955371567545e-05,
    "UNITS": "eVAamu",
    "PP": 3.0114335075207617,
    "PP_rel_err": 0.013817045372501953,
    "ratioP": 0.0061862662428892445,
    "ratioP_rel_err": 0.001376118484709054,
    "kQTSTP": 0.0010308538357396155,
    "kQTSTP_rel_err": 0.013885404024000727,
    "kQTSTP_err": 1.4313821998935442e-05,
    "1/Keq": 1.209988323165094,
    "1/Keq_err": 0.023047980176690613
}