{
    "P": 5.434670164383549,
    "P_rel_err": 0.010605437036712606,
    "ratio": 4.118507014335991e-06,
    "ratio_rel_err": 0.011743404532542155,
    "kQTST": 6.395766108176194e-07,
    "kQTST_rel_err": 0.015823490283581782,
    "kQTST_err": 1.0120334286878766e-08,
    "UNITS": "eVAamu",
    "PP": 5.574760118441118,
    "PP_rel_err": 0.011192163551481775,
    "ratioP": 7.4305824636141235e-06,
    "ratioP_rel_err": 0.009566217228150837,
    "kQTSTP": 1.1836644782041738e-06,
    "kQTSTP_rel_err": 0.01472335006101828,
    "kQTSTP_err": 1.7427506467392592e-08,
    "1/Keq": 1.8507000696773537,
    "1/Keq_err": 0.04000081235244579
}