{
    "P": 3.4994505390348603,
    "P_rel_err": 0.010931822780611436,
    "ratio": 0.0009523991798720608,
    "ratio_rel_err": 0.002336563686573177,
    "kQTST": 0.0001555187691476098,
    "kQTST_rel_err": 0.011178742289189227,
    "kQTST_err": 1.7385042414330424e-06,
    "UNITS": "eVAamu",
    "PP": 3.42833965810237,
    "PP_rel_err": 0.01307677302879126,
    "ratioP": 0.0012038624627384571,
    "ratioP_rel_err": 0.002225877456057371,
    "kQTSTP": 0.00019258597366291318,
    "kQTSTP_rel_err": 0.01326486047027661,
    "kQTSTP_err": 2.5546260691709093e-06,
    "1/Keq": 1.238345536802193,
    "1/Keq_err": 0.02148166545751773
}