{
    "P": 3.3457900332094126,
    "P_rel_err": 0.01135847677510248,
    "ratio": 0.0015441762536435623,
    "ratio_rel_err": 0.0020558843893015407,
    "kQTST": 0.00025212651666218957,
    "kQTST_rel_err": 0.011543034924694467,
    "kQTST_err": 2.9103051872732157e-06,
    "UNITS": "eVAamu",
    "PP": 3.2973786591558416,
    "PP_rel_err": 0.013951321181155305,
    "ratioP": 0.0019155431061363955,
    "ratioP_rel_err": 0.00179442965023329,
    "kQTSTP": 0.0003082362577742215,
    "kQTSTP_rel_err": 0.014066248272705448,
    "kQTSTP_err": 4.3357277285018345e-06,
    "1/Keq": 1.2225459735645745,
    "1/Keq_err": 0.02224566757249622
}