{
    "P": 5.637725352064721,
    "P_rel_err": 0.009477132832336078,
    "ratio": 2.216258632471841e-07,
    "ratio_rel_err": 0.006643035203097515,
    "kQTST": 2.727904455119065e-08,
    "kQTST_rel_err": 0.011573502643164483,
    "kQTST_err": 3.1571409421620665e-10,
    "UNITS": "eVAamu",
    "PP": 5.634098092768047,
    "PP_rel_err": 0.010330530307696009,
    "ratioP": 3.8443992067044044e-07,
    "ratioP_rel_err": 0.00487881624231539,
    "kQTSTP": 4.7288733516549456e-08,
    "kQTSTP_rel_err": 0.011424653358614704,
    "kQTSTP_err": 5.402573881944825e-10,
    "1/Keq": 1.733518687863481,
    "1/Keq_err": 0.02819133495223818
}