{
    "P": 3.093375905831158,
    "P_rel_err": 0.013730927325696848,
    "ratio": 0.0029975866872650183,
    "ratio_rel_err": 0.0013796103674884545,
    "kQTST": 0.00048375269148492346,
    "kQTST_rel_err": 0.013800061231373216,
    "kQTST_err": 6.675816763333541e-06,
    "UNITS": "eVAamu",
    "PP": 3.060753073013818,
    "PP_rel_err": 0.01179019604181101,
    "ratioP": 0.003642226580934824,
    "ratioP_rel_err": 0.0016413719364626934,
    "kQTSTP": 0.0005815863410079629,
    "kQTSTP_rel_err": 0.011903899551749557,
    "kQTSTP_err": 6.9231453840283546e-06,
    "1/Keq": 1.2022389771573778,
    "1/Keq_err": 0.021910603814615223
}