{
    "P": 5.9908640576277294,
    "P_rel_err": 0.009544968558100733,
    "ratio": 1.2394164628634481e-05,
    "ratio_rel_err": 0.01411693638958864,
    "kQTST": 1.9368486007567993e-06,
    "kQTST_rel_err": 0.017040960002383185,
    "kQTST_err": 3.300575953616846e-08,
    "UNITS": "eVAamu",
    "PP": 5.9677231082146545,
    "PP_rel_err": 0.00957941546010539,
    "ratioP": 2.589807186386258e-05,
    "ratioP_rel_err": 0.015421208470350714,
    "kQTSTP": 4.031484969210063e-06,
    "kQTSTP_rel_err": 0.01815430723666763,
    "kQTSTP_err": 7.318881675104703e-08,
    "1/Keq": 2.0814662372860795,
    "1/Keq_err": 0.05182697071615599
}