{
    "P": 3.287100886024307,
    "P_rel_err": 0.014081569653287008,
    "ratio": 0.0033047755706560418,
    "ratio_rel_err": 0.000718816243390618,
    "kQTST": 0.0004252086042436055,
    "kQTST_rel_err": 0.014099904279538063,
    "kQTST_err": 5.99540061867082e-06,
    "UNITS": "eVAamu",
    "PP": 3.1437273791540634,
    "PP_rel_err": 0.014903660418013814,
    "ratioP": 0.0039478082470102375,
    "ratioP_rel_err": 0.0007740519609827291,
    "kQTSTP": 0.00048578932412575627,
    "kQTSTP_rel_err": 0.014923747863515146,
    "kQTSTP_err": 7.249797388040222e-06,
    "1/Keq": 1.1424729398171904,
    "1/Keq_err": 0.02345621181178161
}