{
    "P": 6.020916917734113,
    "P_rel_err": 0.009586313218981396,
    "ratio": 2.2494703001917145e-05,
    "ratio_rel_err": 0.017303531924748778,
    "kQTST": 3.532904084399766e-06,
    "kQTST_rel_err": 0.019781547416802804,
    "kQTST_err": 6.988630966457028e-08,
    "UNITS": "eVAamu",
    "PP": 5.6593337285285825,
    "PP_rel_err": 0.010474489096887507,
    "ratioP": 4.6877337628768454e-05,
    "ratioP_rel_err": 0.013111998953383037,
    "kQTSTP": 6.920176827889427e-06,
    "kQTSTP_rel_err": 0.016782116624381237,
    "kQTSTP_err": 1.1613521458698098e-07,
    "1/Keq": 1.9587785749539115,
    "1/Keq_err": 0.050813187550089116
}