{
    "P": 2.537900854343464,
    "P_rel_err": 0.013571010622081933,
    "ratio": 0.016297760108549525,
    "ratio_rel_err": 0.0007252706964216343,
    "kQTST": 0.00264281733611387,
    "kQTST_rel_err": 0.013590376995791858,
    "kQTST_err": 3.591688392880186e-05,
    "UNITS": "eVAamu",
    "PP": 2.545040909147101,
    "PP_rel_err": 0.014600629336486204,
    "ratioP": 0.018574823082783545,
    "ratioP_rel_err": 0.0008164590689521153,
    "kQTSTP": 0.003020536079535967,
    "kQTSTP_rel_err": 0.01462343948709522,
    "kQTSTP_err": 4.417062657768205e-05,
    "1/Keq": 1.1429227583233255,
    "1/Keq_err": 0.022816795652478093
}