{
    "P": 4.802507641352684,
    "P_rel_err": 0.012263387012839197,
    "ratio": 1.774452098912394e-05,
    "ratio_rel_err": 0.006854933162764519,
    "kQTST": 2.811779659139122e-06,
    "kQTST_rel_err": 0.01404922665817026,
    "kQTST_err": 3.950332974407824e-08,
    "UNITS": "eVAamu",
    "PP": 4.787073659465757,
    "PP_rel_err": 0.012457637645465293,
    "ratioP": 2.857633911753414e-05,
    "ratioP_rel_err": 0.00868587180740538,
    "kQTSTP": 4.513626735987903e-06,
    "kQTSTP_rel_err": 0.015186741084261417,
    "kQTSTP_err": 6.854728059044825e-08,
    "1/Keq": 1.6052562018212455,
    "1/Keq_err": 0.03321049199260633
}