{
    "P": 5.575654345143421,
    "P_rel_err": 0.011997462350828254,
    "ratio": 2.773116549115454e-07,
    "ratio_rel_err": 0.00589031305309479,
    "kQTST": 3.375738252296668e-08,
    "kQTST_rel_err": 0.013365436420970333,
    "kQTST_err": 4.5118214984908627e-10,
    "UNITS": "eVAamu",
    "PP": 5.570612771497947,
    "PP_rel_err": 0.009795205882578303,
    "ratioP": 4.864018098198146e-07,
    "ratioP_rel_err": 0.005463082293985408,
    "kQTSTP": 5.9156565607092755e-08,
    "kQTSTP_rel_err": 0.011215673249205929,
    "kQTSTP_err": 6.634807103943657e-10,
    "1/Keq": 1.7524038057999862,
    "1/Keq_err": 0.030575615846183273
}