{
    "P": 3.3772174135382027,
    "P_rel_err": 0.014942849992408348,
    "ratio": 0.0017381714103887403,
    "ratio_rel_err": 0.0011911809797882638,
    "kQTST": 0.00021663189562666927,
    "kQTST_rel_err": 0.014990252767122623,
    "kQTST_err": 3.2473668728646984e-06,
    "UNITS": "eVAamu",
    "PP": 3.3904368907336275,
    "PP_rel_err": 0.012394229613658048,
    "ratioP": 0.002122803347441011,
    "ratioP_rel_err": 0.0008004364667631272,
    "kQTSTP": 0.0002656049755931439,
    "kQTSTP_rel_err": 0.012420049365980892,
    "kQTSTP_err": 3.298826908716997e-06,
    "1/Keq": 1.2260658792871015,
    "1/Keq_err": 0.02386786274214902
}