{
    "P": 5.136997434548047,
    "P_rel_err": 0.00931855566304926,
    "ratio": 6.888709187127563e-06,
    "ratio_rel_err": 0.008579834039882798,
    "kQTST": 1.092194956023669e-06,
    "kQTST_rel_err": 0.012666847745089502,
    "kQTST_err": 1.3834667215906542e-08,
    "UNITS": "eVAamu",
    "PP": 5.044202675861871,
    "PP_rel_err": 0.010217458083979327,
    "ratioP": 1.1451359482995305e-05,
    "ratioP_rel_err": 0.008267682739597267,
    "kQTSTP": 1.7827996625317323e-06,
    "kQTSTP_rel_err": 0.013143478519041641,
    "kQTSTP_err": 2.343218906824051e-08,
    "1/Keq": 1.6323090055481788,
    "1/Keq_err": 0.02979579048088396
}