{
    "P": 5.516128757035776,
    "P_rel_err": 0.010484269535516628,
    "ratio": 2.0204874568839778e-05,
    "ratio_rel_err": 0.013783782855858651,
    "kQTST": 3.184711715153272e-06,
    "kQTST_rel_err": 0.01731798422192447,
    "kQTST_err": 5.515278723440238e-08,
    "UNITS": "eVAamu",
    "PP": 5.362954034345927,
    "PP_rel_err": 0.01055486915452068,
    "ratioP": 3.727620387771794e-05,
    "ratioP_rel_err": 0.01131621427559516,
    "kQTSTP": 5.712356784287039e-06,
    "kQTSTP_rel_err": 0.015474558746543817,
    "kQTSTP_err": 8.839620063966792e-08,
    "1/Keq": 1.7936809655664918,
    "1/Keq_err": 0.04165723336110853
}