{
    "P": 5.096787301019157,
    "P_rel_err": 0.010980142027236248,
    "ratio": 1.268790585338525e-05,
    "ratio_rel_err": 0.009464773803121822,
    "kQTST": 1.995902968695639e-06,
    "kQTST_rel_err": 0.014496394796036044,
    "kQTST_err": 2.893339740879235e-08,
    "UNITS": "eVAamu",
    "PP": 4.9396108568611306,
    "PP_rel_err": 0.010874660740860251,
    "ratioP": 2.192504686074561e-05,
    "ratioP_rel_err": 0.009254191226265928,
    "kQTSTP": 3.3426140433731733e-06,
    "kQTSTP_rel_err": 0.014279296253005766,
    "kQTSTP_err": 4.7730176184783005e-08,
    "1/Keq": 1.674737748177025,
    "1/Keq_err": 0.03407767314713625
}