{
    "P": 4.773888636239588,
    "P_rel_err": 0.010964985056535427,
    "ratio": 2.0306134077335407e-05,
    "ratio_rel_err": 0.005125915432694161,
    "kQTST": 3.198515600556094e-06,
    "kQTST_rel_err": 0.012103962421999558,
    "kQTST_err": 3.8714712635310306e-08,
    "UNITS": "eVAamu",
    "PP": 4.881296134545712,
    "PP_rel_err": 0.009954155854591236,
    "ratioP": 3.250538988810697e-05,
    "ratioP_rel_err": 0.007572842878312836,
    "kQTSTP": 5.235274714169567e-06,
    "kQTSTP_rel_err": 0.012507324575508,
    "kQTSTP_err": 6.547928009206865e-08,
    "1/Keq": 1.6367826104269625,
    "1/Keq_err": 0.02848843875632269
}