{
    "P": 5.064844594073304,
    "P_rel_err": 0.009662675702566983,
    "ratio": 2.3399150532263308e-05,
    "ratio_rel_err": 0.009198117574581288,
    "kQTST": 3.657793487763772e-06,
    "kQTST_rel_err": 0.013340639739112946,
    "kQTST_err": 4.8797305160329915e-08,
    "UNITS": "eVAamu",
    "PP": 5.033041031477117,
    "PP_rel_err": 0.010253726259320339,
    "ratioP": 3.9641233720896175e-05,
    "ratioP_rel_err": 0.009399899675359428,
    "kQTSTP": 6.157871186415343e-06,
    "kQTSTP_rel_err": 0.013910320489043296,
    "kQTSTP_err": 8.56579617332827e-08,
    "1/Keq": 1.683493397594739,
    "1/Keq_err": 0.03244689221463115
}