{
    "P": 5.685708332469627,
    "P_rel_err": 0.010633620534155893,
    "ratio": 1.7064670923628885e-07,
    "ratio_rel_err": 0.00649150091334358,
    "kQTST": 2.1182991648963596e-08,
    "kQTST_rel_err": 0.012458469800595994,
    "kQTST_err": 2.639076617448901e-10,
    "UNITS": "eVAamu",
    "PP": 5.6007439532347245,
    "PP_rel_err": 0.008500845990240338,
    "ratioP": 2.980137988208502e-07,
    "ratioP_rel_err": 0.0063448377425134915,
    "kQTSTP": 3.644071520913485e-08,
    "kQTSTP_rel_err": 0.010607608049348774,
    "kQTSTP_err": 3.865488239764451e-10,
    "1/Keq": 1.7202818097186834,
    "1/Keq_err": 0.028148290475021383
}