{
    "P": 3.828979665338258,
    "P_rel_err": 0.010465686480585715,
    "ratio": 0.0004113307699284029,
    "ratio_rel_err": 0.0011551630528530696,
    "kQTST": 5.1986434187451936e-05,
    "kQTST_rel_err": 0.010529244758699052,
    "kQTST_err": 5.473778896916815e-07,
    "UNITS": "eVAamu",
    "PP": 3.7809966879739925,
    "PP_rel_err": 0.013029435078271236,
    "ratioP": 0.0005275962238182509,
    "ratioP_rel_err": 0.0013127016059928658,
    "kQTSTP": 6.584514322828668e-05,
    "kQTSTP_rel_err": 0.013095394761719146,
    "kQTSTP_err": 8.622681437163523e-07,
    "1/Keq": 1.2665831818905526,
    "1/Keq_err": 0.02128290789360879
}