{
    "P": 4.542309714332344,
    "P_rel_err": 0.010723419026880957,
    "ratio": 4.514545388883496e-05,
    "ratio_rel_err": 0.006195506539487324,
    "kQTST": 7.1765541828896566e-06,
    "kQTST_rel_err": 0.012384507132175374,
    "kQTST_err": 8.887808646243997e-08,
    "UNITS": "eVAamu",
    "PP": 4.440200896822987,
    "PP_rel_err": 0.0107690530321573,
    "ratioP": 6.788289288816638e-05,
    "ratioP_rel_err": 0.005382526992267011,
    "kQTSTP": 1.0548438216042007e-05,
    "kQTSTP_rel_err": 0.012039273235203995,
    "kQTSTP_err": 1.269955298875975e-07,
    "1/Keq": 1.4698472201591675,
    "1/Keq_err": 0.025387121743009774
}