{
    "P": 4.300372304406022,
    "P_rel_err": 0.010683755279113052,
    "ratio": 6.362367945999788e-05,
    "ratio_rel_err": 0.003773539838110083,
    "kQTST": 1.0093197799787862e-05,
    "kQTST_rel_err": 0.011330588235999925,
    "kQTST_err": 1.1436186825389668e-07,
    "UNITS": "eVAamu",
    "PP": 4.241308547198282,
    "PP_rel_err": 0.011921560110446178,
    "ratioP": 9.248589643592094e-05,
    "ratioP_rel_err": 0.004691080531461325,
    "kQTSTP": 1.4470359632400185e-05,
    "kQTSTP_rel_err": 0.012811316560745696,
    "kQTSTP_err": 1.8538435799851448e-07,
    "1/Keq": 1.4336744329635867,
    "1/Keq_err": 0.02452011089192229
}