{
    "P": 5.126980655694058,
    "P_rel_err": 0.010582458321175771,
    "ratio": 2.2140453860293706e-05,
    "ratio_rel_err": 0.00923430121152571,
    "kQTST": 3.503492279728599e-06,
    "kQTST_rel_err": 0.014044954360360433,
    "kQTST_err": 4.92063891706633e-08,
    "UNITS": "eVAamu",
    "PP": 5.084720231315102,
    "PP_rel_err": 0.01013935208185895,
    "ratioP": 3.745777084172408e-05,
    "ratioP_rel_err": 0.008938474870790648,
    "kQTSTP": 5.878438209206393e-06,
    "kQTSTP_rel_err": 0.013516759732112327,
    "kQTSTP_err": 7.945743687391146e-08,
    "1/Keq": 1.6778795955165542,
    "1/Keq_err": 0.03270632540525137
}