{
    "P": 5.328908280252882,
    "P_rel_err": 0.009137709795071036,
    "ratio": 9.659071289480543e-07,
    "ratio_rel_err": 0.005507238896737311,
    "kQTST": 1.2013633815595573e-07,
    "kQTST_rel_err": 0.010668993418531739,
    "kQTST_err": 1.281733801112395e-09,
    "UNITS": "eVAamu",
    "PP": 5.193614184876087,
    "PP_rel_err": 0.009648846071329039,
    "ratioP": 1.569499704231067e-06,
    "ratioP_rel_err": 0.00468699367157507,
    "kQTSTP": 1.9025307984598678e-07,
    "kQTSTP_rel_err": 0.010726981876818222,
    "kQTSTP_err": 2.0408413395167503e-09,
    "1/Keq": 1.5836430739133116,
    "1/Keq_err": 0.023959402902537123
}