{
    "P": 2.9823530943313155,
    "P_rel_err": 0.011679668308776392,
    "ratio": 0.0056447293811735435,
    "ratio_rel_err": 0.0005550820033954409,
    "kQTST": 0.000694589110623578,
    "kQTST_rel_err": 0.011692851142194923,
    "kQTST_err": 8.12172707551106e-06,
    "UNITS": "eVAamu",
    "PP": 2.9645988267073045,
    "PP_rel_err": 0.01511822383224661,
    "ratioP": 0.0066233643494880146,
    "ratioP_rel_err": 0.0005950047881121092,
    "kQTSTP": 0.0008101591900541155,
    "kQTSTP_rel_err": 0.015129928041460928,
    "kQTSTP_err": 1.2257650247647036e-05,
    "1/Keq": 1.1663862529125784,
    "1/Keq_err": 0.022303229438363166
}