{
    "P": 3.515633306259978,
    "P_rel_err": 0.013326408406084286,
    "ratio": 0.0009534036648872079,
    "ratio_rel_err": 0.002297077727588823,
    "kQTST": 0.0001564027285175133,
    "kQTST_rel_err": 0.013522933376022325,
    "kQTST_err": 2.1150236775704393e-06,
    "UNITS": "eVAamu",
    "PP": 3.503975133479111,
    "PP_rel_err": 0.012353198479541843,
    "ratioP": 0.001211088089227178,
    "ratioP_rel_err": 0.0024001107761844167,
    "kQTSTP": 0.00019801618379137776,
    "kQTSTP_rel_err": 0.012584198203020782,
    "kQTSTP_err": 2.491874904236489e-06,
    "1/Keq": 1.2660660441688187,
    "1/Keq_err": 0.02338735412022216
}