{
    "P": 3.189676810272467,
    "P_rel_err": 0.012964827951005712,
    "ratio": 0.0029018637699174186,
    "ratio_rel_err": 0.0015799968945427309,
    "kQTST": 0.00048288381119569745,
    "kQTST_rel_err": 0.013060748599752758,
    "kQTST_err": 6.306824060917481e-06,
    "UNITS": "eVAamu",
    "PP": 3.0019267165923007,
    "PP_rel_err": 0.012570691144896132,
    "ratioP": 0.0035124782744478437,
    "ratioP_rel_err": 0.0013647027605277842,
    "kQTSTP": 0.0005500886411040232,
    "kQTSTP_rel_err": 0.012644551770820592,
    "kQTSTP_err": 6.955624300980169e-06,
    "1/Keq": 1.1391739137866639,
    "1/Keq_err": 0.020708785731013018
}