{
    "P": 3.609381204913183,
    "P_rel_err": 0.012295012487375277,
    "ratio": 0.0006652335353176465,
    "ratio_rel_err": 0.002450431995905827,
    "kQTST": 0.00010848169521663397,
    "kQTST_rel_err": 0.012536823721791457,
    "kQTST_err": 1.3600158899720476e-06,
    "UNITS": "eVAamu",
    "PP": 3.5342440913168485,
    "PP_rel_err": 0.011141725069802171,
    "ratioP": 0.0008602070632232797,
    "ratioP_rel_err": 0.0029490566409730895,
    "kQTSTP": 0.00013735646998362135,
    "kQTSTP_rel_err": 0.011525405528775361,
    "kQTSTP_err": 1.5830890185622964e-06,
    "1/Keq": 1.2661718616152293,
    "1/Keq_err": 0.021562387154834932
}