{
    "P": 5.421259715340955,
    "P_rel_err": 0.009609199183262383,
    "ratio": 2.3664269945432594e-05,
    "ratio_rel_err": 0.01238965469182198,
    "kQTST": 3.6658348544200577e-06,
    "kQTST_rel_err": 0.015679293744496173,
    "kQTST_err": 5.747770150126445e-08,
    "UNITS": "eVAamu",
    "PP": 5.355555230115794,
    "PP_rel_err": 0.010089048059281795,
    "ratioP": 4.2910986951587216e-05,
    "ratioP_rel_err": 0.013048036165492329,
    "kQTSTP": 6.566781676561445e-06,
    "kQTSTP_rel_err": 0.016493639335164737,
    "kQTSTP_err": 1.0831012856597289e-07,
    "1/Keq": 1.7913468383998774,
    "1/Keq_err": 0.04076565409768239
}