{
    "P": 3.6455615008443543,
    "P_rel_err": 0.011892414885758979,
    "ratio": 0.0007580867002873328,
    "ratio_rel_err": 0.0013602304342455259,
    "kQTST": 9.54021387680433e-05,
    "kQTST_rel_err": 0.011969952324435948,
    "kQTST_err": 1.1419590527027008e-06,
    "UNITS": "eVAamu",
    "PP": 3.586683085488482,
    "PP_rel_err": 0.012412141497942833,
    "ratioP": 0.0009492651306244581,
    "ratioP_rel_err": 0.001251645559247805,
    "kQTSTP": 0.00011753178640499387,
    "kQTSTP_rel_err": 0.012475090106726256,
    "kQTSTP_err": 1.4662196258068025e-06,
    "1/Keq": 1.2319617560226366,
    "1/Keq_err": 0.02129931949115507
}