{
    "P": 3.5186824961386325,
    "P_rel_err": 0.013877250071015658,
    "ratio": 0.0006430264772883589,
    "ratio_rel_err": 0.002530993798135098,
    "kQTST": 0.00010222532798112242,
    "kQTST_rel_err": 0.014106168832808658,
    "kQTST_err": 1.4420077354909519e-06,
    "UNITS": "eVAamu",
    "PP": 3.560568157649733,
    "PP_rel_err": 0.009909831139808548,
    "ratioP": 0.0008345967926239369,
    "ratioP_rel_err": 0.002008404776647026,
    "kQTSTP": 0.00013425967488526057,
    "kQTSTP_rel_err": 0.01011130273339582,
    "kQTSTP_err": 1.3575402176521694e-06,
    "1/Keq": 1.31336995964497,
    "1/Keq_err": 0.022794535208060195
}