{
    "P": 3.887002431956604,
    "P_rel_err": 0.011884755261519046,
    "ratio": 0.00023582033307432298,
    "ratio_rel_err": 0.004217119212817924,
    "kQTST": 3.7805502414573725e-05,
    "kQTST_rel_err": 0.01261076928983013,
    "kQTST_err": 4.7675646883630516e-07,
    "UNITS": "eVAamu",
    "PP": 3.893133075164112,
    "PP_rel_err": 0.0106236720270153,
    "ratioP": 0.0003223651284085809,
    "ratioP_rel_err": 0.0035948423501266174,
    "kQTSTP": 5.1761429102204325e-05,
    "kQTSTP_rel_err": 0.01121540453393685,
    "kQTSTP_err": 5.805253666359132e-07,
    "1/Keq": 1.3691506737455947,
    "1/Keq_err": 0.02310649360246776
}