{
    "P": 2.5381895488526607,
    "P_rel_err": 0.014457434999426515,
    "ratio": 0.01650741481815411,
    "ratio_rel_err": 0.0006536984319758792,
    "kQTST": 0.0026771190871952262,
    "kQTST_rel_err": 0.0144722060655109,
    "kQTST_err": 3.8743819091801755e-05,
    "UNITS": "eVAamu",
    "PP": 2.535645558479321,
    "PP_rel_err": 0.014864495711219346,
    "ratioP": 0.018830524333818165,
    "ratioP_rel_err": 0.0008045585492329558,
    "kQTSTP": 0.0030508126137941513,
    "kQTSTP_rel_err": 0.014886253632395296,
    "kQTSTP_err": 4.541517035385057e-05,
    "1/Keq": 1.1395879355484473,
    "1/Keq_err": 0.02365970349169672
}