{
    "P": 2.992913480915624,
    "P_rel_err": 0.013926066564996415,
    "ratio": 0.00564625354512146,
    "ratio_rel_err": 0.0005203812838644094,
    "kQTST": 0.0006972368352564768,
    "kQTST_rel_err": 0.013935785828338043,
    "kQTST_err": 9.716543207762476e-06,
    "UNITS": "eVAamu",
    "PP": 2.9861591662380405,
    "PP_rel_err": 0.01273492340279192,
    "ratioP": 0.0066250738179323854,
    "ratioP_rel_err": 0.000535126281271798,
    "kQTSTP": 0.0008162617733665789,
    "kQTSTP_rel_err": 0.012746161548163633,
    "kQTSTP_err": 1.0404204428920946e-05,
    "1/Keq": 1.1707094807553005,
    "1/Keq_err": 0.02210970202238615
}