{
    "P": 3.732752471454426,
    "P_rel_err": 0.011121160418515387,
    "ratio": 0.000770866969940518,
    "ratio_rel_err": 0.0009455884267538367,
    "kQTST": 9.93306856776819e-05,
    "kQTST_rel_err": 0.011161287852535841,
    "kQTST_err": 1.1086583754383668e-06,
    "UNITS": "eVAamu",
    "PP": 3.5977660915362666,
    "PP_rel_err": 0.012649156598879729,
    "ratioP": 0.0009656404753963936,
    "ratioP_rel_err": 0.0010302507362016204,
    "kQTSTP": 0.00011992871759527252,
    "kQTSTP_rel_err": 0.012691043268479805,
    "kQTSTP_err": 1.5220205441348989e-06,
    "1/Keq": 1.2073682646712938,
    "1/Keq_err": 0.020405485464469745
}