{
    "P": 2.763927344556884,
    "P_rel_err": 0.013957717784434566,
    "ratio": 0.012626111210111377,
    "ratio_rel_err": 0.00046472336071636824,
    "kQTST": 0.0015772939593718554,
    "kQTST_rel_err": 0.01396545214276704,
    "kQTST_err": 2.2027623304683184e-05,
    "UNITS": "eVAamu",
    "PP": 2.7289503358663882,
    "PP_rel_err": 0.014425289381607795,
    "ratioP": 0.014433371273018955,
    "ratioP_rel_err": 0.0004825756624276041,
    "kQTSTP": 0.0017802451961848515,
    "kQTSTP_rel_err": 0.01443335903430293,
    "kQTSTP_err": 2.569491808562902e-05,
    "1/Keq": 1.1286705218181523,
    "1/Keq_err": 0.022667899853035356
}