{
    "P": 4.857733556017567,
    "P_rel_err": 0.010329687767000063,
    "ratio": 3.069888999295005e-05,
    "ratio_rel_err": 0.007990188303358169,
    "kQTST": 4.9204554391288875e-06,
    "kQTST_rel_err": 0.01305930926530314,
    "kQTST_err": 6.425774930572711e-08,
    "UNITS": "eVAamu",
    "PP": 4.621188709811188,
    "PP_rel_err": 0.011271433024158044,
    "ratioP": 4.888961334486307e-05,
    "ratioP_rel_err": 0.008472421711097185,
    "kQTSTP": 7.454512483629899e-06,
    "kQTSTP_rel_err": 0.014100607507081088,
    "kQTSTP_err": 1.0511315468830143e-07,
    "1/Keq": 1.5150045713958622,
    "1/Keq_err": 0.02911698044081822
}