{
    "P": 5.895410871843172,
    "P_rel_err": 0.00968541498081079,
    "ratio": 1.3984191478579022e-05,
    "ratio_rel_err": 0.017778428900154315,
    "kQTST": 2.150504663831794e-06,
    "kQTST_rel_err": 0.02024548832476896,
    "kQTST_err": 4.353801706396779e-08,
    "UNITS": "eVAamu",
    "PP": 5.786892648715248,
    "PP_rel_err": 0.010769272323908416,
    "ratioP": 2.9555390229279507e-05,
    "ratioP_rel_err": 0.012840369459903871,
    "kQTSTP": 4.461399072426403e-06,
    "kQTSTP_rel_err": 0.016758648938781782,
    "kQTSTP_err": 7.476702083060078e-08,
    "1/Keq": 2.07458237476083,
    "1/Keq_err": 0.05452372355632979
}