{
    "P": 3.1413497262688095,
    "P_rel_err": 0.01388576854077681,
    "ratio": 0.002998157323134516,
    "ratio_rel_err": 0.0014061487698391632,
    "kQTST": 0.0004913485192132947,
    "kQTST_rel_err": 0.013956784097024184,
    "kQTST_err": 6.8576451990524935e-06,
    "UNITS": "eVAamu",
    "PP": 3.066201728842856,
    "PP_rel_err": 0.0129028005283628,
    "ratioP": 0.0036488350209060156,
    "ratioP_rel_err": 0.0014751658829161266,
    "kQTSTP": 0.0005836787688157509,
    "kQTSTP_rel_err": 0.012986853963021187,
    "kQTSTP_err": 7.580150931926162e-06,
    "1/Keq": 1.1879119321460203,
    "1/Keq_err": 0.022646792436439647
}