{
    "P": 3.5963436870980687,
    "P_rel_err": 0.012499380566848196,
    "ratio": 0.0006712782498183833,
    "ratio_rel_err": 0.0020693636549848054,
    "kQTST": 0.00010907201608198366,
    "kQTST_rel_err": 0.012669521715182243,
    "kQTST_err": 1.3818902762693988e-06,
    "UNITS": "eVAamu",
    "PP": 3.5379526103760215,
    "PP_rel_err": 0.010876945126275376,
    "ratioP": 0.0008634081534284311,
    "ratioP_rel_err": 0.0022468264928911805,
    "kQTSTP": 0.00013801228080182162,
    "kQTSTP_rel_err": 0.011106582038105302,
    "kQTSTP_err": 1.5328447189914573e-06,
    "1/Keq": 1.2653317116471479,
    "1/Keq_err": 0.021318978623969642
}