{
    "P": 3.3788292945101093,
    "P_rel_err": 0.013965204490049532,
    "ratio": 0.001531366098855789,
    "ratio_rel_err": 0.0019412167030200618,
    "kQTST": 0.0002525039930831696,
    "kQTST_rel_err": 0.014099477250486405,
    "kQTST_err": 3.560174306133126e-06,
    "UNITS": "eVAamu",
    "PP": 3.2853735704862554,
    "PP_rel_err": 0.01289398656712863,
    "ratioP": 0.0019182966711266366,
    "ratioP_rel_err": 0.001512700613905915,
    "kQTSTP": 0.0003075555038085958,
    "kQTSTP_rel_err": 0.012982417060802078,
    "kQTSTP_err": 3.9928138197882924e-06,
    "1/Keq": 1.2180223372043602,
    "1/Keq_err": 0.02334470684919893
}