{
    "P": 3.4942524701222397,
    "P_rel_err": 0.011788206091167892,
    "ratio": 0.0009502532702961767,
    "ratio_rel_err": 0.002661095689111335,
    "kQTST": 0.0001549378737565704,
    "kQTST_rel_err": 0.01208483484018109,
    "kQTST_err": 1.8723986148369813e-06,
    "UNITS": "eVAamu",
    "PP": 3.38352668531708,
    "PP_rel_err": 0.012927257362607454,
    "ratioP": 0.0012105727311960627,
    "ratioP_rel_err": 0.001964006627534198,
    "kQTSTP": 0.00019112805093529227,
    "kQTSTP_rel_err": 0.013075599602010109,
    "kQTSTP_err": 2.4991138667424752e-06,
    "1/Keq": 1.2335786357542369,
    "1/Keq_err": 0.021963746817173786
}