{
    "P": 3.554730602800546,
    "P_rel_err": 0.010105997087543414,
    "ratio": 0.0006700736889324692,
    "ratio_rel_err": 0.002458199405176042,
    "kQTST": 0.0001076164928504114,
    "kQTST_rel_err": 0.010400669278899499,
    "kQTST_err": 1.1192835510921813e-06,
    "UNITS": "eVAamu",
    "PP": 3.5357046036282656,
    "PP_rel_err": 0.014352045085874397,
    "ratioP": 0.000864861480684279,
    "ratioP_rel_err": 0.002307388151009784,
    "kQTSTP": 0.00013815674896513916,
    "kQTSTP_rel_err": 0.01453634198230049,
    "kQTSTP_err": 2.0082937501201024e-06,
    "1/Keq": 1.2837878777296636,
    "1/Keq_err": 0.022946398801763575
}