{
    "P": 3.53389866026949,
    "P_rel_err": 0.013243447799062922,
    "ratio": 0.0008631245676959472,
    "ratio_rel_err": 0.0021098456209415898,
    "kQTST": 0.00014232838050627145,
    "kQTST_rel_err": 0.013410457044810626,
    "kQTST_err": 1.9086886330368152e-06,
    "UNITS": "eVAamu",
    "PP": 3.490726028978067,
    "PP_rel_err": 0.014657110924904624,
    "ratioP": 0.001099548747618269,
    "ratioP_rel_err": 0.001752567789901746,
    "kQTSTP": 0.00017909942461518573,
    "kQTSTP_rel_err": 0.014761517351653238,
    "kQTSTP_err": 2.6437792641281753e-06,
    "1/Keq": 1.258353562220811,
    "1/Keq_err": 0.025095960400415868
}