{
    "P": 4.405465188397265,
    "P_rel_err": 0.011583601126486995,
    "ratio": 6.024578737762814e-05,
    "ratio_rel_err": 0.0018372854885507232,
    "kQTST": 7.743356332312373e-06,
    "kQTST_rel_err": 0.011728402833463296,
    "kQTST_err": 9.081720234840838e-08,
    "UNITS": "eVAamu",
    "PP": 4.2917899804260875,
    "PP_rel_err": 0.011215853738972608,
    "ratioP": 8.299015051594859e-05,
    "ratioP_rel_err": 0.0019317317302543723,
    "kQTSTP": 1.0391441576208298e-05,
    "kQTSTP_rel_err": 0.011380991282471725,
    "kQTSTP_err": 1.1826490599114088e-07,
    "1/Keq": 1.3419815814036207,
    "1/Keq_err": 0.021931542951581014
}