{
    "P": 4.3709832654782845,
    "P_rel_err": 0.010418024594196933,
    "ratio": 6.892325411433769e-05,
    "ratio_rel_err": 0.00665083810344745,
    "kQTST": 1.1113449088836836e-05,
    "kQTST_rel_err": 0.012359971032472555,
    "kQTST_err": 1.373619088088818e-07,
    "UNITS": "eVAamu",
    "PP": 4.270831933513003,
    "PP_rel_err": 0.013201085372039296,
    "ratioP": 9.895307228570979e-05,
    "ratioP_rel_err": 0.004674228125419725,
    "kQTSTP": 1.5589985480132803e-05,
    "kQTSTP_rel_err": 0.014004180217646968,
    "kQTSTP_err": 2.1832496625427926e-07,
    "1/Keq": 1.4028035181078509,
    "1/Keq_err": 0.026202249938271242
}