{
    "P": 3.6263353772428366,
    "P_rel_err": 0.013412256717536252,
    "ratio": 0.0006252311029634992,
    "ratio_rel_err": 0.0018929795085623202,
    "kQTST": 0.00010243729869918273,
    "kQTST_rel_err": 0.013545183707758753,
    "kQTST_err": 1.387532029406987e-06,
    "UNITS": "eVAamu",
    "PP": 3.518699890574369,
    "PP_rel_err": 0.01287924568583718,
    "ratioP": 0.0008092774335642727,
    "ratioP_rel_err": 0.002100447393788291,
    "kQTSTP": 0.0001286557598495149,
    "kQTSTP_rel_err": 0.01304940031918048,
    "kQTSTP_err": 1.678880513644667e-06,
    "1/Keq": 1.2559464324349794,
    "1/Keq_err": 0.023622441033630828
}