{
    "P": 2.6952423398559016,
    "P_rel_err": 0.01638208842388083,
    "ratio": 0.012566683283860325,
    "ratio_rel_err": 0.0004818214862797746,
    "kQTST": 0.0015308579625548007,
    "kQTST_rel_err": 0.016389172434033733,
    "kQTST_err": 2.5089495120324185e-05,
    "UNITS": "eVAamu",
    "PP": 2.688831632247879,
    "PP_rel_err": 0.013942328519082205,
    "ratioP": 0.014376042098175518,
    "ratioP_rel_err": 0.0004334234209500268,
    "kQTSTP": 0.001747106388767833,
    "kQTSTP_rel_err": 0.013949063782055088,
    "kQTSTP_err": 2.4370498450958438e-05,
    "1/Keq": 1.1412596279357898,
    "1/Keq_err": 0.024561788541400714
}