{
    "P": 3.6407074582044117,
    "P_rel_err": 0.014046058011305032,
    "ratio": 0.0006687555091538118,
    "ratio_rel_err": 0.0024694672598036343,
    "kQTST": 0.00011000254484043261,
    "kQTST_rel_err": 0.014261487096519363,
    "kQTST_err": 1.5687998738261224e-06,
    "UNITS": "eVAamu",
    "PP": 3.4966969344104344,
    "PP_rel_err": 0.013701103406896585,
    "ratioP": 0.0008581618538370229,
    "ratioP_rel_err": 0.002404357050958746,
    "kQTSTP": 0.00013557411395798876,
    "kQTSTP_rel_err": 0.013910469704325884,
    "kQTSTP_err": 1.8858996049034276e-06,
    "1/Keq": 1.2324634321383177,
    "1/Keq_err": 0.02455329417461932
}