{
    "P": 2.9557612523612096,
    "P_rel_err": 0.013088160172169409,
    "ratio": 0.005206445318076396,
    "ratio_rel_err": 0.0012380695030628022,
    "kQTST": 0.0008515415991704386,
    "kQTST_rel_err": 0.013146587115551158,
    "kQTST_err": 1.1194865816009916e-05,
    "UNITS": "eVAamu",
    "PP": 2.945054031494379,
    "PP_rel_err": 0.013770940611777907,
    "ratioP": 0.006165465971384791,
    "ratioP_rel_err": 0.0011503562563688844,
    "kQTSTP": 0.0010047415857319345,
    "kQTSTP_rel_err": 0.01381890461830029,
    "kQTSTP_err": 1.3884428139269386e-05,
    "1/Keq": 1.1799089870779553,
    "1/Keq_err": 0.022504885046412133
}