{
    "P": 5.997156320896161,
    "P_rel_err": 0.008663122692501211,
    "ratio": 2.5804654827268902e-05,
    "ratio_rel_err": 0.01582177231740868,
    "kQTST": 4.036754817563548e-06,
    "kQTST_rel_err": 0.018038241988875995,
    "kQTST_err": 7.281596024897224e-08,
    "UNITS": "eVAamu",
    "PP": 5.765582905448736,
    "PP_rel_err": 0.010631737679200753,
    "ratioP": 5.316151371328562e-05,
    "ratioP_rel_err": 0.017665948467279757,
    "kQTSTP": 7.995203251871719e-06,
    "kQTSTP_rel_err": 0.020618428197317105,
    "kQTSTP_err": 1.6484852417167327e-07,
    "1/Keq": 1.9806016498909786,
    "1/Keq_err": 0.054259006238069646
}