{
    "P": 5.632789714521035,
    "P_rel_err": 0.01032073176184766,
    "ratio": 1.7872209840161796e-07,
    "ratio_rel_err": 0.005869127556394371,
    "kQTST": 2.1978932393657767e-08,
    "kQTST_rel_err": 0.01187283295482754,
    "kQTST_err": 2.609521928353465e-10,
    "UNITS": "eVAamu",
    "PP": 5.540963822176381,
    "PP_rel_err": 0.009752331245487716,
    "ratioP": 3.120068486355621e-07,
    "ratioP_rel_err": 0.005713737565083927,
    "kQTSTP": 3.774454909353338e-08,
    "kQTSTP_rel_err": 0.011302865198009186,
    "kQTSTP_err": 4.266215503638476e-10,
    "1/Keq": 1.7173058462304989,
    "1/Keq_err": 0.028151191063031093
}