{
    "P": 6.211753539019839,
    "P_rel_err": 0.010693461132063561,
    "ratio": 9.203247055367e-08,
    "ratio_rel_err": 0.008844504029373345,
    "kQTST": 1.1555445717096796e-08,
    "kQTST_rel_err": 0.013877152536041226,
    "kQTST_err": 1.6035668283809651e-10,
    "UNITS": "eVAamu",
    "PP": 6.0479215449147,
    "PP_rel_err": 0.00904792706470469,
    "ratioP": 1.6976959013541086e-07,
    "ratioP_rel_err": 0.007324279135647912,
    "kQTSTP": 2.0753791724971173e-08,
    "kQTSTP_rel_err": 0.011640878361408256,
    "kQTSTP_err": 2.4159236500839064e-10,
    "1/Keq": 1.7960182785736265,
    "1/Keq_err": 0.032531509247247715
}