{
    "P": 5.069820642101434,
    "P_rel_err": 0.012879972253175527,
    "ratio": 3.1680885869769666e-06,
    "ratio_rel_err": 0.003558973110556784,
    "kQTST": 3.9761883354581547e-07,
    "kQTST_rel_err": 0.01336263352951946,
    "kQTST_err": 5.313234757107731e-09,
    "UNITS": "eVAamu",
    "PP": 4.917741718887457,
    "PP_rel_err": 0.010791848572476012,
    "ratioP": 4.893531633183303e-06,
    "ratioP_rel_err": 0.0037498551541001995,
    "kQTSTP": 5.957515081796762e-07,
    "kQTSTP_rel_err": 0.01142477173898824,
    "kQTSTP_err": 6.806324994110786e-09,
    "1/Keq": 1.4982980128657084,
    "1/Keq_err": 0.026341314158602046
}