{
    "P": 2.6168606182752314,
    "P_rel_err": 0.016196094044844303,
    "ratio": 0.016328176145815096,
    "ratio_rel_err": 0.0007399959265705277,
    "kQTST": 0.0027301269516836852,
    "kQTST_rel_err": 0.0162129903559085,
    "kQTST_err": 4.426352193805346e-05,
    "UNITS": "eVAamu",
    "PP": 2.5416588468118895,
    "PP_rel_err": 0.012344333922309556,
    "ratioP": 0.018637376555003363,
    "ratioP_rel_err": 0.0005455406699458785,
    "kQTSTP": 0.0030266807254067675,
    "kQTSTP_rel_err": 0.01235638274771575,
    "kQTSTP_err": 3.7398825498259976e-05,
    "1/Keq": 1.1086227047208175,
    "1/Keq_err": 0.022599084194075067
}