{
    "P": 3.523373533491474,
    "P_rel_err": 0.013256945185579638,
    "ratio": 0.0009566298550440939,
    "ratio_rel_err": 0.0019806582949541286,
    "kQTST": 0.00015727748513997083,
    "kQTST_rel_err": 0.013404089037858325,
    "kQTST_err": 2.108161414466609e-06,
    "UNITS": "eVAamu",
    "PP": 3.4022784076793986,
    "PP_rel_err": 0.01311754352498132,
    "ratioP": 0.0012211490085850083,
    "ratioP_rel_err": 0.0019924131634078803,
    "kQTSTP": 0.00019386635644036383,
    "kQTSTP_rel_err": 0.013267993757290524,
    "kQTSTP_err": 2.572217606999407e-06,
    "1/Keq": 1.2326389646161389,
    "1/Keq_err": 0.02324788658812322
}