{
    "P": 5.070285317775077,
    "P_rel_err": 0.009818573024531145,
    "ratio": 2.4936950371324914e-05,
    "ratio_rel_err": 0.011029810630416545,
    "kQTST": 3.902372356404367e-06,
    "kQTST_rel_err": 0.01476689198108053,
    "kQTST_err": 5.762591105697798e-08,
    "UNITS": "eVAamu",
    "PP": 4.997936806819539,
    "PP_rel_err": 0.00869016801317131,
    "ratioP": 4.1784143928814645e-05,
    "ratioP_rel_err": 0.009986119615206127,
    "kQTSTP": 6.445479569702463e-06,
    "kQTSTP_rel_err": 0.013237885218808566,
    "kQTSTP_err": 8.532451872389683e-08,
    "1/Keq": 1.651682356534861,
    "1/Keq_err": 0.03275593462461751
}