{
    "P": 5.703461685892191,
    "P_rel_err": 0.00788009054355201,
    "ratio": 2.6929745844214755e-07,
    "ratio_rel_err": 0.006334834799113862,
    "kQTST": 3.353324508270219e-08,
    "kQTST_rel_err": 0.01011068538263563,
    "kQTST_err": 3.390440908900151e-10,
    "UNITS": "eVAamu",
    "PP": 5.576696809884135,
    "PP_rel_err": 0.010499334340407947,
    "ratioP": 4.702255759085354e-07,
    "ratioP_rel_err": 0.00747811086936936,
    "kQTSTP": 5.725165963004264e-08,
    "kQTSTP_rel_err": 0.012890235209888521,
    "kQTSTP_err": 7.379873587877288e-10,
    "1/Keq": 1.7073104463598536,
    "1/Keq_err": 0.027969899605967626
}