{
    "P": 3.328374691829799,
    "P_rel_err": 0.011159485583496052,
    "ratio": 0.001528145553044118,
    "ratio_rel_err": 0.002011822877366189,
    "kQTST": 0.00024821035976961976,
    "kQTST_rel_err": 0.011339380484759748,
    "kQTST_err": 2.8145517096868223e-06,
    "UNITS": "eVAamu",
    "PP": 3.366683832605163,
    "PP_rel_err": 0.01558933148317544,
    "ratioP": 0.0019059021309448608,
    "ratioP_rel_err": 0.001901462295391276,
    "kQTSTP": 0.0003131308811418389,
    "kQTSTP_rel_err": 0.015704865964188283,
    "kQTSTP_err": 4.917678517580752e-06,
    "1/Keq": 1.2615544388738493,
    "1/Keq_err": 0.024437203843908472
}