{
    "P": 3.5030971222330787,
    "P_rel_err": 0.01430118434273966,
    "ratio": 0.0006727068416969361,
    "ratio_rel_err": 0.0023104864320671217,
    "kQTST": 0.00010647008456836756,
    "kQTST_rel_err": 0.014486622144509334,
    "kQTST_err": 1.542391884835895e-06,
    "UNITS": "eVAamu",
    "PP": 3.4582206090362324,
    "PP_rel_err": 0.011527689108705367,
    "ratioP": 0.0008669687592100376,
    "ratioP_rel_err": 0.002443105724442046,
    "kQTSTP": 0.00013545833059301637,
    "kQTSTP_rel_err": 0.01178373377872081,
    "kQTSTP_err": 1.5962049058180574e-06,
    "1/Keq": 1.2722665821311958,
    "1/Keq_err": 0.02375831729149528
}