{
    "P": 3.1020723471486287,
    "P_rel_err": 0.014771899607058523,
    "ratio": 0.0030051089565650067,
    "ratio_rel_err": 0.001856080872307352,
    "kQTST": 0.0004863300326945274,
    "kQTST_rel_err": 0.014888050718799992,
    "kQTST_err": 7.240506192831782e-06,
    "UNITS": "eVAamu",
    "PP": 3.112804767434091,
    "PP_rel_err": 0.011236700924147951,
    "ratioP": 0.0036385835527619685,
    "ratioP_rel_err": 0.0016284778170169917,
    "kQTSTP": 0.0005908852915135569,
    "kQTSTP_rel_err": 0.011354091230004444,
    "kQTSTP_err": 6.708965506312695e-06,
    "1/Keq": 1.2149882832440713,
    "1/Keq_err": 0.022748832784367706
}