{
    "P": 5.421202014267668,
    "P_rel_err": 0.00835246210519788,
    "ratio": 2.073303503035496e-05,
    "ratio_rel_err": 0.010682473738041647,
    "kQTST": 3.211722722973693e-06,
    "kQTST_rel_err": 0.013560194260508071,
    "kQTST_err": 4.355158403441122e-08,
    "UNITS": "eVAamu",
    "PP": 5.340564143318757,
    "PP_rel_err": 0.011117798848133263,
    "ratioP": 3.893140221100737e-05,
    "ratioP_rel_err": 0.013665424091149113,
    "kQTSTP": 5.941098511567445e-06,
    "kQTSTP_rel_err": 0.01761673258066069,
    "kQTSTP_err": 1.0466274371364493e-07,
    "1/Keq": 1.8498167569293336,
    "1/Keq_err": 0.04112372457549682
}