{
    "P": 3.441475580785676,
    "P_rel_err": 0.011831209492462838,
    "ratio": 0.0017456108080171537,
    "ratio_rel_err": 0.0007145705819050959,
    "kQTST": 0.0002216985702398136,
    "kQTST_rel_err": 0.011852768839856236,
    "kQTST_err": 2.627741905179142e-06,
    "UNITS": "eVAamu",
    "PP": 3.362243518237798,
    "PP_rel_err": 0.012093746828793972,
    "ratioP": 0.002130865239486547,
    "ratioP_rel_err": 0.0009679163798180238,
    "kQTSTP": 0.0002643966375014163,
    "kQTSTP_rel_err": 0.012132418327657692,
    "kQTSTP_err": 3.2077706105932504e-06,
    "1/Keq": 1.1925951403990371,
    "1/Keq_err": 0.020227893851482496
}