{
    "P": 5.709364536157881,
    "P_rel_err": 0.010404935437166758,
    "ratio": 2.789261564884918e-07,
    "ratio_rel_err": 0.006489593454730745,
    "kQTST": 3.476816863735077e-08,
    "kQTST_rel_err": 0.012262850592716718,
    "kQTST_err": 4.2635685738221173e-10,
    "UNITS": "eVAamu",
    "PP": 5.631611549764041,
    "PP_rel_err": 0.010132716650805933,
    "ratioP": 4.851474666903379e-07,
    "ratioP_rel_err": 0.00678088976233568,
    "kQTSTP": 5.965011136795588e-08,
    "kQTSTP_rel_err": 0.01219230957179437,
    "kQTSTP_err": 7.272726237901286e-10,
    "1/Keq": 1.7156529580299755,
    "1/Keq_err": 0.029667897083085613
}