{
    "P": 4.936723948775435,
    "P_rel_err": 0.010345721457980963,
    "ratio": 2.670055631005025e-06,
    "ratio_rel_err": 0.0032703932607622984,
    "kQTST": 3.263143612900449e-07,
    "kQTST_rel_err": 0.010850319099739287,
    "kQTST_err": 3.5406149468246002e-09,
    "UNITS": "eVAamu",
    "PP": 5.008531111214402,
    "PP_rel_err": 0.011207446968290641,
    "ratioP": 4.106175990113066e-06,
    "ratioP_rel_err": 0.0033012294254868577,
    "kQTSTP": 5.091256407759032e-07,
    "kQTSTP_rel_err": 0.011683534707730677,
    "kQTSTP_err": 5.948387094600886e-09,
    "1/Keq": 1.5602305665099623,
    "1/Keq_err": 0.024877454781201166
}