{
    "P": 3.9710941523712933,
    "P_rel_err": 0.012526452023653904,
    "ratio": 0.0002678164161902423,
    "ratio_rel_err": 0.0013949127053211826,
    "kQTST": 3.398981397536268e-05,
    "kQTST_rel_err": 0.012603879631144113,
    "kQTST_err": 4.284035240304512e-07,
    "UNITS": "eVAamu",
    "PP": 3.854981486204295,
    "PP_rel_err": 0.014944798330395664,
    "ratioP": 0.0003482787694766458,
    "ratioP_rel_err": 0.0013643485219181218,
    "kQTSTP": 4.290922864029058e-05,
    "kQTSTP_rel_err": 0.015006946525707927,
    "kQTSTP_err": 6.439364996642157e-07,
    "1/Keq": 1.2624143418788076,
    "1/Keq_err": 0.02474030096962265
}