{
    "P": 3.383355339394102,
    "P_rel_err": 0.014467370534514669,
    "ratio": 0.0017170611177384112,
    "ratio_rel_err": 0.000884983544818953,
    "kQTST": 0.00021438981224280022,
    "kQTST_rel_err": 0.014494412925591142,
    "kQTST_err": 3.1074544656871015e-06,
    "UNITS": "eVAamu",
    "PP": 3.397647934281898,
    "PP_rel_err": 0.012363829143388615,
    "ratioP": 0.0020949708369311136,
    "ratioP_rel_err": 0.0008294545163135406,
    "kQTSTP": 0.00026268007680341215,
    "kQTSTP_rel_err": 0.012391620793162554,
    "kQTSTP_err": 3.2550319016666985e-06,
    "1/Keq": 1.22524514600499,
    "1/Keq_err": 0.023364633745982803
}