{
    "P": 5.096763989983611,
    "P_rel_err": 0.009870747049596297,
    "ratio": 1.9700289936383622e-05,
    "ratio_rel_err": 0.008936106128553495,
    "kQTST": 3.0989895248560445e-06,
    "kQTST_rel_err": 0.013314865378887063,
    "kQTST_err": 4.126262833403942e-08,
    "UNITS": "eVAamu",
    "PP": 4.984719486497317,
    "PP_rel_err": 0.010547617257808341,
    "ratioP": 3.25314398038459e-05,
    "ratioP_rel_err": 0.011207227483186213,
    "kQTSTP": 5.004918102315387e-06,
    "kQTSTP_rel_err": 0.015390067500732437,
    "kQTSTP_err": 7.702602743027149e-08,
    "1/Keq": 1.6150161406395451,
    "1/Keq_err": 0.03286626563963471
}