{
    "P": 4.358490099967877,
    "P_rel_err": 0.00855087749694918,
    "ratio": 7.148770267887433e-05,
    "ratio_rel_err": 0.004498455620438666,
    "kQTST": 1.1494004197150208e-05,
    "kQTST_rel_err": 0.009661967135986755,
    "kQTST_err": 1.1105469081375914e-07,
    "UNITS": "eVAamu",
    "PP": 4.266171553803364,
    "PP_rel_err": 0.01134354300974554,
    "ratioP": 0.00010195967865607278,
    "ratioP_rel_err": 0.0044684122752600575,
    "kQTSTP": 1.6046145293315104e-05,
    "kQTSTP_rel_err": 0.012191910280002953,
    "kQTSTP_err": 1.9563316375598942e-07,
    "1/Keq": 1.3960448437363144,
    "1/Keq_err": 0.021717194383311454
}