{
    "P": 2.571586657627608,
    "P_rel_err": 0.016125028742153248,
    "ratio": 0.016565100104982453,
    "ratio_rel_err": 0.000694157929290117,
    "kQTST": 0.002721822517028248,
    "kQTST_rel_err": 0.016139963047233558,
    "kQTST_err": 4.3930114845964154e-05,
    "UNITS": "eVAamu",
    "PP": 2.472901388958257,
    "PP_rel_err": 0.013999060554382617,
    "ratioP": 0.01888505543269698,
    "ratioP_rel_err": 0.0006936801116439993,
    "kQTSTP": 0.0029839369096954773,
    "kQTSTP_rel_err": 0.014016236602689103,
    "kQTSTP_err": 4.182356573378876e-05,
    "1/Keq": 1.096301059686071,
    "1/Keq_err": 0.023435042251714413
}