{
    "P": 2.7652272433503957,
    "P_rel_err": 0.013246833989522522,
    "ratio": 0.01256050781926418,
    "ratio_rel_err": 0.00043695457546896147,
    "kQTST": 0.0015698365357398952,
    "kQTST_rel_err": 0.013254038631564059,
    "kQTST_err": 2.0806674089937265e-05,
    "UNITS": "eVAamu",
    "PP": 2.666388688302157,
    "PP_rel_err": 0.014767341992971581,
    "ratioP": 0.014368080931228,
    "ratioP_rel_err": 0.00046165198529739114,
    "kQTSTP": 0.0017315643311691283,
    "kQTSTP_rel_err": 0.014774556240134962,
    "kQTSTP_err": 2.5583094594269967e-05,
    "1/Keq": 1.1030220610536419,
    "1/Keq_err": 0.02189316943756907
}