{
    "P": 3.5801247896527393,
    "P_rel_err": 0.014469873577591419,
    "ratio": 0.0007673570563213821,
    "ratio_rel_err": 0.0011415552501603588,
    "kQTST": 9.483539559115934e-05,
    "kQTST_rel_err": 0.014514833438267453,
    "kQTST_err": 1.3765199710578814e-06,
    "UNITS": "eVAamu",
    "PP": 3.566638890657917,
    "PP_rel_err": 0.010893183077252554,
    "ratioP": 0.0009646395739273597,
    "ratioP_rel_err": 0.0012598892689765784,
    "kQTSTP": 0.00011876788420580997,
    "kQTSTP_rel_err": 0.010965799493179863,
    "kQTSTP_err": 1.3023848044301157e-06,
    "1/Keq": 1.2523581882636408,
    "1/Keq_err": 0.022782221523865696
}