{
    "P": 3.398356705119897,
    "P_rel_err": 0.014479214985955047,
    "ratio": 0.0014437141230889527,
    "ratio_rel_err": 0.0015130938393821288,
    "kQTST": 0.00023942700789368135,
    "kQTST_rel_err": 0.014558060295804568,
    "kQTST_err": 3.4855928173602895e-06,
    "UNITS": "eVAamu",
    "PP": 3.287631305111608,
    "PP_rel_err": 0.014724509125192242,
    "ratioP": 0.001804713421939238,
    "ratioP_rel_err": 0.0016126041381834412,
    "kQTSTP": 0.00028954383777002394,
    "kQTSTP_rel_err": 0.014812550796009308,
    "kQTSTP_err": 4.288882804639958e-06,
    "1/Keq": 1.209319868786888,
    "1/Keq_err": 0.025116289231807143
}