{
    "P": 4.351145378242413,
    "P_rel_err": 0.01055130849450886,
    "ratio": 6.239391541542159e-05,
    "ratio_rel_err": 0.002106038503274315,
    "kQTST": 7.920573350824944e-06,
    "kQTST_rel_err": 0.010759438141630292,
    "kQTST_err": 8.522091901444635e-08,
    "UNITS": "eVAamu",
    "PP": 4.219310499920075,
    "PP_rel_err": 0.010149004498216463,
    "ratioP": 8.5575880177963e-05,
    "ratioP_rel_err": 0.0018812357752343656,
    "kQTSTP": 1.0534250646473624e-05,
    "kQTSTP_rel_err": 0.010321886472289822,
    "kQTSTP_err": 1.0873333924354641e-07,
    "1/Keq": 1.3299858709567358,
    "1/Keq_err": 0.01983003356168502
}