{
    "P": 5.062588065595058,
    "P_rel_err": 0.009994517664863145,
    "ratio": 3.1291730196655207e-06,
    "ratio_rel_err": 0.004335810963095103,
    "kQTST": 3.921743655909032e-07,
    "kQTST_rel_err": 0.010894477502889119,
    "kQTST_err": 4.2725348031399075e-09,
    "UNITS": "eVAamu",
    "PP": 4.938800411428279,
    "PP_rel_err": 0.012304246283663672,
    "ratioP": 4.861027652217955e-06,
    "ratioP_rel_err": 0.003086888623610345,
    "kQTSTP": 5.943285619854148e-07,
    "kQTSTP_rel_err": 0.01268555706240866,
    "kQTSTP_err": 7.539388886885262e-09,
    "1/Keq": 1.515470194207922,
    "1/Keq_err": 0.025341135859768216
}