{
    "P": 2.546215909021639,
    "P_rel_err": 0.01625373240150187,
    "ratio": 0.016341916091113854,
    "ratio_rel_err": 0.000880719835412823,
    "kQTST": 0.002658659853346456,
    "kQTST_rel_err": 0.016277576122018945,
    "kQTST_err": 4.327653814540266e-05,
    "UNITS": "eVAamu",
    "PP": 2.546493116547198,
    "PP_rel_err": 0.016236937402531224,
    "ratioP": 0.01860574899217302,
    "ratioP_rel_err": 0.0007515776986496211,
    "kQTSTP": 0.003027291477505158,
    "kQTSTP_rel_err": 0.016254322663550914,
    "kQTSTP_err": 4.920657247198662e-05,
    "1/Keq": 1.1386531728361962,
    "1/Keq_err": 0.0261930448265386
}