{
    "P": 3.702018882712988,
    "P_rel_err": 0.01081719084668567,
    "ratio": 0.0006472890250598823,
    "ratio_rel_err": 0.0019384356816873284,
    "kQTST": 0.00010826459343561303,
    "kQTST_rel_err": 0.010989501840650414,
    "kQTST_err": 1.1897739488379381e-06,
    "UNITS": "eVAamu",
    "PP": 3.556727465974815,
    "PP_rel_err": 0.013354493032452664,
    "ratioP": 0.0008409839786379864,
    "ratioP_rel_err": 0.0021373785550276286,
    "kQTSTP": 0.00013514123614750842,
    "kQTSTP_rel_err": 0.013524454563542248,
    "kQTSTP_err": 1.827711507937911e-06,
    "1/Keq": 1.2482496064410884,
    "1/Keq_err": 0.021752518609223333
}