{
    "P": 4.3522803455033,
    "P_rel_err": 0.011111081131055984,
    "ratio": 6.44169476249526e-05,
    "ratio_rel_err": 0.0019078697471427,
    "kQTST": 8.179519470246818e-06,
    "kQTST_rel_err": 0.011273690206537106,
    "kQTST_err": 9.221336854590113e-08,
    "UNITS": "eVAamu",
    "PP": 4.238360516362646,
    "PP_rel_err": 0.012925817849204092,
    "ratioP": 8.823916173830909e-05,
    "ratioP_rel_err": 0.0021548165137307645,
    "kQTSTP": 1.0911138168856745e-05,
    "kQTSTP_rel_err": 0.01310419784949273,
    "kQTSTP_err": 1.429817133278506e-07,
    "1/Keq": 1.333958334416374,
    "1/Keq_err": 0.02305920104162878
}