{
    "P": 2.9796250824078756,
    "P_rel_err": 0.01439054950272739,
    "ratio": 0.005194260894441713,
    "ratio_rel_err": 0.0011550081507213617,
    "kQTST": 0.0008564077457075399,
    "kQTST_rel_err": 0.01443682648017494,
    "kQTST_err": 1.2363810021057538e-05,
    "UNITS": "eVAamu",
    "PP": 2.9295377353876417,
    "PP_rel_err": 0.01330323239406474,
    "ratioP": 0.006192224123392093,
    "ratioP_rel_err": 0.0009236206944519987,
    "kQTSTP": 0.0010037856186975056,
    "kQTSTP_rel_err": 0.013335256552376992,
    "kQTSTP_err": 1.3385738748917704e-05,
    "1/Keq": 1.1720884400318055,
    "1/Keq_err": 0.023035370708325183
}