{
    "P": 4.684632910249201,
    "P_rel_err": 0.010346573228670669,
    "ratio": 8.841597948915871e-06,
    "ratio_rel_err": 0.0030647693312514973,
    "kQTST": 1.0808417388653914e-06,
    "kQTST_rel_err": 0.010790940117988994,
    "kQTST_err": 1.1663298481119537e-08,
    "UNITS": "eVAamu",
    "PP": 4.603187250430724,
    "PP_rel_err": 0.00955112516042122,
    "ratioP": 1.300729978464006e-05,
    "ratioP_rel_err": 0.003984213814016342,
    "kQTSTP": 1.5624336053464353e-06,
    "kQTSTP_rel_err": 0.01034881401638999,
    "kQTSTP_err": 1.6169334794687934e-08,
    "1/Keq": 1.4455711221761225,
    "1/Keq_err": 0.021613214338120187
}