{
    "P": 4.692265952817937,
    "P_rel_err": 0.012678633371172317,
    "ratio": 3.0548689483513895e-05,
    "ratio_rel_err": 0.005838062061757721,
    "kQTST": 4.729597074539306e-06,
    "kQTST_rel_err": 0.013958177273467303,
    "kQTST_err": 6.601655439849198e-08,
    "UNITS": "eVAamu",
    "PP": 4.6807666748178995,
    "PP_rel_err": 0.010883676428539402,
    "ratioP": 4.960536555702988e-05,
    "ratioP_rel_err": 0.00887854735165245,
    "kQTSTP": 7.661160974367775e-06,
    "kQTSTP_rel_err": 0.014045747245222624,
    "kQTSTP_err": 1.0760673065093326e-07,
    "1/Keq": 1.6198337519299197,
    "1/Keq_err": 0.03207572400176126
}