{
    "P": 4.480543727554102,
    "P_rel_err": 0.011520006573278199,
    "ratio": 3.322078487973147e-05,
    "ratio_rel_err": 0.004979531421058949,
    "kQTST": 5.209137371808937e-06,
    "kQTST_rel_err": 0.012550150780834718,
    "kQTST_err": 6.537545945428324e-08,
    "UNITS": "eVAamu",
    "PP": 4.511441259041577,
    "PP_rel_err": 0.00890643180320217,
    "ratioP": 4.992425737578372e-05,
    "ratioP_rel_err": 0.006815552522316018,
    "kQTSTP": 7.882284787286056e-06,
    "kQTSTP_rel_err": 0.011215002614780761,
    "kQTSTP_err": 8.839984449985973e-08,
    "1/Keq": 1.5131650837130517,
    "1/Keq_err": 0.02546808185082853
}