{
    "P": 3.5876261687797935,
    "P_rel_err": 0.01251774692799567,
    "ratio": 0.0006622859947642901,
    "ratio_rel_err": 0.0020575335542662512,
    "kQTST": 0.00010735006966014917,
    "kQTST_rel_err": 0.012685717657282007,
    "kQTST_err": 1.3618126741982079e-06,
    "UNITS": "eVAamu",
    "PP": 3.5268453826377297,
    "PP_rel_err": 0.01347762061362968,
    "ratioP": 0.0008505003004332764,
    "ratioP_rel_err": 0.0017065115827826533,
    "kQTSTP": 0.00013552220779064822,
    "kQTSTP_rel_err": 0.013585228713095228,
    "kQTSTP_err": 1.8411001885395721e-06,
    "1/Keq": 1.2624324159237803,
    "1/Keq_err": 0.023465147232077793
}