{
    "P": 5.904310429634902,
    "P_rel_err": 0.008379555284926487,
    "ratio": 2.531272766353938e-05,
    "ratio_rel_err": 0.016670428084066595,
    "kQTST": 3.898495872122751e-06,
    "kQTST_rel_err": 0.0186579773630256,
    "kQTST_err": 7.273804773191501e-08,
    "UNITS": "eVAamu",
    "PP": 5.792482885504353,
    "PP_rel_err": 0.010551206868742752,
    "ratioP": 5.3639940920844365e-05,
    "ratioP_rel_err": 0.01637005960087042,
    "kQTSTP": 8.104794338846407e-06,
    "kQTSTP_rel_err": 0.019475800823664582,
    "kQTSTP_err": 1.578473602601369e-07,
    "1/Keq": 2.078954192770071,
    "1/Keq_err": 0.056071168907975595
}