{
    "P": 5.13755927322719,
    "P_rel_err": 0.011352618896108835,
    "ratio": 1.4368919847618912e-05,
    "ratio_rel_err": 0.008776212281389549,
    "kQTST": 2.2784207877863005e-06,
    "kQTST_rel_err": 0.014349350431580522,
    "kQTST_err": 3.2693858314543385e-08,
    "UNITS": "eVAamu",
    "PP": 4.978849657689457,
    "PP_rel_err": 0.009209704049990206,
    "ratioP": 2.497121940356794e-05,
    "ratioP_rel_err": 0.007710716439659722,
    "kQTSTP": 3.837264444939948e-06,
    "kQTSTP_rel_err": 0.01201140277824554,
    "kQTSTP_err": 4.609092881481452e-08,
    "1/Keq": 1.6841772448311492,
    "1/Keq_err": 0.03151606663065056
}