{
    "P": 6.499118641543822,
    "P_rel_err": 0.010085844638320778,
    "ratio": 4.260395569278569e-08,
    "ratio_rel_err": 0.015892071310013824,
    "kQTST": 5.109109039308779e-09,
    "kQTST_rel_err": 0.018822385411815065,
    "kQTST_err": 9.616561944885804e-11,
    "UNITS": "eVAamu",
    "PP": 6.523394299269178,
    "PP_rel_err": 0.008317128906511817,
    "ratioP": 9.0891397308082e-08,
    "ratioP_rel_err": 0.012441014256531376,
    "kQTSTP": 1.0940500540191407e-08,
    "kQTSTP_rel_err": 0.01496507497404378,
    "kQTSTP_err": 1.6372541083753088e-10,
    "1/Keq": 2.141371510378171,
    "1/Keq_err": 0.05149255678242991
}