{
    "P": 3.1903121312972957,
    "P_rel_err": 0.01381593075542702,
    "ratio": 0.003331214404059107,
    "ratio_rel_err": 0.0007650867765852854,
    "kQTST": 0.000415989913098744,
    "kQTST_rel_err": 0.013837098699310484,
    "kQTST_err": 5.756093485464912e-06,
    "UNITS": "eVAamu",
    "PP": 3.1050408346488223,
    "PP_rel_err": 0.012222745760458101,
    "ratioP": 0.00397699327386878,
    "ratioP_rel_err": 0.000785141492411252,
    "kQTSTP": 0.0004833583344725831,
    "kQTSTP_rel_err": 0.01224793701355058,
    "kQTSTP_err": 5.920142435594912e-06,
    "1/Keq": 1.1619472474032029,
    "1/Keq_err": 0.021471743299753415
}