{
    "P": 3.484071018315874,
    "P_rel_err": 0.013973308318823952,
    "ratio": 0.00095298859838966,
    "ratio_rel_err": 0.0023413461894256095,
    "kQTST": 0.00015493111333168334,
    "kQTST_rel_err": 0.014168106696085135,
    "kQTST_err": 2.1950805442265475e-06,
    "UNITS": "eVAamu",
    "PP": 3.398963208743983,
    "PP_rel_err": 0.010905300598914177,
    "ratioP": 0.0012149397956955936,
    "ratioP_rel_err": 0.002320790961111192,
    "kQTSTP": 0.0001926926544551075,
    "kQTSTP_rel_err": 0.011149513524717271,
    "kQTSTP_err": 2.1484293569608926e-06,
    "1/Keq": 1.2437311674291178,
    "1/Keq_err": 0.022423300209603102
}