{
    "P": 4.619500319566055,
    "P_rel_err": 0.012339913500794813,
    "ratio": 3.3287670271800073e-05,
    "ratio_rel_err": 0.005454465326357324,
    "kQTST": 5.381503212092188e-06,
    "kQTST_rel_err": 0.013491651389045465,
    "kQTST_err": 7.26053652865762e-08,
    "UNITS": "eVAamu",
    "PP": 4.5383577840909535,
    "PP_rel_err": 0.013980068205413906,
    "ratioP": 4.93138736166998e-05,
    "ratioP_rel_err": 0.0043636798703946275,
    "kQTSTP": 7.83236737925445e-06,
    "kQTSTP_rel_err": 0.014645272583305238,
    "kQTSTP_err": 1.1470715524176949e-07,
    "1/Keq": 1.4554237116601905,
    "1/Keq_err": 0.028981161569082592
}