{
    "P": 2.74606293224299,
    "P_rel_err": 0.01350213100638584,
    "ratio": 0.012667366967424829,
    "ratio_rel_err": 0.0004514550091966693,
    "kQTST": 0.0015722197415332121,
    "kQTST_rel_err": 0.013509676285497542,
    "kQTST_err": 2.124017975778231e-05,
    "UNITS": "eVAamu",
    "PP": 2.7262640034419054,
    "PP_rel_err": 0.015595289924026754,
    "ratioP": 0.014470449783004793,
    "ratioP_rel_err": 0.0004777543682352164,
    "kQTSTP": 0.0017830615997497243,
    "kQTSTP_rel_err": 0.015602606098047153,
    "kQTSTP_err": 2.7820407789448762e-05,
    "1/Keq": 1.1341045737098439,
    "1/Keq_err": 0.023406354295544992
}