{
    "P": 2.76784381768655,
    "P_rel_err": 0.01543097408885634,
    "ratio": 0.007960948659959067,
    "ratio_rel_err": 0.0010905621603892407,
    "kQTST": 0.001285228520888576,
    "kQTST_rel_err": 0.015469463053274624,
    "kQTST_err": 1.988179511890062e-05,
    "UNITS": "eVAamu",
    "PP": 2.8139054507980297,
    "PP_rel_err": 0.015278550764814408,
    "ratioP": 0.0093117231017405,
    "ratioP_rel_err": 0.0009533629006064425,
    "kQTSTP": 0.0015283172143409907,
    "kQTSTP_rel_err": 0.015308266207943462,
    "kQTSTP_err": 2.339588676731447e-05,
    "1/Keq": 1.1891404442879536,
    "1/Keq_err": 0.025879786186741457
}