{
    "P": 5.0279945520775415,
    "P_rel_err": 0.010864450673209207,
    "ratio": 2.2516515187416924e-05,
    "ratio_rel_err": 0.009444857316079741,
    "kQTST": 3.494209515690048e-06,
    "kQTST_rel_err": 0.014395888932320262,
    "kQTST_err": 5.0302252094130504e-08,
    "UNITS": "eVAamu",
    "PP": 4.914591397253098,
    "PP_rel_err": 0.011840267660246725,
    "ratioP": 3.799824699419578e-05,
    "ratioP_rel_err": 0.009527675054104805,
    "kQTSTP": 5.763734193216427e-06,
    "kQTSTP_rel_err": 0.015197648837991205,
    "kQTSTP_err": 8.759520826402582e-08,
    "1/Keq": 1.6495101874502756,
    "1/Keq_err": 0.03452997131898454
}