{
    "P": 3.8784164692507583,
    "P_rel_err": 0.011269253752631356,
    "ratio": 0.00026709576385714547,
    "ratio_rel_err": 0.0012840654370506568,
    "kQTST": 3.3107230459730665e-05,
    "kQTST_rel_err": 0.011342173697657077,
    "kQTST_err": 3.7550795852262834e-07,
    "UNITS": "eVAamu",
    "PP": 3.8630609312901125,
    "PP_rel_err": 0.011801291177931593,
    "ratioP": 0.0003481756793817539,
    "ratioP_rel_err": 0.001171847141931372,
    "kQTSTP": 4.298643204899287e-05,
    "kQTSTP_rel_err": 0.011859329626516786,
    "kQTSTP_err": 5.097902671368719e-07,
    "1/Keq": 1.2984001214260004,
    "1/Keq_err": 0.021306765906860696
}