{
    "P": 6.028783854489684,
    "P_rel_err": 0.010015441209994603,
    "ratio": 7.467320854231987e-06,
    "ratio_rel_err": 0.014633374052255333,
    "kQTST": 1.1743119354013677e-06,
    "kQTST_rel_err": 0.017732588609226736,
    "kQTST_err": 2.0823590449377296e-08,
    "UNITS": "eVAamu",
    "PP": 5.915466184565009,
    "PP_rel_err": 0.008727906765842073,
    "ratioP": 1.5980666219554966e-05,
    "ratioP_rel_err": 0.014572476824769478,
    "kQTSTP": 2.4658849252489072e-06,
    "kQTSTP_rel_err": 0.016986272025423216,
    "kQTSTP_err": 4.188619212366833e-08,
    "1/Keq": 2.0998551159288805,
    "1/Keq_err": 0.05156322985218897
}