{
    "P": 5.009413279386639,
    "P_rel_err": 0.01090908036738878,
    "ratio": 2.4914013253326875e-05,
    "ratio_rel_err": 0.009973547747050598,
    "kQTST": 3.851975538585709e-06,
    "kQTST_rel_err": 0.014781058457527505,
    "kQTST_err": 5.693627561280136e-08,
    "UNITS": "eVAamu",
    "PP": 4.990750793400089,
    "PP_rel_err": 0.010398661775134366,
    "ratioP": 4.134677024999632e-05,
    "ratioP_rel_err": 0.009147876453477054,
    "kQTSTP": 6.3688415176505125e-06,
    "kQTSTP_rel_err": 0.01384975849326336,
    "kQTSTP_err": 8.820691690132849e-08,
    "1/Keq": 1.6533961479903105,
    "1/Keq_err": 0.03349078275431308
}