{
    "P": 3.1592143448128938,
    "P_rel_err": 0.013295036680911643,
    "ratio": 0.0029252632353550883,
    "ratio_rel_err": 0.0016516745262862658,
    "kQTST": 0.0004821287060106451,
    "kQTST_rel_err": 0.013397239607007446,
    "kQTST_err": 6.4591937958410634e-06,
    "UNITS": "eVAamu",
    "PP": 3.101427020350232,
    "PP_rel_err": 0.012035698818031425,
    "ratioP": 0.003544208086077061,
    "ratioP_rel_err": 0.0016007217556140302,
    "kQTSTP": 0.0005734555005749601,
    "kQTSTP_rel_err": 0.012141678474463862,
    "kQTSTP_err": 6.962712307393892e-06,
    "1/Keq": 1.1894240965654068,
    "1/Keq_err": 0.021505445038475707
}