{
    "P": 5.978755353299484,
    "P_rel_err": 0.007764540586988654,
    "ratio": 2.0908978681148798e-05,
    "ratio_rel_err": 0.015183753233017556,
    "kQTST": 3.2608629880720698e-06,
    "kQTST_rel_err": 0.01705386914363322,
    "kQTST_err": 5.5610330693897886e-08,
    "UNITS": "eVAamu",
    "PP": 5.9648267488501405,
    "PP_rel_err": 0.01057697597454533,
    "ratioP": 4.415197072218164e-05,
    "ratioP_rel_err": 0.01497739245552638,
    "kQTSTP": 6.86968582714231e-06,
    "kQTSTP_rel_err": 0.018335613039464148,
    "kQTSTP_err": 1.259599010291726e-07,
    "1/Keq": 2.1067079028683433,
    "1/Keq_err": 0.052753125166035364
}