{
    "P": 4.841378773983999,
    "P_rel_err": 0.009666768867399422,
    "ratio": 8.770021665084141e-06,
    "ratio_rel_err": 0.0028084548653752248,
    "kQTST": 1.1079636388395484e-06,
    "kQTST_rel_err": 0.010066471033414464,
    "kQTST_err": 1.1153283876454799e-08,
    "UNITS": "eVAamu",
    "PP": 4.743581842781919,
    "PP_rel_err": 0.011694537696034154,
    "ratioP": 1.2928454752330055e-05,
    "ratioP_rel_err": 0.002936770794914275,
    "kQTSTP": 1.600327240413936e-06,
    "kQTSTP_rel_err": 0.012057646313681008,
    "kQTSTP_err": 1.9296179851060397e-08,
    "1/Keq": 1.444386064952525,
    "1/Keq_err": 0.02268746962588789
}