{
    "P": 5.95902447683176,
    "P_rel_err": 0.009344599891006326,
    "ratio": 2.5422571389809553e-05,
    "ratio_rel_err": 0.012559294932375472,
    "kQTST": 3.95169660377092e-06,
    "kQTST_rel_err": 0.015654310470965743,
    "kQTST_err": 6.186108552249088e-08,
    "UNITS": "eVAamu",
    "PP": 5.842749210605783,
    "PP_rel_err": 0.009357584237101257,
    "ratioP": 5.393115121730781e-05,
    "ratioP_rel_err": 0.014003909875282482,
    "kQTSTP": 8.219509185310805e-06,
    "kQTSTP_rel_err": 0.01684262077437713,
    "kQTSTP_err": 1.384380761596994e-07,
    "1/Keq": 2.0799950020118727,
    "1/Keq_err": 0.04782773411085688
}