{
    "P": 4.428395842960387,
    "P_rel_err": 0.01045834049153628,
    "ratio": 6.455761985866594e-05,
    "ratio_rel_err": 0.0017372552536403867,
    "kQTST": 8.34074283534461e-06,
    "kQTST_rel_err": 0.010601648063070594,
    "kQTST_err": 8.842562012490112e-08,
    "UNITS": "eVAamu",
    "PP": 4.203807976238758,
    "PP_rel_err": 0.01302020631005213,
    "ratioP": 8.856050879808726e-05,
    "ratioP_rel_err": 0.001927252841873686,
    "kQTSTP": 1.0861598857303848e-05,
    "kQTSTP_rel_err": 0.013162069589271722,
    "kQTSTP_err": 1.4296112001058745e-07,
    "1/Keq": 1.302233994228535,
    "1/Keq_err": 0.022008718347417078
}