{
    "P": 6.582722438424959,
    "P_rel_err": 0.009002650916656493,
    "ratio": 2.999474753395743e-08,
    "ratio_rel_err": 0.012132841998535123,
    "kQTST": 3.643271498600142e-09,
    "kQTST_rel_err": 0.015108063359960924,
    "kQTST_err": 5.504277663839073e-11,
    "UNITS": "eVAamu",
    "PP": 6.5783106108962235,
    "PP_rel_err": 0.008673619942420538,
    "ratioP": 6.305242380964175e-08,
    "ratioP_rel_err": 0.014891899121059265,
    "kQTSTP": 7.65344462025071e-09,
    "kQTSTP_rel_err": 0.017233697871825448,
    "kQTSTP_err": 1.318971522641486e-10,
    "1/Keq": 2.100706637754392,
    "1/Keq_err": 0.048144874524457384
}