{
    "P": 5.934968600570536,
    "P_rel_err": 0.009918175311400962,
    "ratio": 7.620415267319816e-06,
    "ratio_rel_err": 0.013965636356232646,
    "kQTST": 1.1797392072658012e-06,
    "kQTST_rel_err": 0.017129191467848404,
    "kQTST_err": 2.02079787633836e-08,
    "UNITS": "eVAamu",
    "PP": 5.857297106000367,
    "PP_rel_err": 0.010725502663489875,
    "ratioP": 1.600441488771099e-05,
    "ratioP_rel_err": 0.013352968509271456,
    "kQTSTP": 2.445265406276571e-06,
    "kQTSTP_rel_err": 0.01712711812869064,
    "kQTSTP_err": 4.188034946929954e-08,
    "1/Keq": 2.0727169116840587,
    "1/Keq_err": 0.05020714993252857
}