{
    "P": 3.1712000371604625,
    "P_rel_err": 0.015534602988495466,
    "ratio": 0.0029933677407478184,
    "ratio_rel_err": 0.0016108998603757536,
    "kQTST": 0.0004952251091742896,
    "kQTST_rel_err": 0.01561790281600993,
    "kQTST_err": 7.734377627131961e-06,
    "UNITS": "eVAamu",
    "PP": 3.0373811842265837,
    "PP_rel_err": 0.013335890449471487,
    "ratioP": 0.003651602183357358,
    "ratioP_rel_err": 0.0015753487707083856,
    "kQTSTP": 0.0005786310049678099,
    "kQTSTP_rel_err": 0.013428614888724646,
    "kQTSTP_err": 7.770212928388437e-06,
    "1/Keq": 1.1684201674115164,
    "1/Keq_err": 0.02406623885095167
}