{
    "P": 4.291755649357977,
    "P_rel_err": 0.011837960087985822,
    "ratio": 6.45663738430165e-05,
    "ratio_rel_err": 0.0017648336571446503,
    "kQTST": 8.08448147657144e-06,
    "kQTST_rel_err": 0.01196879011772434,
    "kQTST_err": 9.676146200371373e-08,
    "UNITS": "eVAamu",
    "PP": 4.260932517925907,
    "PP_rel_err": 0.012431172127762713,
    "ratioP": 8.85955539039991e-05,
    "ratioP_rel_err": 0.0020263652898252623,
    "kQTSTP": 1.1013551078928028e-05,
    "kQTSTP_rel_err": 0.012595245005869206,
    "kQTSTP_err": 1.3871837422375364e-07,
    "1/Keq": 1.3623076644859582,
    "1/Keq_err": 0.023670154813732146
}