{
    "P": 6.089997693547595,
    "P_rel_err": 0.009966205804186284,
    "ratio": 8.591992387393063e-08,
    "ratio_rel_err": 0.010456787970316279,
    "kQTST": 1.0576510791284538e-08,
    "kQTST_rel_err": 0.014445403171512645,
    "kQTST_err": 1.5278196252795937e-10,
    "UNITS": "eVAamu",
    "PP": 5.982765329737564,
    "PP_rel_err": 0.009879292123661615,
    "ratioP": 1.6402427894745274e-07,
    "ratioP_rel_err": 0.00938267911833724,
    "kQTSTP": 1.9835425018407725e-08,
    "kQTSTP_rel_err": 0.013624796523336565,
    "kQTSTP_err": 2.7025362982970467e-10,
    "1/Keq": 1.8754223779313777,
    "1/Keq_err": 0.03724046541094863
}