{
    "P": 4.370379375686813,
    "P_rel_err": 0.01160057599723811,
    "ratio": 7.061906476280801e-05,
    "ratio_rel_err": 0.0056185350218321585,
    "kQTST": 1.1385314884622141e-05,
    "kQTST_rel_err": 0.012889581035055076,
    "kQTST_err": 1.467519388149558e-07,
    "UNITS": "eVAamu",
    "PP": 4.178629846876052,
    "PP_rel_err": 0.010301177578998448,
    "ratioP": 0.00010188573884075846,
    "ratioP_rel_err": 0.004417886097484189,
    "kQTSTP": 1.570548122003146e-05,
    "kQTSTP_rel_err": 0.01120856712896008,
    "kQTSTP_err": 1.7603594054734448e-07,
    "1/Keq": 1.379450755573257,
    "1/Keq_err": 0.02356291179190813
}