{
    "P": 2.7056137393539497,
    "P_rel_err": 0.0130693176109642,
    "ratio": 0.012665171331492161,
    "ratio_rel_err": 0.0003582953005321846,
    "kQTST": 0.0015487926256621794,
    "kQTST_rel_err": 0.013074228020752981,
    "kQTST_err": 2.024926794476805e-05,
    "UNITS": "eVAamu",
    "PP": 2.7081546389781583,
    "PP_rel_err": 0.012211020138483183,
    "ratioP": 0.014484248733318323,
    "ratioP_rel_err": 0.0004417034870895474,
    "kQTSTP": 0.0017729065355387651,
    "kQTSTP_rel_err": 0.012219006293187222,
    "kQTSTP_err": 2.1663156114980927e-05,
    "1/Keq": 1.1447023353308947,
    "1/Keq_err": 0.020484721051493914
}