{
    "P": 4.245646068645055,
    "P_rel_err": 0.011786204950863593,
    "ratio": 6.871316711131078e-05,
    "ratio_rel_err": 0.0039042375048991777,
    "kQTST": 1.0761868973449218e-05,
    "kQTST_rel_err": 0.012416025839149289,
    "kQTST_err": 1.3361964325188452e-07,
    "UNITS": "eVAamu",
    "PP": 4.211003896095099,
    "PP_rel_err": 0.012588184792330115,
    "ratioP": 9.98576456338645e-05,
    "ratioP_rel_err": 0.004779382739415165,
    "kQTSTP": 1.5512111305055213e-05,
    "kQTSTP_rel_err": 0.01346495063992701,
    "kQTSTP_err": 2.088698130436222e-07,
    "1/Keq": 1.441395666805217,
    "1/Keq_err": 0.0264000811703398
}