{
    "P": 4.76706171524555,
    "P_rel_err": 0.009596341720979042,
    "ratio": 8.823755393613836e-06,
    "ratio_rel_err": 0.0031892288038444035,
    "kQTST": 1.0976402264368544e-06,
    "kQTST_rel_err": 0.010112415873028255,
    "kQTST_err": 1.1099794448694375e-08,
    "UNITS": "eVAamu",
    "PP": 4.709311861519419,
    "PP_rel_err": 0.011762488365693668,
    "ratioP": 1.301514379306836e-05,
    "ratioP_rel_err": 0.003919585935419274,
    "kQTSTP": 1.5994188199075448e-06,
    "kQTSTP_rel_err": 0.012398358216240385,
    "kQTSTP_err": 1.983016746701021e-08,
    "1/Keq": 1.4571430432169543,
    "1/Keq_err": 0.023313388945076764
}