{
    "P": 5.959098912257413,
    "P_rel_err": 0.009760733346214535,
    "ratio": 2.2345302374196195e-06,
    "ratio_rel_err": 0.01512743748364427,
    "kQTST": 3.4734078290268573e-07,
    "kQTST_rel_err": 0.018003090853447083,
    "kQTST_err": 6.25320767170449e-09,
    "UNITS": "eVAamu",
    "PP": 5.9624368062464805,
    "PP_rel_err": 0.008927176524276402,
    "ratioP": 4.818816692493245e-06,
    "ratioP_rel_err": 0.01402648154338053,
    "kQTSTP": 7.494680854941964e-07,
    "kQTSTP_rel_err": 0.01662638460948099,
    "kQTSTP_err": 1.2460944641957892e-08,
    "1/Keq": 2.1577313185943225,
    "1/Keq_err": 0.05287753580540918
}