{
    "P": 5.90550915091074,
    "P_rel_err": 0.00959312733511516,
    "ratio": 2.74901748954499e-05,
    "ratio_rel_err": 0.013753248840479624,
    "kQTST": 4.234711209755747e-06,
    "kQTST_rel_err": 0.016768421086550987,
    "kQTST_err": 7.100942074512211e-08,
    "UNITS": "eVAamu",
    "PP": 5.926053780051291,
    "PP_rel_err": 0.009780173360826025,
    "ratioP": 5.794955205446223e-05,
    "ratioP_rel_err": 0.01383152231697753,
    "kQTSTP": 8.957867216690422e-06,
    "kQTSTP_rel_err": 0.016939976404141136,
    "kQTSTP_err": 1.517460592821652e-07,
    "1/Keq": 2.115343118570558,
    "1/Keq_err": 0.05042077945478174
}