{
    "P": 5.674949518614211,
    "P_rel_err": 0.01002002426485781,
    "ratio": 4.130945638125669e-06,
    "ratio_rel_err": 0.010182947678609108,
    "kQTST": 6.698708111866697e-07,
    "kQTST_rel_err": 0.01428612297628821,
    "kQTST_err": 9.569856786838702e-09,
    "UNITS": "eVAamu",
    "PP": 5.473334514949743,
    "PP_rel_err": 0.011331249555041327,
    "ratioP": 7.550036866456322e-06,
    "ratioP_rel_err": 0.011608672929782697,
    "kQTSTP": 1.1808116681630314e-06,
    "kQTSTP_rel_err": 0.016222160881624058,
    "kQTSTP_err": 1.9155316851839575e-08,
    "1/Keq": 1.7627453658881402,
    "1/Keq_err": 0.0381035184001825
}