{
    "P": 5.977232953972294,
    "P_rel_err": 0.010947412851415025,
    "ratio": 1.6561113526332137e-05,
    "ratio_rel_err": 0.013000365173757186,
    "kQTST": 2.5821333401858734e-06,
    "kQTST_rel_err": 0.016995744843647353,
    "kQTST_err": 4.388527940207397e-08,
    "UNITS": "eVAamu",
    "PP": 5.892508629357237,
    "PP_rel_err": 0.011766408873177309,
    "ratioP": 3.502500827225272e-05,
    "ratioP_rel_err": 0.01609199261826553,
    "kQTSTP": 5.383533533653907e-06,
    "kQTSTP_rel_err": 0.01993490918457112,
    "kQTSTP_err": 1.0732025208548387e-07,
    "1/Keq": 2.084916936654548,
    "1/Keq_err": 0.054617500057735385
}