{
    "P": 4.767247082370938,
    "P_rel_err": 0.014137621485021084,
    "ratio": 3.066849992406749e-05,
    "ratio_rel_err": 0.007255872208408425,
    "kQTST": 4.824020401555182e-06,
    "kQTST_rel_err": 0.015890878602471403,
    "kQTST_err": 7.665792257695875e-08,
    "UNITS": "eVAamu",
    "PP": 4.679097669551141,
    "PP_rel_err": 0.010557309889116573,
    "ratioP": 4.9236300455885467e-05,
    "ratioP_rel_err": 0.007689832585432883,
    "kQTSTP": 7.601450363819789e-06,
    "kQTSTP_rel_err": 0.01306102282697737,
    "kQTSTP_err": 9.92827167199857e-08,
    "1/Keq": 1.575750044790277,
    "1/Keq_err": 0.03241262073911355
}