{
    "P": 2.5445711730417,
    "P_rel_err": 0.014394082273820477,
    "ratio": 0.01648502490661869,
    "ratio_rel_err": 0.0006398603604217294,
    "kQTST": 0.0026802097610591734,
    "kQTST_rel_err": 0.014408297116118612,
    "kQTST_err": 3.861725857086184e-05,
    "UNITS": "eVAamu",
    "PP": 2.5540771171546153,
    "PP_rel_err": 0.014236890133554782,
    "ratioP": 0.018830250820038377,
    "ratioP_rel_err": 0.0007434631106488051,
    "kQTSTP": 0.0030729442766302124,
    "kQTSTP_rel_err": 0.01425628907085589,
    "kQTSTP_err": 4.380878190627246e-05,
    "1/Keq": 1.146531260827823,
    "1/Keq_err": 0.023239280912809673
}