{
    "P": 3.5737430571771966,
    "P_rel_err": 0.013385620668725775,
    "ratio": 0.0006682877591947185,
    "ratio_rel_err": 0.0026403043029189885,
    "kQTST": 0.0001079037174929209,
    "kQTST_rel_err": 0.013643535007432317,
    "kQTST_err": 1.4721881470467532e-06,
    "UNITS": "eVAamu",
    "PP": 3.5541051308996208,
    "PP_rel_err": 0.010505774764907229,
    "ratioP": 0.0008644065225158099,
    "ratioP_rel_err": 0.001987772563116205,
    "kQTSTP": 0.00013880268961050807,
    "kQTSTP_rel_err": 0.010692172051255026,
    "kQTSTP_err": 1.4841022384925007e-06,
    "1/Keq": 1.286356882186328,
    "1/Keq_err": 0.02229774858733634
}