{
    "P": 3.9808795935031416,
    "P_rel_err": 0.010853955368155786,
    "ratio": 0.00026757687978831436,
    "ratio_rel_err": 0.001383312400180005,
    "kQTST": 3.404309499059336e-05,
    "kQTST_rel_err": 0.010941750332118238,
    "kQTST_err": 3.724910459196576e-07,
    "UNITS": "eVAamu",
    "PP": 3.867494669155759,
    "PP_rel_err": 0.013352466266386346,
    "ratioP": 0.00034921267525951427,
    "ratioP_rel_err": 0.0017857946186078074,
    "kQTSTP": 4.316394514895551e-05,
    "kQTSTP_rel_err": 0.0134713554557377,
    "kQTSTP_err": 5.814768479735447e-07,
    "1/Keq": 1.2679207093503804,
    "1/Keq_err": 0.022004884205666087
}