{
    "P": 3.6162726267407304,
    "P_rel_err": 0.012167005650831642,
    "ratio": 0.0006385018293731362,
    "ratio_rel_err": 0.002387122263245741,
    "kQTST": 0.00010432127495603401,
    "kQTST_rel_err": 0.012398966860470777,
    "kQTST_err": 1.2934760310219256e-06,
    "UNITS": "eVAamu",
    "PP": 3.408828805754861,
    "PP_rel_err": 0.011511771283825188,
    "ratioP": 0.0008227098851724663,
    "ratioP_rel_err": 0.002395624326271545,
    "kQTSTP": 0.0001267072551433281,
    "kQTSTP_rel_err": 0.011758396744613025,
    "kQTSTP_err": 1.489874176396161e-06,
    "1/Keq": 1.2145869114112016,
    "1/Keq_err": 0.02075466671393774
}