{
    "P": 4.321429946902439,
    "P_rel_err": 0.010645436894946889,
    "ratio": 6.87976186820154e-05,
    "ratio_rel_err": 0.006017979166508783,
    "kQTST": 1.0967428959587444e-05,
    "kQTST_rel_err": 0.012228712112599193,
    "kQTST_err": 1.3411753136217814e-07,
    "UNITS": "eVAamu",
    "PP": 4.330593830118438,
    "PP_rel_err": 0.011161104109363234,
    "ratioP": 0.00010010243582866523,
    "ratioP_rel_err": 0.005651111215371974,
    "kQTSTP": 1.599175195660529e-05,
    "kQTSTP_rel_err": 0.01251020794825361,
    "kQTSTP_err": 2.000601424340237e-07,
    "1/Keq": 1.4581131106963507,
    "1/Keq_err": 0.02550850859537687
}