{
    "P": 5.710654270991399,
    "P_rel_err": 0.0101951049615555,
    "ratio": 2.804764613120549e-07,
    "ratio_rel_err": 0.005467625704124951,
    "kQTST": 3.496931198120846e-08,
    "kQTST_rel_err": 0.011568711942888952,
    "kQTST_err": 4.0454989715161605e-10,
    "UNITS": "eVAamu",
    "PP": 5.489192196803871,
    "PP_rel_err": 0.011219986944092288,
    "ratioP": 4.827748914210154e-07,
    "ratioP_rel_err": 0.007066943957782073,
    "kQTSTP": 5.785726660389127e-08,
    "kQTSTP_rel_err": 0.01326008310411492,
    "kQTSTP_err": 7.671921633445311e-10,
    "1/Keq": 1.6545154401374027,
    "1/Keq_err": 0.029115001388835257
}