{
    "P": 6.665270900122001,
    "P_rel_err": 0.010626385976128203,
    "ratio": 4.2220081345506386e-08,
    "ratio_rel_err": 0.01581118891902257,
    "kQTST": 5.192513725624549e-09,
    "kQTST_rel_err": 0.01905029590181413,
    "kQTST_err": 9.891892294737897e-11,
    "UNITS": "eVAamu",
    "PP": 6.5613289459871,
    "PP_rel_err": 0.00823886074270708,
    "ratioP": 9.052431496953207e-08,
    "ratioP_rel_err": 0.011858900319544351,
    "kQTSTP": 1.0959679155923842e-08,
    "kQTSTP_rel_err": 0.014439956479387638,
    "kQTSTP_err": 1.5825729003959213e-10,
    "1/Keq": 2.110669270230119,
    "1/Keq_err": 0.05045453757789975
}