{
    "P": 3.1048761876218576,
    "P_rel_err": 0.01493320000615474,
    "ratio": 0.003337242498548509,
    "ratio_rel_err": 0.0007810089050042623,
    "kQTST": 0.0004055823909706091,
    "kQTST_rel_err": 0.014953609508527227,
    "kQTST_err": 6.0649206981093075e-06,
    "UNITS": "eVAamu",
    "PP": 3.15909506849997,
    "PP_rel_err": 0.013012579269326028,
    "ratioP": 0.003984155586178913,
    "ratioP_rel_err": 0.0006155299783916972,
    "kQTSTP": 0.0004926585501078805,
    "kQTSTP_rel_err": 0.013027129246107617,
    "kQTSTP_err": 6.417926606455345e-06,
    "1/Keq": 1.2146941313918667,
    "1/Keq_err": 0.024090068494524275
}