{
    "P": 5.967581198404208,
    "P_rel_err": 0.010818564287173812,
    "ratio": 1.6809126307364186e-05,
    "ratio_rel_err": 0.015495595537228254,
    "kQTST": 2.616570413837855e-06,
    "kQTST_rel_err": 0.01889854000416648,
    "kQTST_err": 4.944936063963315e-08,
    "UNITS": "eVAamu",
    "PP": 5.916987281726105,
    "PP_rel_err": 0.010010429849646812,
    "ratioP": 3.555792570333628e-05,
    "ratioP_rel_err": 0.013614493597372487,
    "kQTSTP": 5.488150378702142e-06,
    "kQTSTP_rel_err": 0.016898613602529537,
    "kQTSTP_err": 9.274213264226363e-08,
    "1/Keq": 2.09745946437283,
    "1/Keq_err": 0.05317454628984363
}