{
    "P": 3.633345121179922,
    "P_rel_err": 0.012617821015561597,
    "ratio": 0.0006250636851419028,
    "ratio_rel_err": 0.002930004645890601,
    "kQTST": 0.00010260782845497665,
    "kQTST_rel_err": 0.01295354524466906,
    "kQTST_err": 1.3291351483487814e-06,
    "UNITS": "eVAamu",
    "PP": 3.596553132282179,
    "PP_rel_err": 0.010527535248652483,
    "ratioP": 0.0008074805977174442,
    "ratioP_rel_err": 0.0028906312358950846,
    "kQTSTP": 0.00013121036771700448,
    "kQTSTP_rel_err": 0.010917176711657315,
    "kQTSTP_err": 1.432446770768074e-06,
    "1/Keq": 1.2787559165096098,
    "1/Keq_err": 0.02166270955637575
}