{
    "P": 2.527915391086916,
    "P_rel_err": 0.012690895697758456,
    "ratio": 0.016458314080943726,
    "ratio_rel_err": 0.0006920353262668474,
    "kQTST": 0.002658351800664379,
    "kQTST_rel_err": 0.012709750056715725,
    "kQTST_err": 3.378698694926444e-05,
    "UNITS": "eVAamu",
    "PP": 2.454024403973461,
    "PP_rel_err": 0.012605273632414591,
    "ratioP": 0.018766195410838616,
    "ratioP_rel_err": 0.0007466762687991639,
    "kQTSTP": 0.002942521776454364,
    "kQTSTP_rel_err": 0.012627369037073177,
    "kQTSTP_err": 3.7156308370913394e-05,
    "1/Keq": 1.106897053926032,
    "1/Keq_err": 0.01983132637724123
}