{
    "P": 5.254605022730163,
    "P_rel_err": 0.010408625893319864,
    "ratio": 7.346670565216227e-07,
    "ratio_rel_err": 0.004652597543785654,
    "kQTST": 9.010137445015911e-08,
    "kQTST_rel_err": 0.011401147174364912,
    "kQTST_err": 1.0272590307188264e-09,
    "UNITS": "eVAamu",
    "PP": 5.27648355003933,
    "PP_rel_err": 0.010521036062062832,
    "ratioP": 1.1901942748668385e-06,
    "ratioP_rel_err": 0.004896737813695632,
    "kQTSTP": 1.4657611914703733e-07,
    "kQTSTP_rel_err": 0.011604750795915579,
    "kQTSTP_err": 1.7009793353337983e-09,
    "1/Keq": 1.626791156533556,
    "1/Keq_err": 0.026465067225026964
}