{
    "P": 5.406285157502944,
    "P_rel_err": 0.009888705131804225,
    "ratio": 2.3692948738632943e-05,
    "ratio_rel_err": 0.009735540507219094,
    "kQTST": 3.660139480154583e-06,
    "kQTST_rel_err": 0.013876859808741855,
    "kQTST_err": 5.079124244654644e-08,
    "UNITS": "eVAamu",
    "PP": 5.391998363525674,
    "PP_rel_err": 0.011853714006917124,
    "ratioP": 4.359793268180263e-05,
    "ratioP_rel_err": 0.011179971321534884,
    "kQTSTP": 6.717307352936388e-06,
    "kQTSTP_rel_err": 0.016294241145512905,
    "kQTSTP_err": 1.0945342585727246e-07,
    "1/Keq": 1.8352599373214835,
    "1/Keq_err": 0.039279259127923405
}