{
    "P": 4.797279718370985,
    "P_rel_err": 0.011939030639181223,
    "ratio": 3.0306379984302982e-05,
    "ratio_rel_err": 0.007967451550923224,
    "kQTST": 4.797091985484875e-06,
    "kQTST_rel_err": 0.01435342247757018,
    "kQTST_err": 6.885468793143038e-08,
    "UNITS": "eVAamu",
    "PP": 4.753172839776341,
    "PP_rel_err": 0.01080821987650016,
    "ratioP": 4.8631532237322224e-05,
    "ratioP_rel_err": 0.007412746728049771,
    "kQTSTP": 7.6269429905216716e-06,
    "kQTSTP_rel_err": 0.01310596928704572,
    "kQTSTP_err": 9.995848058782567e-08,
    "1/Keq": 1.5899096814485545,
    "1/Keq_err": 0.030902673614823278
}