{
    "P": 3.6483712388343053,
    "P_rel_err": 0.013678775655767703,
    "ratio": 0.000667456698122207,
    "ratio_rel_err": 0.0032936186723311655,
    "kQTST": 0.00011002001385401003,
    "kQTST_rel_err": 0.014069713124280524,
    "kQTST_err": 1.54795003285529e-06,
    "UNITS": "eVAamu",
    "PP": 3.5223926641181773,
    "PP_rel_err": 0.010731219509762444,
    "ratioP": 0.0008615798070478155,
    "ratioP_rel_err": 0.0023096052315611884,
    "kQTSTP": 0.00013711433319775146,
    "kQTSTP_rel_err": 0.010976946227998064,
    "kQTSTP_err": 1.5050966625995276e-06,
    "1/Keq": 1.2462671871655457,
    "1/Keq_err": 0.02223985273831874
}