{
    "P": 5.0365090862327415,
    "P_rel_err": 0.011253941390598036,
    "ratio": 2.2498302666543684e-05,
    "ratio_rel_err": 0.011034306856217983,
    "kQTST": 3.497295615843406e-06,
    "kQTST_rel_err": 0.015760936666968588,
    "kQTST_err": 5.512065470697483e-08,
    "UNITS": "eVAamu",
    "PP": 4.925840793649419,
    "PP_rel_err": 0.010170541782652398,
    "ratioP": 3.794958137107008e-05,
    "ratioP_rel_err": 0.00841860614593958,
    "kQTSTP": 5.769528556074795e-06,
    "kQTSTP_rel_err": 0.013202759165914141,
    "kQTSTP_err": 7.617369602671988e-08,
    "1/Keq": 1.6497114312950116,
    "1/Keq_err": 0.03391832275633949
}