{
    "P": 4.301236443617487,
    "P_rel_err": 0.009914793457502529,
    "ratio": 6.905763642327648e-05,
    "ratio_rel_err": 0.004403334448217539,
    "kQTST": 1.0957436778604752e-05,
    "kQTST_rel_err": 0.010848616666091314,
    "kQTST_err": 1.1887303125401343e-07,
    "UNITS": "eVAamu",
    "PP": 4.262524819802294,
    "PP_rel_err": 0.010861451244723715,
    "ratioP": 0.00010080100828863978,
    "ratioP_rel_err": 0.0045052520542458755,
    "kQTSTP": 1.585023639428469e-05,
    "kQTSTP_rel_err": 0.011758759254861757,
    "kQTSTP_err": 1.8637911389304176e-07,
    "1/Keq": 1.4465277522963684,
    "1/Keq_err": 0.02314267661889945
}