{
    "P": 3.8126287578004145,
    "P_rel_err": 0.011922781411961285,
    "ratio": 0.0004205239835777394,
    "ratio_rel_err": 0.0012494040532409466,
    "kQTST": 5.292136779924787e-05,
    "kQTST_rel_err": 0.011988066027748781,
    "kQTST_err": 6.344248514561616e-07,
    "UNITS": "eVAamu",
    "PP": 3.780138407461802,
    "PP_rel_err": 0.01577583600858241,
    "ratioP": 0.0005388693615705995,
    "ratioP_rel_err": 0.0012940498214818138,
    "kQTSTP": 6.723678894605407e-05,
    "kQTSTP_rel_err": 0.015828820761830696,
    "kQTSTP_err": 1.0642790808281293e-06,
    "1/Keq": 1.2705036120969204,
    "1/Keq_err": 0.02522726553866102
}