{
    "P": 3.1834951702618515,
    "P_rel_err": 0.01410425830481778,
    "ratio": 0.0029831981161746613,
    "ratio_rel_err": 0.0015090315434730418,
    "kQTST": 0.0004954561640935406,
    "kQTST_rel_err": 0.01418475514516264,
    "kQTST_err": 7.027924372828396e-06,
    "UNITS": "eVAamu",
    "PP": 3.1121730747073983,
    "PP_rel_err": 0.0135770512036758,
    "ratioP": 0.0036158007526741237,
    "ratioP_rel_err": 0.001466702822362327,
    "kQTSTP": 0.0005870663345746053,
    "kQTSTP_rel_err": 0.013656043957030897,
    "kQTSTP_err": 8.017003670643818e-06,
    "1/Keq": 1.184900657455074,
    "1/Keq_err": 0.02333065528357406
}