{
    "P": 2.5471383117544315,
    "P_rel_err": 0.014256963318069587,
    "ratio": 0.0164126981875199,
    "ratio_rel_err": 0.0006083456771893888,
    "kQTST": 0.0026711426733623486,
    "kQTST_rel_err": 0.014269936493051985,
    "kQTST_err": 3.811703631276182e-05,
    "UNITS": "eVAamu",
    "PP": 2.5461587475893355,
    "PP_rel_err": 0.014143073898869781,
    "ratioP": 0.018718546418062622,
    "ratioP_rel_err": 0.0007559523382528366,
    "kQTSTP": 0.0030452445335520306,
    "kQTSTP_rel_err": 0.014163262450671513,
    "kQTSTP_err": 4.313059755517016e-05,
    "1/Keq": 1.1400531180608091,
    "1/Keq_err": 0.022921280142008765
}