{
    "P": 5.969977196203802,
    "P_rel_err": 0.010814980576979162,
    "ratio": 8.876790386492936e-08,
    "ratio_rel_err": 0.00956123085251732,
    "kQTST": 1.0711740476938213e-08,
    "kQTST_rel_err": 0.014435405789085585,
    "kQTST_err": 1.5462832049197627e-10,
    "UNITS": "eVAamu",
    "PP": 5.899349646981741,
    "PP_rel_err": 0.008960435289119455,
    "ratioP": 1.6896487572642623e-07,
    "ratioP_rel_err": 0.010177772997192643,
    "kQTSTP": 2.01480015397215e-08,
    "kQTSTP_rel_err": 0.013560105595196556,
    "kQTSTP_err": 2.7320902841080634e-10,
    "1/Keq": 1.880926968226969,
    "1/Keq_err": 0.03725267883104768
}