{
    "P": 5.943798129344796,
    "P_rel_err": 0.010266927795651396,
    "ratio": 7.54224365141787e-06,
    "ratio_rel_err": 0.01325126723025253,
    "kQTST": 1.1693743351960919e-06,
    "kQTST_rel_err": 0.016763230284425605,
    "kQTST_err": 1.9602491269589186e-08,
    "UNITS": "eVAamu",
    "PP": 5.914719445209368,
    "PP_rel_err": 0.010416007000523487,
    "ratioP": 1.567876554560173e-05,
    "ratioP_rel_err": 0.011649290468187938,
    "kQTSTP": 2.4189949636391906e-06,
    "kQTSTP_rel_err": 0.015626873335609033,
    "kQTSTP_err": 3.780132789626581e-08,
    "1/Keq": 2.0686232721479647,
    "1/Keq_err": 0.047407369358693954
}