{
    "P": 4.58162886805963,
    "P_rel_err": 0.012978435420809068,
    "ratio": 2.4336021192093543e-05,
    "ratio_rel_err": 0.0058181298182642316,
    "kQTST": 3.902066646934294e-06,
    "kQTST_rel_err": 0.014222883693340349,
    "kQTST_err": 5.549864008300903e-08,
    "UNITS": "eVAamu",
    "PP": 4.575584647468693,
    "PP_rel_err": 0.011958894787702698,
    "ratioP": 3.653488326656919e-05,
    "ratioP_rel_err": 0.005046931860906862,
    "kQTSTP": 5.850318624359721e-06,
    "kQTSTP_rel_err": 0.012980242129944248,
    "kQTSTP_err": 7.593855228151152e-08,
    "1/Keq": 1.4992872120613558,
    "1/Keq_err": 0.02886963493396961
}