{
    "P": 4.8254459091453015,
    "P_rel_err": 0.012076795680933101,
    "ratio": 1.8056572994213934e-05,
    "ratio_rel_err": 0.008028025475502297,
    "kQTST": 2.874893227700811e-06,
    "kQTST_rel_err": 0.014501661523919192,
    "kQTST_err": 4.1690728505524707e-08,
    "UNITS": "eVAamu",
    "PP": 4.65021267433987,
    "PP_rel_err": 0.009273011391598678,
    "ratioP": 2.8999907568640386e-05,
    "ratioP_rel_err": 0.0069497691823665305,
    "kQTSTP": 4.449573339483093e-06,
    "kQTSTP_rel_err": 0.011588271310117415,
    "kQTSTP_err": 5.156286307219527e-08,
    "1/Keq": 1.5477351633826169,
    "1/Keq_err": 0.028730659945014073
}