{
    "P": 5.568521264176662,
    "P_rel_err": 0.010679119358119582,
    "ratio": 2.07810768613291e-05,
    "ratio_rel_err": 0.011898931013473849,
    "kQTST": 3.3066444761308283e-06,
    "kQTST_rel_err": 0.015988375449944067,
    "kQTST_err": 5.2867873363863295e-08,
    "UNITS": "eVAamu",
    "PP": 5.414087635834493,
    "PP_rel_err": 0.00889577437886661,
    "ratioP": 3.7329255530511255e-05,
    "ratioP_rel_err": 0.010761104246527486,
    "kQTSTP": 5.775029165380097e-06,
    "kQTSTP_rel_err": 0.01396195424732267,
    "kQTSTP_err": 8.063069298399095e-08,
    "1/Keq": 1.746492314812621,
    "1/Keq_err": 0.03707191968326883
}