{
    "P": 5.108042853500904,
    "P_rel_err": 0.011443231384891795,
    "ratio": 2.2865856261562602e-05,
    "ratio_rel_err": 0.009057484943772159,
    "kQTST": 3.6049144929461896e-06,
    "kQTST_rel_err": 0.01459402542257728,
    "kQTST_err": 5.261021375627398e-08,
    "UNITS": "eVAamu",
    "PP": 4.9881236699483935,
    "PP_rel_err": 0.010902194026549135,
    "ratioP": 3.835433849387716e-05,
    "ratioP_rel_err": 0.008391361007930984,
    "kQTSTP": 5.904792977412611e-06,
    "kQTSTP_rel_err": 0.013757644208146543,
    "kQTSTP_err": 8.123604090600498e-08,
    "1/Keq": 1.6379841987838104,
    "1/Keq_err": 0.03285203244221508
}