{
    "P": 3.888081354269559,
    "P_rel_err": 0.01335373350567329,
    "ratio": 0.0002683389884195031,
    "ratio_rel_err": 0.0013742946689169811,
    "kQTST": 3.3344217584661414e-05,
    "kQTST_rel_err": 0.013424264761153777,
    "kQTST_err": 4.476216051100143e-07,
    "UNITS": "eVAamu",
    "PP": 3.8637761615085116,
    "PP_rel_err": 0.013999435520058114,
    "ratioP": 0.00034991219783681504,
    "ratioP_rel_err": 0.0014716083983003661,
    "kQTSTP": 4.3208824381955655e-05,
    "kQTSTP_rel_err": 0.014076570113426529,
    "kQTSTP_err": 6.082320459313325e-07,
    "1/Keq": 1.2958416034878573,
    "1/Keq_err": 0.02520605822980566
}