{
    "P": 6.054178168693483,
    "P_rel_err": 0.009943593887599344,
    "ratio": 8.980883481733164e-08,
    "ratio_rel_err": 0.012562733757425488,
    "kQTST": 1.0990201743177578e-08,
    "kQTST_rel_err": 0.01602177701946513,
    "kQTST_err": 1.760825617281281e-10,
    "UNITS": "eVAamu",
    "PP": 5.972418126173864,
    "PP_rel_err": 0.009812566582010056,
    "ratioP": 1.7478317561819954e-07,
    "ratioP_rel_err": 0.011386067179130611,
    "kQTSTP": 2.1099940748081875e-08,
    "kQTSTP_rel_err": 0.015030934393245678,
    "kQTSTP_err": 3.171518250857898e-10,
    "1/Keq": 1.9198865717983886,
    "1/Keq_err": 0.042177523462880395
}