{
    "P": 4.380290695790813,
    "P_rel_err": 0.011358502466199365,
    "ratio": 5.048542329935275e-05,
    "ratio_rel_err": 0.004405010943266098,
    "kQTST": 8.157796771061624e-06,
    "kQTST_rel_err": 0.01218276239959358,
    "kQTST_err": 9.938449976601547e-08,
    "UNITS": "eVAamu",
    "PP": 4.26524550217837,
    "PP_rel_err": 0.012738323624163949,
    "ratioP": 7.403449503849467e-05,
    "ratioP_rel_err": 0.004645927421188378,
    "kQTSTP": 1.1648824410050838e-05,
    "kQTSTP_rel_err": 0.013559112447239438,
    "kQTSTP_err": 1.5794772005402693e-07,
    "1/Keq": 1.4279375592406311,
    "1/Keq_err": 0.02602880798362801
}