{
    "P": 4.353962329936437,
    "P_rel_err": 0.01127007801648039,
    "ratio": 5.491282386515657e-05,
    "ratio_rel_err": 0.004021769580246036,
    "kQTST": 8.819874217634015e-06,
    "kQTST_rel_err": 0.011966172698659624,
    "kQTST_err": 1.0554013806866407e-07,
    "UNITS": "eVAamu",
    "PP": 4.313418264068314,
    "PP_rel_err": 0.012776792816766408,
    "ratioP": 8.059041443322157e-05,
    "ratioP_rel_err": 0.004633105913090031,
    "kQTSTP": 1.2823568874649238e-05,
    "kQTSTP_rel_err": 0.013590883160578032,
    "kQTSTP_err": 1.7428362627698292e-07,
    "1/Keq": 1.4539401082399153,
    "1/Keq_err": 0.02632801693866283
}