{
    "P": 2.7501498483662847,
    "P_rel_err": 0.014899855712078629,
    "ratio": 0.008167507730028847,
    "ratio_rel_err": 0.0009181227219574931,
    "kQTST": 0.001310146506762842,
    "kQTST_rel_err": 0.014928116075826071,
    "kQTST_err": 1.9558019129293752e-05,
    "UNITS": "eVAamu",
    "PP": 2.7877714025726674,
    "PP_rel_err": 0.013599224702169746,
    "ratioP": 0.009547097033656447,
    "ratioP_rel_err": 0.000977772787907235,
    "kQTSTP": 0.001552395754469926,
    "kQTSTP_rel_err": 0.013634329911105853,
    "kQTSTP_err": 2.116587586904305e-05,
    "1/Keq": 1.1849024108804764,
    "1/Keq_err": 0.02395565593398691
}