{
    "P": 2.9753337973548133,
    "P_rel_err": 0.013481972657451496,
    "ratio": 0.005024039266960344,
    "ratio_rel_err": 0.0013364788913551233,
    "kQTST": 0.0008271493377431427,
    "kQTST_rel_err": 0.013548053829362635,
    "kQTST_err": 1.1206263752665752e-05,
    "UNITS": "eVAamu",
    "PP": 2.932164834456691,
    "PP_rel_err": 0.012843349079026222,
    "ratioP": 0.005964516574003687,
    "ratioP_rel_err": 0.001054425966808839,
    "kQTSTP": 0.0009677403211100609,
    "kQTSTP_rel_err": 0.012886560040802372,
    "kQTSTP_err": 1.2470843751890166e-05,
    "1/Keq": 1.1699704961990507,
    "1/Keq_err": 0.021876045398223125
}