{
    "P": 5.62365795741157,
    "P_rel_err": 0.012235337704568377,
    "ratio": 2.7017710587059855e-07,
    "ratio_rel_err": 0.007249602090914435,
    "kQTST": 3.3172044803358785e-08,
    "kQTST_rel_err": 0.01422182193748127,
    "kQTST_err": 4.717669144955195e-10,
    "UNITS": "eVAamu",
    "PP": 5.649755577476086,
    "PP_rel_err": 0.010458242815641025,
    "ratioP": 4.7599831739611433e-07,
    "ratioP_rel_err": 0.008445163755306496,
    "kQTSTP": 5.871375780617534e-08,
    "kQTSTP_rel_err": 0.013442307601184018,
    "kQTSTP_err": 7.892483928520282e-10,
    "1/Keq": 1.7699770440509703,
    "1/Keq_err": 0.03463713716662099
}