{
    "P": 3.933896913129601,
    "P_rel_err": 0.011459078743020955,
    "ratio": 0.00019637986453363787,
    "ratio_rel_err": 0.0023467260562625943,
    "kQTST": 3.186242927246101e-05,
    "kQTST_rel_err": 0.01169690595080154,
    "kQTST_err": 3.726918385640424e-07,
    "UNITS": "eVAamu",
    "PP": 3.8209621492341905,
    "PP_rel_err": 0.015878006884291865,
    "ratioP": 0.00026675405957351644,
    "ratioP_rel_err": 0.0029308630990367624,
    "kQTSTP": 4.203806585126442e-05,
    "kQTSTP_rel_err": 0.016146239844710447,
    "kQTSTP_err": 6.787566938422472e-07,
    "1/Keq": 1.319361605852141,
    "1/Keq_err": 0.026305260504983875
}