{
    "P": 4.305991925542375,
    "P_rel_err": 0.010993070613932128,
    "ratio": 5.7566390060368205e-05,
    "ratio_rel_err": 0.005122017948601498,
    "kQTST": 9.144209213366702e-06,
    "kQTST_rel_err": 0.012127764401928906,
    "kQTST_err": 1.1089881498165902e-07,
    "UNITS": "eVAamu",
    "PP": 4.266525446373544,
    "PP_rel_err": 0.009087903983095846,
    "ratioP": 8.356181135014964e-05,
    "ratioP_rel_err": 0.005416818104882013,
    "kQTSTP": 1.3151828359495201e-05,
    "kQTSTP_rel_err": 0.010579788144728933,
    "kQTSTP_err": 1.3914355775929712e-07,
    "1/Keq": 1.4382685317687498,
    "1/Keq_err": 0.023147393238209732
}