{
    "P": 5.498433557498933,
    "P_rel_err": 0.011569502239425183,
    "ratio": 2.0731609093409067e-05,
    "ratio_rel_err": 0.012817470845324815,
    "kQTST": 3.2572535396235457e-06,
    "kQTST_rel_err": 0.017266758263751073,
    "kQTST_err": 5.624220947242729e-08,
    "UNITS": "eVAamu",
    "PP": 5.359471601186523,
    "PP_rel_err": 0.00892507751003127,
    "ratioP": 3.804825703773455e-05,
    "ratioP_rel_err": 0.012514153332821496,
    "kQTSTP": 5.82688320024444e-06,
    "kQTSTP_rel_err": 0.015370785347451617,
    "kQTSTP_err": 8.956377091562923e-08,
    "1/Keq": 1.788894579240484,
    "1/Keq_err": 0.0413541195214827
}