{
    "P": 2.57802762606604,
    "P_rel_err": 0.01613751776517981,
    "ratio": 0.01651340018237177,
    "ratio_rel_err": 0.0008098084582110471,
    "kQTST": 0.0027201236511487374,
    "kQTST_rel_err": 0.016157823781700435,
    "kQTST_err": 4.395127861969689e-05,
    "UNITS": "eVAamu",
    "PP": 2.4893556716832053,
    "PP_rel_err": 0.014737174647822019,
    "ratioP": 0.018806114395112303,
    "ratioP_rel_err": 0.000717565921840871,
    "kQTSTP": 0.002991235451315136,
    "kQTSTP_rel_err": 0.014754633762062527,
    "kQTSTP_err": 4.4134583580252646e-05,
    "1/Keq": 1.099668924996077,
    "1/Keq_err": 0.02406176342123314
}