{
    "P": 3.1988004911101227,
    "P_rel_err": 0.013535609173271583,
    "ratio": 0.0029221533309313663,
    "ratio_rel_err": 0.001624991451563954,
    "kQTST": 0.00048765097737805773,
    "kQTST_rel_err": 0.01363280282660942,
    "kQTST_err": 6.648049622798431e-06,
    "UNITS": "eVAamu",
    "PP": 3.090580773797261,
    "PP_rel_err": 0.013435282382838386,
    "ratioP": 0.0035593225838818202,
    "ratioP_rel_err": 0.0016749548083228808,
    "kQTSTP": 0.0005738870083249482,
    "kQTSTP_rel_err": 0.013539286772815304,
    "kQTSTP_err": 7.770020780904517e-06,
    "1/Keq": 1.1768396557114553,
    "1/Keq_err": 0.022611423621206765
}