{
    "P": 2.5494877367412356,
    "P_rel_err": 0.01435008564684718,
    "ratio": 0.016411549237550463,
    "ratio_rel_err": 0.0007438825783827383,
    "kQTST": 0.0026734193148696935,
    "kQTST_rel_err": 0.014369353477532343,
    "kQTST_err": 3.841530712902496e-05,
    "UNITS": "eVAamu",
    "PP": 2.499699936056552,
    "PP_rel_err": 0.015236968952538406,
    "ratioP": 0.018681139720011165,
    "ratioP_rel_err": 0.0006660424504089217,
    "kQTSTP": 0.0029837045857353125,
    "kQTSTP_rel_err": 0.015251519117988412,
    "kQTSTP_err": 4.550602753177181e-05,
    "1/Keq": 1.1160630766523592,
    "1/Keq_err": 0.02338643946774358
}