{
    "P": 3.953923164278697,
    "P_rel_err": 0.011559174873822567,
    "ratio": 0.00019535025737785355,
    "ratio_rel_err": 0.002931378335498527,
    "kQTST": 3.1856727928136925e-05,
    "kQTST_rel_err": 0.01192507872969571,
    "kQTST_err": 3.7989398861352895e-07,
    "UNITS": "eVAamu",
    "PP": 3.924874964289415,
    "PP_rel_err": 0.010905690420720622,
    "ratioP": 0.00026520285907507673,
    "ratioP_rel_err": 0.0027959467669333195,
    "kQTSTP": 4.293020682875173e-05,
    "kQTSTP_rel_err": 0.011258392508529912,
    "kQTSTP_err": 4.83325118950458e-07,
    "1/Keq": 1.3476025198066353,
    "1/Keq_err": 0.022100636319195954
}