{
    "P": 6.144438236946822,
    "P_rel_err": 0.010115247253097032,
    "ratio": 8.503798571168867e-08,
    "ratio_rel_err": 0.00871858397194672,
    "kQTST": 1.0561523088350944e-08,
    "kQTST_rel_err": 0.013354098002754559,
    "kQTST_err": 1.410396143801935e-10,
    "UNITS": "eVAamu",
    "PP": 5.937330666878279,
    "PP_rel_err": 0.009847439363271333,
    "ratioP": 1.589300754809051e-07,
    "ratioP_rel_err": 0.009872598682201365,
    "kQTSTP": 1.9073426998645044e-08,
    "kQTSTP_rel_err": 0.013944183975877177,
    "kQTSTP_err": 2.6596337511956934e-10,
    "1/Keq": 1.805935265121229,
    "1/Keq_err": 0.03486775110493908
}