{
    "P": 3.6255790779602624,
    "P_rel_err": 0.010553743395354418,
    "ratio": 0.000591369249212277,
    "ratio_rel_err": 0.002168205548930996,
    "kQTST": 9.686919618428797e-05,
    "kQTST_rel_err": 0.010774164234751676,
    "kQTST_err": 1.043684628977899e-06,
    "UNITS": "eVAamu",
    "PP": 3.559353267914438,
    "PP_rel_err": 0.012652541476625121,
    "ratioP": 0.0007620121613495355,
    "ratioP_rel_err": 0.0023821714853720154,
    "kQTSTP": 0.00012254132527036174,
    "kQTSTP_rel_err": 0.01287484162246039,
    "kQTSTP_err": 1.5777001550623107e-06,
    "1/Keq": 1.2650185001766099,
    "1/Keq_err": 0.021237402517542723
}