{
    "P": 4.2916411861265455,
    "P_rel_err": 0.011530442389597459,
    "ratio": 5.506933283757774e-05,
    "ratio_rel_err": 0.004700407618967177,
    "kQTST": 8.718407541464407e-06,
    "kQTST_rel_err": 0.012451704039378331,
    "kQTST_err": 1.0855903040099887e-07,
    "UNITS": "eVAamu",
    "PP": 4.290789265689945,
    "PP_rel_err": 0.010101192424156535,
    "ratioP": 8.030301200226627e-05,
    "ratioP_rel_err": 0.003830921642205992,
    "kQTSTP": 1.2710802398189874e-05,
    "kQTSTP_rel_err": 0.010803242523361197,
    "kQTSTP_err": 1.3731788097416635e-07,
    "1/Keq": 1.4579270741517636,
    "1/Keq_err": 0.024033917094211113
}