{
    "P": 6.155030977966194,
    "P_rel_err": 0.009833111601326522,
    "ratio": 3.5602538829122505e-08,
    "ratio_rel_err": 0.00648027608758898,
    "kQTST": 4.429376701617259e-09,
    "kQTST_rel_err": 0.011776419741819658,
    "kQTST_err": 5.216219923288153e-11,
    "UNITS": "eVAamu",
    "PP": 6.0995442284402905,
    "PP_rel_err": 0.009274145210074273,
    "ratioP": 6.767837283108e-08,
    "ratioP_rel_err": 0.008766954066117109,
    "kQTSTP": 8.344084594941765e-09,
    "kQTSTP_rel_err": 0.01276202385889287,
    "kQTSTP_err": 1.0648740668126726e-10,
    "1/Keq": 1.8838055909525966,
    "1/Keq_err": 0.032712831373697425
}