{
    "P": 2.6319953294716076,
    "P_rel_err": 0.013586315499583711,
    "ratio": 0.016446765104393666,
    "ratio_rel_err": 0.0006212648278226547,
    "kQTST": 0.0027658599015752787,
    "kQTST_rel_err": 0.01360051244771748,
    "kQTST_err": 3.761711202001722e-05,
    "UNITS": "eVAamu",
    "PP": 2.4922051881479694,
    "PP_rel_err": 0.013975178760336727,
    "ratioP": 0.01875017078016507,
    "ratioP_rel_err": 0.0006527989087706812,
    "kQTSTP": 0.002985751076374538,
    "kQTSTP_rel_err": 0.013990416998740924,
    "kQTSTP_err": 4.177190261291934e-05,
    "1/Keq": 1.0795019207856555,
    "1/Keq_err": 0.021062897426900064
}