{
    "P": 3.2097355137998647,
    "P_rel_err": 0.01264410472471088,
    "ratio": 0.0029940495055780308,
    "ratio_rel_err": 0.001473169542432548,
    "kQTST": 0.0005013570992573129,
    "kQTST_rel_err": 0.012729635218269489,
    "kQTST_err": 6.382092987635322e-06,
    "UNITS": "eVAamu",
    "PP": 3.0375930049671784,
    "PP_rel_err": 0.014686617571858934,
    "ratioP": 0.0036304082398069194,
    "ratioP_rel_err": 0.0014072296267531612,
    "kQTSTP": 0.0005753127419010889,
    "kQTSTP_rel_err": 0.014753881893401731,
    "kQTSTP_err": 8.488096245777779e-06,
    "1/Keq": 1.1475109113909636,
    "1/Keq_err": 0.022360881908793814
}