{
    "P": 3.594599265763962,
    "P_rel_err": 0.013193033830717222,
    "ratio": 0.000639288979504969,
    "ratio_rel_err": 0.002010056480060672,
    "kQTST": 0.00010382388489074671,
    "kQTST_rel_err": 0.013345278892233128,
    "kQTST_err": 1.385558699542124e-06,
    "UNITS": "eVAamu",
    "PP": 3.5881662694753373,
    "PP_rel_err": 0.01232195540738135,
    "ratioP": 0.0008266143122684842,
    "ratioP_rel_err": 0.0028333731958704584,
    "kQTSTP": 0.0001340062505782773,
    "kQTSTP_rel_err": 0.012643519633732201,
    "kQTSTP_err": 1.6943106602292863e-06,
    "1/Keq": 1.2907073427207172,
    "1/Keq_err": 0.02372778812499844
}