{
    "P": 2.9730919465880463,
    "P_rel_err": 0.012823391432232175,
    "ratio": 0.005203706817638564,
    "ratio_rel_err": 0.0011474855104405689,
    "kQTST": 0.0008560839723065244,
    "kQTST_rel_err": 0.012874629735294007,
    "kQTST_err": 1.102176416576619e-05,
    "UNITS": "eVAamu",
    "PP": 2.872306766566999,
    "PP_rel_err": 0.017228332014065078,
    "ratioP": 0.006183478200798117,
    "ratioP_rel_err": 0.0011088384643746093,
    "kQTSTP": 0.0009827857734981548,
    "kQTSTP_rel_err": 0.0172639782995385,
    "kQTSTP_err": 1.6966792266767304e-05,
    "1/Keq": 1.148001604153692,
    "1/Keq_err": 0.024723408964630343
}