{
    "P": 4.34055641825148,
    "P_rel_err": 0.013364743316068855,
    "ratio": 6.870512179589513e-05,
    "ratio_rel_err": 0.005521809233921871,
    "kQTST": 1.1001159619439242e-05,
    "kQTST_rel_err": 0.014460523542397487,
    "kQTST_err": 1.5908252767057375e-07,
    "UNITS": "eVAamu",
    "PP": 4.295568330941635,
    "PP_rel_err": 0.011437867132207681,
    "ratioP": 0.00010101406345059452,
    "ratioP_rel_err": 0.005080431388615813,
    "kQTSTP": 1.6006870087861253e-05,
    "kQTSTP_rel_err": 0.012515414001481116,
    "kQTSTP_err": 2.0033260601750798e-07,
    "1/Keq": 1.455016620209458,
    "1/Keq_err": 0.027826306666144426
}