{
    "P": 4.3748115488366155,
    "P_rel_err": 0.010700636936833813,
    "ratio": 6.379409095360994e-05,
    "ratio_rel_err": 0.004839011127137421,
    "kQTST": 1.0295412451050144e-05,
    "kQTST_rel_err": 0.011743920109677683,
    "kQTST_err": 1.209085013213138e-07,
    "UNITS": "eVAamu",
    "PP": 4.288876448382196,
    "PP_rel_err": 0.010990980367642683,
    "ratioP": 9.097364533937373e-05,
    "ratioP_rel_err": 0.0054491039829690485,
    "kQTSTP": 1.4393389550904952e-05,
    "kQTSTP_rel_err": 0.012267615239284121,
    "kQTSTP_err": 1.765725649996344e-07,
    "1/Keq": 1.3980391382413055,
    "1/Keq_err": 0.023742559285609616
}