{
    "P": 3.112606492035548,
    "P_rel_err": 0.013390761723723775,
    "ratio": 0.0028813636127237633,
    "ratio_rel_err": 0.0016624099032222705,
    "kQTST": 0.0004678872716295035,
    "kQTST_rel_err": 0.013493557952885414,
    "kQTST_err": 6.313464015150145e-06,
    "UNITS": "eVAamu",
    "PP": 3.1316685240184876,
    "PP_rel_err": 0.011830345310334847,
    "ratioP": 0.003493664215042111,
    "ratioP_rel_err": 0.0015232189909049137,
    "kQTSTP": 0.0005707893920869048,
    "kQTSTP_rel_err": 0.011928003448021597,
    "kQTSTP_err": 6.808377836906751e-06,
    "1/Keq": 1.2199293007031922,
    "1/Keq_err": 0.021970698856231492
}