{
    "P": 6.731526648677736,
    "P_rel_err": 0.00875723875315342,
    "ratio": 1.0566600758352501e-08,
    "ratio_rel_err": 0.011717555149099243,
    "kQTST": 1.312470800580834e-09,
    "kQTST_rel_err": 0.014628408295228646,
    "kQTST_err": 1.9199358746462054e-11,
    "UNITS": "eVAamu",
    "PP": 6.609118016471296,
    "PP_rel_err": 0.009209693767217898,
    "ratioP": 2.3239023916421904e-08,
    "ratioP_rel_err": 0.00965695966158435,
    "kQTSTP": 2.8340151788129563e-09,
    "kQTSTP_rel_err": 0.013344486846312207,
    "kQTSTP_err": 3.781847827591863e-11,
    "1/Keq": 2.1592976983249934,
    "1/Keq_err": 0.04275549350034721
}