{
    "P": 4.352588926463508,
    "P_rel_err": 0.01048613720880131,
    "ratio": 5.717069484508522e-05,
    "ratio_rel_err": 0.004415850277919471,
    "kQTST": 9.17962774906607e-06,
    "kQTST_rel_err": 0.011377996626770848,
    "kQTST_err": 1.0444577356388583e-07,
    "UNITS": "eVAamu",
    "PP": 4.298672484925679,
    "PP_rel_err": 0.012287458005272762,
    "ratioP": 8.317526993714907e-05,
    "ratioP_rel_err": 0.00400839040577489,
    "kQTSTP": 1.3189627282082638e-05,
    "kQTSTP_rel_err": 0.012924736665652027,
    "kQTSTP_err": 1.7047245933901775e-07,
    "1/Keq": 1.4368368350693244,
    "1/Keq_err": 0.02474146355649985
}