{
    "P": 4.298572212536274,
    "P_rel_err": 0.010766304708510354,
    "ratio": 6.0479402879676046e-05,
    "ratio_rel_err": 0.004314304979209469,
    "kQTST": 9.590376747458666e-06,
    "kQTST_rel_err": 0.011598557864240012,
    "kQTST_err": 1.1123453964526125e-07,
    "UNITS": "eVAamu",
    "PP": 4.30310387453834,
    "PP_rel_err": 0.01170224541440392,
    "ratioP": 8.830227225369628e-05,
    "ratioP_rel_err": 0.005152191017136073,
    "kQTSTP": 1.4017083350025373e-05,
    "kQTSTP_rel_err": 0.012786227747697724,
    "kQTSTP_err": 1.792256200718862e-07,
    "1/Keq": 1.4615779670741018,
    "1/Keq_err": 0.025231347254764468
}