{
    "P": 3.1262901440381823,
    "P_rel_err": 0.013840332956331277,
    "ratio": 0.0029614793190905157,
    "ratio_rel_err": 0.0013337011940604629,
    "kQTST": 0.0004830108985133364,
    "kQTST_rel_err": 0.013904444441154344,
    "kQTST_err": 6.715998202850726e-06,
    "UNITS": "eVAamu",
    "PP": 3.135149056162035,
    "PP_rel_err": 0.013640172726969414,
    "ratioP": 0.0035868433235170423,
    "ratioP_rel_err": 0.0014074621471297166,
    "kQTSTP": 0.000586664142894396,
    "kQTSTP_rel_err": 0.013712595003031455,
    "kQTSTP_err": 8.044687794311425e-06,
    "1/Keq": 1.2145981481993362,
    "1/Keq_err": 0.023719482841470668
}