{
    "P": 4.409546717480654,
    "P_rel_err": 0.010292891276386685,
    "ratio": 7.271608110245547e-05,
    "ratio_rel_err": 0.005532378408671151,
    "kQTST": 1.1828464211126838e-05,
    "kQTST_rel_err": 0.011685496210441723,
    "kQTST_err": 1.3822147371446821e-07,
    "UNITS": "eVAamu",
    "PP": 4.330247631963972,
    "PP_rel_err": 0.01213433927994515,
    "ratioP": 0.00010701392071935461,
    "ratioP_rel_err": 0.004809478576456939,
    "kQTSTP": 1.709452175877182e-05,
    "kQTSTP_rel_err": 0.013052711363476098,
    "kQTSTP_err": 2.2312985841391035e-07,
    "1/Keq": 1.4452021372894115,
    "1/Keq_err": 0.025318856515027893
}