{
    "P": 3.457631369072773,
    "P_rel_err": 0.013149645146667275,
    "ratio": 0.0008853115551810101,
    "ratio_rel_err": 0.002781156442523675,
    "kQTST": 0.00014283635544691425,
    "kQTST_rel_err": 0.013440535653055691,
    "kQTST_err": 1.9197971279367863e-06,
    "UNITS": "eVAamu",
    "PP": 3.4867956220144203,
    "PP_rel_err": 0.01024894560340887,
    "ratioP": 0.0011284974151235523,
    "ratioP_rel_err": 0.0020217425737318515,
    "kQTSTP": 0.00018360774579256984,
    "kQTSTP_rel_err": 0.010446450546289583,
    "kQTSTP_err": 1.91804923633779e-06,
    "1/Keq": 1.2854412675126567,
    "1/Keq_err": 0.021881832557624572
}