{
    "P": 3.3874449209596533,
    "P_rel_err": 0.01257177379335235,
    "ratio": 0.0015428142612047948,
    "ratio_rel_err": 0.0021780087941951657,
    "kQTST": 0.0002550403279200401,
    "kQTST_rel_err": 0.012759044580955598,
    "kQTST_err": 3.2540709138733263e-06,
    "UNITS": "eVAamu",
    "PP": 3.3256339431558204,
    "PP_rel_err": 0.012558576754710222,
    "ratioP": 0.0019197622152106687,
    "ratioP_rel_err": 0.0019476622273558166,
    "kQTSTP": 0.0003115622667197628,
    "kQTSTP_rel_err": 0.012708707182708103,
    "kQTSTP_err": 3.959553616922268e-06,
    "1/Keq": 1.2216196131046515,
    "1/Keq_err": 0.021999482012448984
}