{
    "P": 3.943768666449174,
    "P_rel_err": 0.013021691392516905,
    "ratio": 0.0002349660699839173,
    "ratio_rel_err": 0.00304830071303816,
    "kQTST": 3.821866724572542e-05,
    "kQTST_rel_err": 0.013373727377177158,
    "kQTST_err": 5.111260364633819e-07,
    "UNITS": "eVAamu",
    "PP": 3.8425970854098073,
    "PP_rel_err": 0.01063082326996332,
    "ratioP": 0.00031723532794659357,
    "ratioP_rel_err": 0.00281459459529571,
    "kQTSTP": 5.027653597720441e-05,
    "kQTSTP_rel_err": 0.010997106261788209,
    "kQTSTP_err": 5.528964086159348e-07,
    "1/Keq": 1.3154968396452287,
    "1/Keq_err": 0.022777208772072708
}