{
    "P": 3.5252384071442684,
    "P_rel_err": 0.011385609047729388,
    "ratio": 0.0006707798766971358,
    "ratio_rel_err": 0.002712585920222017,
    "kQTST": 0.0001068361169031732,
    "kQTST_rel_err": 0.01170428194133771,
    "kQTST_err": 1.2504400337524545e-06,
    "UNITS": "eVAamu",
    "PP": 3.465452414583347,
    "PP_rel_err": 0.011797693295684301,
    "ratioP": 0.000867425166286924,
    "ratioP_rel_err": 0.0025741730156633854,
    "kQTSTP": 0.00013581305987412064,
    "kQTSTP_rel_err": 0.012075261231692001,
    "kQTSTP_err": 1.6399781766554335e-06,
    "1/Keq": 1.2712279686953578,
    "1/Keq_err": 0.021377887754511722
}