{
    "P": 4.375100593008479,
    "P_rel_err": 0.013044154182589354,
    "ratio": 5.7158503175587667e-05,
    "ratio_rel_err": 0.0057106968817741835,
    "kQTST": 9.225137262203078e-06,
    "kQTST_rel_err": 0.01423945284112661,
    "kQTST_err": 1.3136090699806057e-07,
    "UNITS": "eVAamu",
    "PP": 4.3222629984482515,
    "PP_rel_err": 0.011684940700415567,
    "ratioP": 8.387117156402548e-05,
    "ratioP_rel_err": 0.004624141024359798,
    "kQTSTP": 1.3372969228177848e-05,
    "kQTSTP_rel_err": 0.012566643123181127,
    "kQTSTP_err": 1.68053331787794e-07,
    "1/Keq": 1.4496227913018842,
    "1/Keq_err": 0.027530719787369706
}