{
    "P": 3.6517647984607606,
    "P_rel_err": 0.013269556604618652,
    "ratio": 0.0006664336872952574,
    "ratio_rel_err": 0.002613264501368036,
    "kQTST": 0.00010995356527111748,
    "kQTST_rel_err": 0.013524432847158095,
    "kQTST_err": 1.4870596098148428e-06,
    "UNITS": "eVAamu",
    "PP": 3.4754513732254817,
    "PP_rel_err": 0.011038273080358731,
    "ratioP": 0.0008594789007316005,
    "ratioP_rel_err": 0.0026459763639704193,
    "kQTSTP": 0.00013495718543814002,
    "kQTSTP_rel_err": 0.011350976324319523,
    "kQTSTP_err": 1.531895816705127e-06,
    "1/Keq": 1.2274016318194867,
    "1/Keq_err": 0.02167171962479399
}