{
    "P": 5.679775649242292,
    "P_rel_err": 0.01241503253975005,
    "ratio": 2.7385206380032443e-07,
    "ratio_rel_err": 0.006875138949841234,
    "kQTST": 3.395877375726787e-08,
    "kQTST_rel_err": 0.014191566810704047,
    "kQTST_err": 4.819282065858503e-10,
    "UNITS": "eVAamu",
    "PP": 5.539761785526501,
    "PP_rel_err": 0.01180515824495584,
    "ratioP": 4.7100347103849666e-07,
    "ratioP_rel_err": 0.00571104910265823,
    "kQTSTP": 5.696656037832761e-08,
    "kQTSTP_rel_err": 0.013114032295271437,
    "kQTSTP_err": 7.470613125519185e-10,
    "1/Keq": 1.6775211256306215,
    "1/Keq_err": 0.03241474429531863
}