{
    "P": 3.016213313976806,
    "P_rel_err": 0.015103828539508845,
    "ratio": 0.0056445196425763365,
    "ratio_rel_err": 0.0006534584986034826,
    "kQTST": 0.0007024490437326141,
    "kQTST_rel_err": 0.01511795768482896,
    "kQTST_err": 1.0619594918898227e-05,
    "UNITS": "eVAamu",
    "PP": 2.9666485843414385,
    "PP_rel_err": 0.01488660497336145,
    "ratioP": 0.006627018546443223,
    "ratioP_rel_err": 0.0005953037867861615,
    "kQTSTP": 0.0008111666279026998,
    "kQTSTP_rel_err": 0.014898503086937015,
    "kQTSTP_err": 1.2085168509828662e-05,
    "1/Keq": 1.1547693532222514,
    "1/Keq_err": 0.024510453225763416
}