{
    "P": 4.745924904484213,
    "P_rel_err": 0.009371176975222691,
    "ratio": 8.745140116950777e-06,
    "ratio_rel_err": 0.0032972593172946934,
    "kQTST": 1.0830373003738535e-06,
    "kQTST_rel_err": 0.0099343282060958,
    "kQTST_err": 1.0759248001357822e-08,
    "UNITS": "eVAamu",
    "PP": 4.71899681611005,
    "PP_rel_err": 0.009218899590344195,
    "ratioP": 1.2980942350787177e-05,
    "ratioP_rel_err": 0.002635174538586153,
    "kQTSTP": 1.5984964843876427e-06,
    "kQTSTP_rel_err": 0.009588130918258319,
    "kQTSTP_err": 1.5326593564684382e-08,
    "1/Keq": 1.475938533082709,
    "1/Keq_err": 0.020377742544930272
}