{
    "P": 3.551152840329201,
    "P_rel_err": 0.011805036099858028,
    "ratio": 0.0006618333522980472,
    "ratio_rel_err": 0.0024190633432359682,
    "kQTST": 0.0001061860803368966,
    "kQTST_rel_err": 0.012050342102095659,
    "kQTST_err": 1.2795785945402171e-06,
    "UNITS": "eVAamu",
    "PP": 3.572305223153766,
    "PP_rel_err": 0.009508186518564788,
    "ratioP": 0.0008554905538674532,
    "ratioP_rel_err": 0.002165336157110706,
    "kQTSTP": 0.0001380744599716419,
    "kQTSTP_rel_err": 0.009751630199361958,
    "kQTSTP_err": 1.3464510736200571e-06,
    "1/Keq": 1.3003065894660866,
    "1/Keq_err": 0.020157060523659925
}