{
    "P": 3.4423503849976074,
    "P_rel_err": 0.013001269672384817,
    "ratio": 0.001724862907263718,
    "ratio_rel_err": 0.000930455095297199,
    "kQTST": 0.00021911920030169498,
    "kQTST_rel_err": 0.013034521846943129,
    "kQTST_err": 2.8561140034171507e-06,
    "UNITS": "eVAamu",
    "PP": 3.4211200329815443,
    "PP_rel_err": 0.01382307927031922,
    "ratioP": 0.002103402039870692,
    "ratioP_rel_err": 0.0008559317465189786,
    "kQTSTP": 0.00026555921768452666,
    "kQTSTP_rel_err": 0.013849553771447944,
    "kQTSTP_err": 3.677876664825502e-06,
    "1/Keq": 1.2119395165685645,
    "1/Keq_err": 0.023049448759254663
}