{
    "P": 2.5354245215489315,
    "P_rel_err": 0.014186280593986578,
    "ratio": 0.016398112160515774,
    "ratio_rel_err": 0.0006683420936665357,
    "kQTST": 0.002656495673673511,
    "kQTST_rel_err": 0.014202015288172547,
    "kQTST_err": 3.7727592170475436e-05,
    "UNITS": "eVAamu",
    "PP": 2.467645360755513,
    "PP_rel_err": 0.014587091086187234,
    "ratioP": 0.0187115122270296,
    "ratioP_rel_err": 0.0006344791790634805,
    "kQTSTP": 0.002950232253991281,
    "kQTSTP_rel_err": 0.014600883198813287,
    "kQTSTP_err": 4.3075996549898344e-05,
    "1/Keq": 1.1105729564059779,
    "1/Keq_err": 0.022620902534611166
}