{
    "P": 6.603000031572367,
    "P_rel_err": 0.008052832747345197,
    "ratio": 4.2551411199994455e-08,
    "ratio_rel_err": 0.014291735360358803,
    "kQTST": 5.184370721680518e-09,
    "kQTST_rel_err": 0.016404323054220963,
    "kQTST_err": 8.50460921512919e-11,
    "UNITS": "eVAamu",
    "PP": 6.504475442448208,
    "PP_rel_err": 0.008721472363032282,
    "ratioP": 9.113970649919555e-08,
    "ratioP_rel_err": 0.014793796185210378,
    "kQTSTP": 1.0938573419666392e-08,
    "kQTSTP_rel_err": 0.017173249131969204,
    "kQTSTP_err": 1.8785084648426727e-10,
    "1/Keq": 2.1099134315226293,
    "1/Keq_err": 0.05010865834115445
}