{
    "P": 4.938201741326762,
    "P_rel_err": 0.011255768430821418,
    "ratio": 3.1478969937004335e-06,
    "ratio_rel_err": 0.003842093036400517,
    "kQTST": 3.848277448646661e-07,
    "kQTST_rel_err": 0.011893443650542655,
    "kQTST_err": 4.576927098713312e-09,
    "UNITS": "eVAamu",
    "PP": 4.897472236016915,
    "PP_rel_err": 0.011210139643614492,
    "ratioP": 4.796392527400971e-06,
    "ratioP_rel_err": 0.003805605736937418,
    "kQTSTP": 5.815187669696789e-07,
    "kQTSTP_rel_err": 0.01183849086050871,
    "kQTSTP_err": 6.884304607984838e-09,
    "1/Keq": 1.5111144524524445,
    "1/Keq_err": 0.02535809747583208
}