{
    "P": 3.6093311869768137,
    "P_rel_err": 0.013254444638697434,
    "ratio": 0.0006553101680437474,
    "ratio_rel_err": 0.0025296553380500264,
    "kQTST": 0.0001068619800589146,
    "kQTST_rel_err": 0.013493682181288403,
    "kQTST_err": 1.4419615961781727e-06,
    "UNITS": "eVAamu",
    "PP": 3.5487404538979437,
    "PP_rel_err": 0.012136516622179459,
    "ratioP": 0.0008425720661279083,
    "ratioP_rel_err": 0.00210409730379144,
    "kQTSTP": 0.00013509238539840534,
    "kQTSTP_rel_err": 0.012317559059499602,
    "kQTSTP_err": 1.6640084356335394e-06,
    "1/Keq": 1.2641763265468868,
    "1/Keq_err": 0.02309680662979404
}