{
    "P": 4.25058163282296,
    "P_rel_err": 0.011335406810236148,
    "ratio": 6.186977004867821e-05,
    "ratio_rel_err": 0.0061823115350432166,
    "kQTST": 9.701319546821841e-06,
    "kQTST_rel_err": 0.012911716519110713,
    "kQTST_err": 1.2526068784987122e-07,
    "UNITS": "eVAamu",
    "PP": 4.299381784209865,
    "PP_rel_err": 0.013391488389158235,
    "ratioP": 9.064556771070827e-05,
    "ratioP_rel_err": 0.0042887357065512655,
    "kQTSTP": 1.4376611338728461e-05,
    "kQTSTP_rel_err": 0.014061479838111195,
    "kQTSTP_err": 2.0215643047989104e-07,
    "1/Keq": 1.4819232857285118,
    "1/Keq_err": 0.028290285758717573
}