{
    "P": 3.496748669444764,
    "P_rel_err": 0.014117361034344288,
    "ratio": 0.000874304037935127,
    "ratio_rel_err": 0.0018543758202660297,
    "kQTST": 0.0001426562621286026,
    "kQTST_rel_err": 0.014238630280220417,
    "kQTST_err": 2.0312297736073824e-06,
    "UNITS": "eVAamu",
    "PP": 3.5038806495914967,
    "PP_rel_err": 0.012664155580912,
    "ratioP": 0.0011126212947386673,
    "ratioP_rel_err": 0.0016378070286771735,
    "kQTSTP": 0.00018191169077689176,
    "kQTSTP_rel_err": 0.01276962209467175,
    "kQTSTP_err": 2.3229435458236922e-06,
    "1/Keq": 1.2751749419377114,
    "1/Keq_err": 0.02438892809022983
}