{
    "P": 5.613230729299601,
    "P_rel_err": 0.009878153629953427,
    "ratio": 1.0083062615612961e-05,
    "ratio_rel_err": 0.011576033669913194,
    "kQTST": 1.6172789356797637e-06,
    "kQTST_rel_err": 0.015217834098974991,
    "kQTST_err": 2.461148253494149e-08,
    "UNITS": "eVAamu",
    "PP": 5.322531724911892,
    "PP_rel_err": 0.009151765212005393,
    "ratioP": 1.9284874319552105e-05,
    "ratioP_rel_err": 0.010933908551139059,
    "kQTSTP": 2.9330174275224575e-06,
    "kQTSTP_rel_err": 0.014258511938499892,
    "kQTSTP_err": 4.1820464006157204e-08,
    "1/Keq": 1.8135507504706796,
    "1/Keq_err": 0.03781971435966566
}