{
    "P": 2.460410578932999,
    "P_rel_err": 0.01652274538222114,
    "ratio": 0.016533791821101096,
    "ratio_rel_err": 0.0008026836245555698,
    "kQTST": 0.0025992294844122575,
    "kQTST_rel_err": 0.01654223128743035,
    "kQTST_err": 4.2997055300255906e-05,
    "UNITS": "eVAamu",
    "PP": 2.524076548145267,
    "PP_rel_err": 0.015784276455701546,
    "ratioP": 0.018863755489471768,
    "ratioP_rel_err": 0.0008316789338018671,
    "kQTSTP": 0.003042252483057017,
    "kQTSTP_rel_err": 0.015806171993210244,
    "kQTSTP_err": 4.808636599397015e-05,
    "1/Keq": 1.1704439724547588,
    "1/Keq_err": 0.026779402274627606
}