{
    "P": 2.591575977715643,
    "P_rel_err": 0.01645066376120418,
    "ratio": 0.016479242668743278,
    "ratio_rel_err": 0.000658568408776827,
    "kQTST": 0.0027287626924869593,
    "kQTST_rel_err": 0.016463840698124947,
    "kQTST_err": 4.492591427209181e-05,
    "UNITS": "eVAamu",
    "PP": 2.4916139164850004,
    "PP_rel_err": 0.013814028517579496,
    "ratioP": 0.018789525141579402,
    "ratioP_rel_err": 0.0007536974354286826,
    "kQTSTP": 0.002991307958664497,
    "kQTSTP_rel_err": 0.01383457421493959,
    "kQTSTP_err": 4.138347195388343e-05,
    "1/Keq": 1.09621403389177,
    "1/Keq_err": 0.02357378890770942
}