{
    "P": 2.514503128171817,
    "P_rel_err": 0.01354622860570378,
    "ratio": 0.016291249224143944,
    "ratio_rel_err": 0.0006283049128456288,
    "kQTST": 0.002617406290726618,
    "kQTST_rel_err": 0.013560791883274859,
    "kQTST_err": 3.549410198251808e-05,
    "UNITS": "eVAamu",
    "PP": 2.5098580562001422,
    "PP_rel_err": 0.014432940900988607,
    "ratioP": 0.01859728626196059,
    "ratioP_rel_err": 0.0006737830055304735,
    "kQTSTP": 0.00298238228472197,
    "kQTSTP_rel_err": 0.014448659681436597,
    "kQTSTP_err": 4.3091426671893086e-05,
    "1/Keq": 1.1394418571119238,
    "1/Keq_err": 0.022578748207004205
}