{
    "P": 3.631487327084349,
    "P_rel_err": 0.012146429973498296,
    "ratio": 0.0006034575238597741,
    "ratio_rel_err": 0.0020837062637577685,
    "kQTST": 9.901040011273766e-05,
    "kQTST_rel_err": 0.012323862742448944,
    "kQTST_err": 1.2201905810643305e-06,
    "UNITS": "eVAamu",
    "PP": 3.540115558725294,
    "PP_rel_err": 0.013909985793396291,
    "ratioP": 0.0007804579816863085,
    "ratioP_rel_err": 0.00233756628119078,
    "kQTSTP": 0.00012482930181551092,
    "kQTSTP_rel_err": 0.014105031757902807,
    "kQTSTP_err": 1.7607212664246161e-06,
    "1/Keq": 1.2607695926223377,
    "1/Keq_err": 0.02361477362380552
}