{
    "P": 3.4786012340278556,
    "P_rel_err": 0.01253402915929426,
    "ratio": 0.0009481832417060365,
    "ratio_rel_err": 0.002513477484632653,
    "kQTST": 0.0001539078813962637,
    "kQTST_rel_err": 0.012783561946178931,
    "kQTST_err": 1.967490935834297e-06,
    "UNITS": "eVAamu",
    "PP": 3.4197240710068297,
    "PP_rel_err": 0.011215274074501132,
    "ratioP": 0.0012076691079932012,
    "ratioP_rel_err": 0.0018122121012918095,
    "kQTSTP": 0.0001927094272274138,
    "kQTSTP_rel_err": 0.011360743165226722,
    "kQTSTP_err": 2.189322308248598e-06,
    "1/Keq": 1.2521088944837626,
    "1/Keq_err": 0.021413842230228776
}