{
    "P": 5.101661811266909,
    "P_rel_err": 0.009913695650678263,
    "ratio": 1.7655152457294303e-05,
    "ratio_rel_err": 0.008901224293230882,
    "kQTST": 2.7799443667508626e-06,
    "kQTST_rel_err": 0.013323406297665801,
    "kQTST_err": 3.703832828312901e-08,
    "UNITS": "eVAamu",
    "PP": 5.155564327234183,
    "PP_rel_err": 0.00972938157149249,
    "ratioP": 3.0437406851818867e-05,
    "ratioP_rel_err": 0.011304334739422798,
    "kQTSTP": 4.843249320389226e-06,
    "kQTSTP_rel_err": 0.014914719228487633,
    "kQTSTP_err": 7.223570376716885e-08,
    "1/Keq": 1.7422108795831437,
    "1/Keq_err": 0.034842562671428136
}