{
    "P": 3.677329451507137,
    "P_rel_err": 0.012857544134576652,
    "ratio": 0.0007706920990004292,
    "ratio_rel_err": 0.0011448327224927383,
    "kQTST": 9.783364873735158e-05,
    "kQTST_rel_err": 0.012908411332734815,
    "kQTST_err": 1.2628769800840262e-06,
    "UNITS": "eVAamu",
    "PP": 3.639791873798655,
    "PP_rel_err": 0.013740324012079995,
    "ratioP": 0.0009659514468003772,
    "ratioP_rel_err": 0.0011363920470293342,
    "kQTSTP": 0.00012136868671885766,
    "kQTSTP_rel_err": 0.013787236519386096,
    "kQTSTP_err": 1.6733387898401647e-06,
    "1/Keq": 1.2405617932608162,
    "1/Keq_err": 0.023430365954023098
}