{
    "P": 3.23332442909482,
    "P_rel_err": 0.0125913707206854,
    "ratio": 0.003336453823170389,
    "ratio_rel_err": 0.0007752943951206553,
    "kQTST": 0.00042226145622380255,
    "kQTST_rel_err": 0.012615216923415905,
    "kQTST_err": 5.326919868660758e-06,
    "UNITS": "eVAamu",
    "PP": 3.240338360675166,
    "PP_rel_err": 0.015307532442018105,
    "ratioP": 0.00397866724942217,
    "ratioP_rel_err": 0.0005655008669846044,
    "kQTSTP": 0.0005046322712603554,
    "kQTSTP_rel_err": 0.015317974431823455,
    "kQTSTP_err": 7.729944228639123e-06,
    "1/Keq": 1.1950706459764955,
    "1/Keq_err": 0.023714972947133418
}