{
    "P": 3.421059005897057,
    "P_rel_err": 0.010892253868733272,
    "ratio": 0.0014209789185841094,
    "ratio_rel_err": 0.002046652946059749,
    "kQTST": 0.00023723085318910176,
    "kQTST_rel_err": 0.011082868880508781,
    "kQTST_err": 2.629198440306043e-06,
    "UNITS": "eVAamu",
    "PP": 3.322787117314084,
    "PP_rel_err": 0.014252074594441317,
    "ratioP": 0.0017691151468593944,
    "ratioP_rel_err": 0.0016030279718171486,
    "kQTSTP": 0.00028686765936918355,
    "kQTSTP_rel_err": 0.014341942996816986,
    "kQTSTP_err": 4.114239618303143e-06,
    "1/Keq": 1.2092341932459993,
    "1/Keq_err": 0.0219175594446309
}