{
    "P": 4.632842536393922,
    "P_rel_err": 0.0090425017623396,
    "ratio": 2.2054470141652953e-05,
    "ratio_rel_err": 0.006447831202044736,
    "kQTST": 3.5757682933875538e-06,
    "kQTST_rel_err": 0.011105915780878967,
    "kQTST_err": 3.971218151829949e-08,
    "UNITS": "eVAamu",
    "PP": 4.5010757558301595,
    "PP_rel_err": 0.009599580229088201,
    "ratioP": 3.4058359255422094e-05,
    "ratioP_rel_err": 0.003968690252925483,
    "kQTSTP": 5.3649446541077575e-06,
    "kQTSTP_rel_err": 0.010387610066726938,
    "kQTSTP_err": 5.572895309644261e-08,
    "1/Keq": 1.5003613808055787,
    "1/Keq_err": 0.022815549520862278
}