{
    "P": 4.380112985179651,
    "P_rel_err": 0.012778092749251041,
    "ratio": 5.662627656451127e-05,
    "ratio_rel_err": 0.004927334251842387,
    "kQTST": 9.149708659608176e-06,
    "kQTST_rel_err": 0.013695191752503548,
    "kQTST_err": 1.253070145728762e-07,
    "UNITS": "eVAamu",
    "PP": 4.26769718953227,
    "PP_rel_err": 0.010806480763366247,
    "ratioP": 8.272343223072829e-05,
    "ratioP_rel_err": 0.004389994277353099,
    "kQTSTP": 1.3023451251674908e-05,
    "kQTSTP_rel_err": 0.011664136326543758,
    "kQTSTP_err": 1.5190731084163306e-07,
    "1/Keq": 1.4233733265374395,
    "1/Keq_err": 0.02560530933741818
}