{
    "P": 6.015952119734435,
    "P_rel_err": 0.009860598965121746,
    "ratio": 2.4766211149221754e-05,
    "ratio_rel_err": 0.016362165374538145,
    "kQTST": 3.886448267767401e-06,
    "kQTST_rel_err": 0.01910371345300947,
    "kQTST_err": 7.424559405737346e-08,
    "UNITS": "eVAamu",
    "PP": 5.843159770519346,
    "PP_rel_err": 0.010148767638999405,
    "ratioP": 5.258972392741959e-05,
    "ratioP_rel_err": 0.016062844600415488,
    "kQTSTP": 8.015628878720763e-06,
    "kQTSTP_rel_err": 0.019000327924735893,
    "kQTSTP_err": 1.5229957721867758e-07,
    "1/Keq": 2.0624560849552744,
    "1/Keq_err": 0.055570250039440196
}