{
    "P": 3.4990620307760945,
    "P_rel_err": 0.012510136633156671,
    "ratio": 0.0017090345802478967,
    "ratio_rel_err": 0.0008493265268131821,
    "kQTST": 0.00022068523098378438,
    "kQTST_rel_err": 0.01253893432989411,
    "kQTST_err": 2.7671576188831853e-06,
    "UNITS": "eVAamu",
    "PP": 3.3863434190778365,
    "PP_rel_err": 0.013391449834163422,
    "ratioP": 0.002086756911255256,
    "ratioP_rel_err": 0.0009513517800297566,
    "kQTSTP": 0.0002607796135444845,
    "kQTSTP_rel_err": 0.013425200142652673,
    "kQTSTP_err": 3.5010185049583223e-06,
    "1/Keq": 1.1816813131624844,
    "1/Keq_err": 0.02170761350738
}