{
    "P": 4.441366533015889,
    "P_rel_err": 0.011172996266722647,
    "ratio": 4.624603284921361e-05,
    "ratio_rel_err": 0.004058283029194047,
    "kQTST": 7.576960892935448e-06,
    "kQTST_rel_err": 0.01188719927994995,
    "kQTST_err": 9.006884407071118e-08,
    "UNITS": "eVAamu",
    "PP": 4.249117099662525,
    "PP_rel_err": 0.011641625178453133,
    "ratioP": 6.730763295077356e-05,
    "ratioP_rel_err": 0.0037761008107583993,
    "kQTSTP": 1.0550352354843955e-05,
    "kQTSTP_rel_err": 0.012238724366885799,
    "kQTSTP_err": 1.291228544444597e-07,
    "1/Keq": 1.392425340967619,
    "1/Keq_err": 0.023756746559902047
}