{
    "UNITS": "eVAamu",
    "P": 4.02154496821966,
    "P_rel_err": 0.0,
    "ratio": 0.0008710759043512601,
    "ratio_rel_err": 0.0,
    "kQTST": 0.00018275441364429203,
    "kQTST_err": 0.0,
    "kQTST_rel_err": 0.0,
    "PP": 3.978347226144237,
    "PP_rel_err": 0.0,
    "ratioP": 0.001070253919513189,
    "ratioP_rel_err": 0.0,
    "kQTSTP": 0.00022213063429569072,
    "kQTSTP_err": 0.0,
    "kQTSTP_rel_err": 0.0,
    "1/Keq": 1.2154597520585166,
    "1/Keq_err": 0.0
}