{
    "P": 3.1725233509686843,
    "P_rel_err": 0.014360912150553136,
    "ratio": 0.002978806574264478,
    "ratio_rel_err": 0.001819677949684532,
    "kQTST": 0.0004930217461706879,
    "kQTST_rel_err": 0.014475739208637078,
    "kQTST_err": 7.136854221753744e-06,
    "UNITS": "eVAamu",
    "PP": 3.1231536115221745,
    "PP_rel_err": 0.010467295141208262,
    "ratioP": 0.003621656122714056,
    "ratioP_rel_err": 0.0016613642102369277,
    "kQTSTP": 0.0005900916937793299,
    "kQTSTP_rel_err": 0.010598320556211642,
    "kQTSTP_err": 6.253980928231218e-06,
    "1/Keq": 1.1968877607581951,
    "1/Keq_err": 0.02147309457134006
}