{
    "P": 4.276652704249575,
    "P_rel_err": 0.011406591696999641,
    "ratio": 5.0763545070507706e-05,
    "ratio_rel_err": 0.004305038144693959,
    "kQTST": 8.008660320541203e-06,
    "kQTST_rel_err": 0.01219195175389614,
    "kQTST_err": 9.764120024138074e-08,
    "UNITS": "eVAamu",
    "PP": 4.294079876096594,
    "PP_rel_err": 0.009340288769648174,
    "ratioP": 7.366601388974548e-05,
    "ratioP_rel_err": 0.004082651283466424,
    "kQTSTP": 1.1669204100112943e-05,
    "kQTSTP_rel_err": 0.010193578164845053,
    "kQTSTP_err": 1.1895094411603165e-07,
    "1/Keq": 1.457073172423471,
    "1/Keq_err": 0.02315567204862669
}