{
    "P": 3.600491810260533,
    "P_rel_err": 0.013209229390020973,
    "ratio": 0.0006723456625320037,
    "ratio_rel_err": 0.0022143679458934097,
    "kQTST": 0.00010937146038909002,
    "kQTST_rel_err": 0.013393549435380975,
    "kQTST_err": 1.4648720615410892e-06,
    "UNITS": "eVAamu",
    "PP": 3.526028523280148,
    "PP_rel_err": 0.011568959022608934,
    "ratioP": 0.0008659116134962844,
    "ratioP_rel_err": 0.0028539016837205375,
    "kQTSTP": 0.00013794595232675236,
    "kQTSTP_rel_err": 0.011915769706030222,
    "kQTSTP_err": 1.643732199804605e-06,
    "1/Keq": 1.2612609526837104,
    "1/Keq_err": 0.02261046346249978
}