{
    "P": 3.588004503948667,
    "P_rel_err": 0.012231401033076158,
    "ratio": 0.0006625240265206112,
    "ratio_rel_err": 0.0018654354252982317,
    "kQTST": 0.00010739997700697536,
    "kQTST_rel_err": 0.012372833974393016,
    "kQTST_err": 1.3288420843609333e-06,
    "UNITS": "eVAamu",
    "PP": 3.544245431314,
    "PP_rel_err": 0.013951386285142264,
    "ratioP": 0.0008551721018914272,
    "ratioP_rel_err": 0.002054200650963969,
    "kQTSTP": 0.0001369389170258091,
    "kQTSTP_rel_err": 0.014101805543676895,
    "kQTSTP_err": 1.9310859792596652e-06,
    "1/Keq": 1.2750367443459998,
    "1/Keq_err": 0.023920040709160345
}