{
    "P": 3.703401246039984,
    "P_rel_err": 0.012110789212613906,
    "ratio": 0.000769819667631898,
    "ratio_rel_err": 0.0009217656551963223,
    "kQTST": 9.841574287990527e-05,
    "kQTST_rel_err": 0.012145816863244105,
    "kQTST_err": 1.1953395894794494e-06,
    "UNITS": "eVAamu",
    "PP": 3.5457170293310054,
    "PP_rel_err": 0.010992265893471855,
    "ratioP": 0.0009655312000002473,
    "ratioP_rel_err": 0.0012434356267676024,
    "kQTSTP": 0.00011818032760211027,
    "kQTSTP_rel_err": 0.01106237052492365,
    "kQTSTP_err": 1.3073545726914056e-06,
    "1/Keq": 1.200827470726135,
    "1/Keq_err": 0.01972784149176646
}