{
    "P": 3.908191962777232,
    "P_rel_err": 0.012186457086543338,
    "ratio": 0.00023618239754303173,
    "ratio_rel_err": 0.003694941776497681,
    "kQTST": 3.806995534272181e-05,
    "kQTST_rel_err": 0.012734297430713255,
    "kQTST_err": 4.847941345081908e-07,
    "UNITS": "eVAamu",
    "PP": 3.8217039980419405,
    "PP_rel_err": 0.013660177990919106,
    "ratioP": 0.00031840642558125657,
    "ratioP_rel_err": 0.0034328634100510755,
    "kQTSTP": 5.018776124231967e-05,
    "kQTSTP_rel_err": 0.014084921509744322,
    "kQTSTP_err": 7.068906778478607e-07,
    "1/Keq": 1.3183036541679194,
    "1/Keq_err": 0.025032060904648074
}