{
    "P": 4.2579540493144235,
    "P_rel_err": 0.010974182402658555,
    "ratio": 6.760484193615492e-05,
    "ratio_rel_err": 0.0064961217448563525,
    "kQTST": 1.061897794376913e-05,
    "kQTST_rel_err": 0.012752736064500678,
    "kQTST_err": 1.3542102299164183e-07,
    "UNITS": "eVAamu",
    "PP": 4.159358444226122,
    "PP_rel_err": 0.01200281941037758,
    "ratioP": 9.897314904155869e-05,
    "ratioP_rel_err": 0.004934241307533237,
    "kQTSTP": 1.518614994431184e-05,
    "kQTSTP_rel_err": 0.012977457804944083,
    "kQTSTP_err": 1.9707762012186084e-07,
    "1/Keq": 1.430095252549477,
    "1/Keq_err": 0.026020137590363847
}