{
    "P": 3.4654867739681183,
    "P_rel_err": 0.014038826839076417,
    "ratio": 0.001738451774346965,
    "ratio_rel_err": 0.0009963966869930825,
    "kQTST": 0.00022232979680837696,
    "kQTST_rel_err": 0.01407414172784341,
    "kQTST_err": 3.129101070603725e-06,
    "UNITS": "eVAamu",
    "PP": 3.450278511630508,
    "PP_rel_err": 0.012367095889547902,
    "ratioP": 0.002120385384222175,
    "ratioP_rel_err": 0.0007988990115687091,
    "kQTSTP": 0.00026998506037460704,
    "kQTSTP_rel_err": 0.012392872966828882,
    "kQTSTP_err": 3.3458905561641313e-06,
    "1/Keq": 1.2143449247484515,
    "1/Keq_err": 0.022772278722007773
}