{
    "P": 3.1439285038343088,
    "P_rel_err": 0.013448117675307883,
    "ratio": 0.00288201178068363,
    "ratio_rel_err": 0.0012790129912013538,
    "kQTST": 0.0004727019103325652,
    "kQTST_rel_err": 0.013508802435471107,
    "kQTST_err": 6.3856367175524014e-06,
    "UNITS": "eVAamu",
    "PP": 3.1356169556650118,
    "PP_rel_err": 0.011937195542999135,
    "ratioP": 0.0034950636755313757,
    "ratioP_rel_err": 0.001398119146698313,
    "kQTSTP": 0.0005717379776593994,
    "kQTSTP_rel_err": 0.01201879255916179,
    "kQTSTP_err": 6.871600151683e-06,
    "1/Keq": 1.2095106136913183,
    "1/Keq_err": 0.02186971517521663
}