{
    "P": 4.362732665066937,
    "P_rel_err": 0.009974864391832936,
    "ratio": 7.073681868065503e-05,
    "ratio_rel_err": 0.0047106602814896165,
    "kQTST": 1.1384345621866225e-05,
    "kQTST_rel_err": 0.011031239274127838,
    "kQTST_err": 1.25583440534176e-07,
    "UNITS": "eVAamu",
    "PP": 4.221159141846902,
    "PP_rel_err": 0.012096968263889993,
    "ratioP": 0.00010300442573098511,
    "ratioP_rel_err": 0.004293602777038685,
    "kQTSTP": 1.603952702636275e-05,
    "kQTSTP_rel_err": 0.012836341612178915,
    "kQTSTP_err": 2.058888482081685e-07,
    "1/Keq": 1.4089107586083114,
    "1/Keq_err": 0.023845992769483
}