{
    "P": 4.289875733203219,
    "P_rel_err": 0.010554645644436752,
    "ratio": 5.2909856079791004e-05,
    "ratio_rel_err": 0.004425744407628012,
    "kQTST": 8.373079965073182e-06,
    "kQTST_rel_err": 0.011444988346052534,
    "kQTST_err": 9.582980262082853e-08,
    "UNITS": "eVAamu",
    "PP": 4.2359941292821,
    "PP_rel_err": 0.011522270626309372,
    "ratioP": 7.781575840973975e-05,
    "ratioP_rel_err": 0.00471328767665874,
    "kQTSTP": 1.215981172846966e-05,
    "kQTSTP_rel_err": 0.012449008037143158,
    "kQTSTP_err": 1.5137759393786643e-07,
    "1/Keq": 1.4522507582863364,
    "1/Keq_err": 0.024558310025976377
}