{
    "P": 4.304757059251384,
    "P_rel_err": 0.01144698741146711,
    "ratio": 6.436533059950942e-05,
    "ratio_rel_err": 0.0016476237166275112,
    "kQTST": 8.083723264261743e-06,
    "kQTST_rel_err": 0.011564955024118336,
    "kQTST_err": 9.348789597860612e-08,
    "UNITS": "eVAamu",
    "PP": 4.2848688335873035,
    "PP_rel_err": 0.011429217557558996,
    "ratioP": 8.835643204059692e-05,
    "ratioP_rel_err": 0.0021431993905635886,
    "kQTSTP": 1.1045528195507338e-05,
    "kQTSTP_rel_err": 0.011628427133784128,
    "kQTSTP_err": 1.2844211977561517e-07,
    "1/Keq": 1.3663911831741913,
    "1/Keq_err": 0.022409169592997918
}