{
    "P": 2.7802123020997938,
    "P_rel_err": 0.012012773123732761,
    "ratio": 0.00804293248425646,
    "ratio_rel_err": 0.000970241376597485,
    "kQTST": 0.0013042664855771925,
    "kQTST_rel_err": 0.012051891405548671,
    "kQTST_err": 1.5718878048072938e-05,
    "UNITS": "eVAamu",
    "PP": 2.78776242056043,
    "PP_rel_err": 0.015421954024831645,
    "ratioP": 0.009397982341812048,
    "ratioP_rel_err": 0.001094483536274635,
    "kQTSTP": 0.0015281441919520117,
    "kQTSTP_rel_err": 0.015460742548635794,
    "kQTSTP_err": 2.3626243928963133e-05,
    "1/Keq": 1.1716502791802887,
    "1/Keq_err": 0.022968010968440877
}