{
    "P": 4.813796636689414,
    "P_rel_err": 0.011988233079051934,
    "ratio": 8.78397194046219e-06,
    "ratio_rel_err": 0.003057817775492446,
    "kQTST": 1.1034037583308673e-06,
    "kQTST_rel_err": 0.012372064577336823,
    "kQTST_err": 1.3651382552945644e-08,
    "UNITS": "eVAamu",
    "PP": 4.719996557088637,
    "PP_rel_err": 0.011801425715333986,
    "ratioP": 1.3040981922452856e-05,
    "ratioP_rel_err": 0.002790662214582557,
    "kQTSTP": 1.6062300798331483e-06,
    "kQTSTP_rel_err": 0.01212688931715158,
    "kQTSTP_err": 1.9478574396016135e-08,
    "1/Keq": 1.4557047388191904,
    "1/Keq_err": 0.025218983929486644
}