{
    "P": 3.5707519567780226,
    "P_rel_err": 0.012583641104317764,
    "ratio": 0.0008813009004596376,
    "ratio_rel_err": 0.0019502002932585629,
    "kQTST": 0.00014684116949847397,
    "kQTST_rel_err": 0.012733864481220986,
    "kQTST_err": 1.8698555526575682e-06,
    "UNITS": "eVAamu",
    "PP": 3.4265874723747425,
    "PP_rel_err": 0.011680503804962225,
    "ratioP": 0.0011220235447327138,
    "ratioP_rel_err": 0.002184871245355796,
    "kQTSTP": 0.00017940218621672333,
    "kQTSTP_rel_err": 0.011883090149305425,
    "kQTSTP_err": 2.1318523517958026e-06,
    "1/Keq": 1.2217431039909263,
    "1/Keq_err": 0.02127935382115022
}