{
    "P": 3.1530623084743525,
    "P_rel_err": 0.014266756490587626,
    "ratio": 0.0029869392141566252,
    "ratio_rel_err": 0.0014427331965851035,
    "kQTST": 0.000491335203792923,
    "kQTST_rel_err": 0.01433951951211242,
    "kQTST_err": 7.045510741776353e-06,
    "UNITS": "eVAamu",
    "PP": 3.1527259814738637,
    "PP_rel_err": 0.012715810266274795,
    "ratioP": 0.003630046094550237,
    "ratioP_rel_err": 0.0012239083265025343,
    "kQTSTP": 0.0005970590836211646,
    "kQTSTP_rel_err": 0.01277457562189765,
    "kQTSTP_err": 7.62717641445948e-06,
    "1/Keq": 1.2151766838852436,
    "1/Keq_err": 0.023336822087872595
}