{
    "P": 5.31837711304315,
    "P_rel_err": 0.009725482897256802,
    "ratio": 9.820636862979918e-07,
    "ratio_rel_err": 0.0041003604038587415,
    "kQTST": 1.219044486923723e-07,
    "kQTST_rel_err": 0.010554523818077591,
    "kQTST_err": 1.286643407253261e-09,
    "UNITS": "eVAamu",
    "PP": 5.274235729811023,
    "PP_rel_err": 0.010183537911720974,
    "ratioP": 1.5945472616131106e-06,
    "ratioP_rel_err": 0.004626419695030821,
    "kQTSTP": 1.962897880097846e-07,
    "kQTSTP_rel_err": 0.011185177852588105,
    "kQTSTP_err": 2.1955361895362567e-09,
    "1/Keq": 1.6101938043715274,
    "1/Keq_err": 0.024762779751039632
}