{
    "P": 5.031501125120854,
    "P_rel_err": 0.009794013328469133,
    "ratio": 3.175038570354654e-06,
    "ratio_rel_err": 0.003632385077228153,
    "kQTST": 3.954791702194478e-07,
    "kQTST_rel_err": 0.01044590438533212,
    "kQTST_err": 4.131137598502838e-09,
    "UNITS": "eVAamu",
    "PP": 4.89981757166093,
    "PP_rel_err": 0.010333152613467513,
    "ratioP": 4.874874855691248e-06,
    "ratioP_rel_err": 0.0035585759401857214,
    "kQTSTP": 5.913170706408992e-07,
    "kQTSTP_rel_err": 0.010928746755931312,
    "kQTSTP_err": 6.462354517493533e-09,
    "1/Keq": 1.4951914415942125,
    "1/Keq_err": 0.02260432894345257
}