{
    "P": 2.518798684901157,
    "P_rel_err": 0.012660539537397748,
    "ratio": 0.016368710064769327,
    "ratio_rel_err": 0.0006515829234737935,
    "kQTST": 0.002634344014661091,
    "kQTST_rel_err": 0.01267729551932013,
    "kQTST_err": 3.339635757341085e-05,
    "UNITS": "eVAamu",
    "PP": 2.517213963629396,
    "PP_rel_err": 0.01468093897689287,
    "ratioP": 0.01866811942603594,
    "ratioP_rel_err": 0.000746226807697756,
    "kQTSTP": 0.00300251562968742,
    "kQTSTP_rel_err": 0.014699891961908395,
    "kQTSTP_err": 4.413665537034643e-05,
    "1/Keq": 1.1397583660210355,
    "1/Keq_err": 0.022124252567203757
}