{
    "P": 5.363122969390515,
    "P_rel_err": 0.009389930879047612,
    "ratio": 8.725810819497057e-07,
    "ratio_rel_err": 0.004443956195520788,
    "kQTST": 1.0922557038674637e-07,
    "kQTST_rel_err": 0.01038843340359842,
    "kQTST_err": 1.1346825639327662e-09,
    "UNITS": "eVAamu",
    "PP": 5.339914942563463,
    "PP_rel_err": 0.011008358765557214,
    "ratioP": 1.42212317215487e-06,
    "ratioP_rel_err": 0.004685898576823286,
    "kQTSTP": 1.772443196320874e-07,
    "kQTSTP_rel_err": 0.011964180213599879,
    "kQTSTP_err": 2.1205829819151925e-09,
    "1/Keq": 1.6227364984636834,
    "1/Keq_err": 0.025712112945208667
}