{
    "P": 4.3743308530348735,
    "P_rel_err": 0.011586496309060435,
    "ratio": 6.477972598703259e-05,
    "ratio_rel_err": 0.004837219376974072,
    "kQTST": 1.0453330490660578e-05,
    "kQTST_rel_err": 0.012555699423801308,
    "kQTST_err": 1.3124887561839166e-07,
    "UNITS": "eVAamu",
    "PP": 4.322714874591863,
    "PP_rel_err": 0.009410012776232709,
    "ratioP": 9.480560975699492e-05,
    "ratioP_rel_err": 0.005631000920731976,
    "kQTSTP": 1.5118008075432843e-05,
    "kQTSTP_rel_err": 0.010966153009061435,
    "kQTSTP_err": 1.6578638974742294e-07,
    "1/Keq": 1.4462384107093786,
    "1/Keq_err": 0.02410936688863312
}