{
    "P": 6.058807578021624,
    "P_rel_err": 0.009867064065628208,
    "ratio": 2.7500571047679615e-06,
    "ratio_rel_err": 0.010866516659839462,
    "kQTST": 4.346281195019182e-07,
    "kQTST_rel_err": 0.014677879192641559,
    "kQTST_err": 6.379419031774134e-09,
    "UNITS": "eVAamu",
    "PP": 6.040574253288578,
    "PP_rel_err": 0.009312179169377703,
    "ratioP": 5.806325423696414e-06,
    "ratioP_rel_err": 0.014200143443617268,
    "kQTSTP": 9.148893011141562e-07,
    "kQTSTP_rel_err": 0.016981188259421028,
    "kQTSTP_err": 1.5535907458749617e-08,
    "1/Keq": 2.104993349630979,
    "1/Keq_err": 0.04724764801937093
}