{
    "P": 3.5296629776363058,
    "P_rel_err": 0.011916472809766777,
    "ratio": 0.0006687711151780011,
    "ratio_rel_err": 0.0024147137786021153,
    "kQTST": 0.00010664986822156675,
    "kQTST_rel_err": 0.012158666327294364,
    "kQTST_err": 1.2967201615559448e-06,
    "UNITS": "eVAamu",
    "PP": 3.583150291910512,
    "PP_rel_err": 0.013850989094021224,
    "ratioP": 0.0008635072833395444,
    "ratioP_rel_err": 0.002427495651792975,
    "kQTSTP": 0.0001397914487736134,
    "kQTSTP_rel_err": 0.014062099203965554,
    "kQTSTP_err": 1.9657612205206206e-06,
    "1/Keq": 1.3107512564684516,
    "1/Keq_err": 0.024366432258244038
}