{
    "P": 3.1943070483216203,
    "P_rel_err": 0.011820952185826782,
    "ratio": 0.0030097457065008442,
    "ratio_rel_err": 0.001737480065141237,
    "kQTST": 0.0005015629035746529,
    "kQTST_rel_err": 0.011947959974672085,
    "kQTST_err": 5.992653496690268e-06,
    "UNITS": "eVAamu",
    "PP": 3.056077501114376,
    "PP_rel_err": 0.015243380625932853,
    "ratioP": 0.0036601059742050867,
    "ratioP_rel_err": 0.0013870326346207048,
    "kQTSTP": 0.0005835485149842812,
    "kQTSTP_rel_err": 0.015306355295646574,
    "kQTSTP_err": 8.932000902596345e-06,
    "1/Keq": 1.1634602775151721,
    "1/Keq_err": 0.02259145859374598
}