{
    "P": 6.635423309548507,
    "P_rel_err": 0.010802612931698487,
    "ratio": 4.199406529631998e-08,
    "ratio_rel_err": 0.015137191431806987,
    "kQTST": 5.141588734750561e-09,
    "kQTST_rel_err": 0.01859653221961746,
    "kQTST_err": 9.561572056581096e-11,
    "UNITS": "eVAamu",
    "PP": 6.4601030679644325,
    "PP_rel_err": 0.008690504972964395,
    "ratioP": 9.326448555620553e-08,
    "ratioP_rel_err": 0.014393045598680897,
    "kQTSTP": 1.1117228398513462e-08,
    "kQTSTP_rel_err": 0.01681322807466866,
    "kQTSTP_err": 1.8691649662239024e-10,
    "1/Keq": 2.162216577801181,
    "1/Keq_err": 0.05420723313400256
}