{
    "P": 6.006579770733502,
    "P_rel_err": 0.008735720143195394,
    "ratio": 9.384590703029422e-06,
    "ratio_rel_err": 0.014606525691772265,
    "kQTST": 1.4703865929493427e-06,
    "kQTST_rel_err": 0.017019500556850458,
    "kQTST_err": 2.5025245437486786e-08,
    "UNITS": "eVAamu",
    "PP": 5.87633961109935,
    "PP_rel_err": 0.010118052829893727,
    "ratioP": 1.9222200084099737e-05,
    "ratioP_rel_err": 0.015943006875249528,
    "kQTSTP": 2.9464490072700738e-06,
    "kQTSTP_rel_err": 0.018882649742363335,
    "kQTSTP_err": 5.5636764588014965e-08,
    "1/Keq": 2.003860087815412,
    "1/Keq_err": 0.05093975757277406
}