{
    "P": 3.1093187453197033,
    "P_rel_err": 0.013521756740049927,
    "ratio": 0.0029971615568161417,
    "ratio_rel_err": 0.0014210996395347918,
    "kQTST": 0.00048617692573411984,
    "kQTST_rel_err": 0.013596228503617153,
    "kQTST_err": 6.6101725754672005e-06,
    "UNITS": "eVAamu",
    "PP": 3.094390043858865,
    "PP_rel_err": 0.012734785076352258,
    "ratioP": 0.003628995358626244,
    "ratioP_rel_err": 0.0015029466812060788,
    "kQTSTP": 0.0005858418766710255,
    "kQTSTP_rel_err": 0.012823166522643016,
    "kQTSTP_err": 7.512347940490253e-06,
    "1/Keq": 1.204997287327886,
    "1/Keq_err": 0.02252059109255756
}