{
    "P": 4.279464922009089,
    "P_rel_err": 0.012237363381443076,
    "ratio": 7.12213770945101e-05,
    "ratio_rel_err": 0.004655281341563593,
    "kQTST": 1.124355851036749e-05,
    "kQTST_rel_err": 0.013092925834151588,
    "kQTST_err": 1.4721107768818547e-07,
    "UNITS": "eVAamu",
    "PP": 4.243771194650908,
    "PP_rel_err": 0.011091254169656466,
    "ratioP": 0.00010361238725124092,
    "ratioP_rel_err": 0.005617983370260226,
    "kQTSTP": 1.6220625122627508e-05,
    "kQTSTP_rel_err": 0.012432926292890278,
    "kQTSTP_err": 2.0166983657423214e-07,
    "1/Keq": 1.442659377604586,
    "1/Keq_err": 0.02604798764315355
}