{
    "P": 4.518142511340965,
    "P_rel_err": 0.011884926023162037,
    "ratio": 2.3737232544992306e-05,
    "ratio_rel_err": 0.0043927551657989596,
    "kQTST": 3.7533167000201638e-06,
    "kQTST_rel_err": 0.012670744434431927,
    "kQTST_err": 4.75573166874409e-08,
    "UNITS": "eVAamu",
    "PP": 4.510017660262905,
    "PP_rel_err": 0.013349203395704397,
    "ratioP": 3.642993972969226e-05,
    "ratioP_rel_err": 0.005070026386844304,
    "kQTSTP": 5.749921249009829e-06,
    "kQTSTP_rel_err": 0.0142795797859455,
    "kQTSTP_err": 8.210645923813925e-08,
    "1/Keq": 1.5319573882424946,
    "1/Keq_err": 0.029246112305893766
}