{
    "P": 5.864258262234609,
    "P_rel_err": 0.009787824777148587,
    "ratio": 2.112372838021892e-05,
    "ratio_rel_err": 0.01574279500787866,
    "kQTST": 3.2312652621026306e-06,
    "kQTST_rel_err": 0.01853745151115042,
    "kQTST_err": 5.989942311589226e-08,
    "UNITS": "eVAamu",
    "PP": 5.756147130216516,
    "PP_rel_err": 0.00937825487097526,
    "ratioP": 4.529704942952883e-05,
    "ratioP_rel_err": 0.0204057400110172,
    "kQTSTP": 6.801281475988544e-06,
    "kQTSTP_rel_err": 0.022457646577996534,
    "kQTSTP_err": 1.5274077566522533e-07,
    "1/Keq": 2.1048353893306957,
    "1/Keq_err": 0.061293117287077106
}