{
    "P": 5.483675495752052,
    "P_rel_err": 0.009896212272578959,
    "ratio": 1.2447836042236696e-05,
    "ratio_rel_err": 0.012225055754504343,
    "kQTST": 1.950496512376825e-06,
    "kQTST_rel_err": 0.015728541113042945,
    "kQTST_err": 3.067846458576577e-08,
    "UNITS": "eVAamu",
    "PP": 5.502155575119239,
    "PP_rel_err": 0.008650218644723087,
    "ratioP": 2.2895249855413774e-05,
    "ratioP_rel_err": 0.011962907281277283,
    "kQTSTP": 3.5996296899873798e-06,
    "kQTSTP_rel_err": 0.014762704129730162,
    "kQTSTP_err": 5.3140268089875997e-08,
    "1/Keq": 1.8454940406947786,
    "1/Keq_err": 0.0398098533962199
}