{
    "P": 4.415171891710152,
    "P_rel_err": 0.012812867552401467,
    "ratio": 5.263770439813097e-05,
    "ratio_rel_err": 0.004063481598685212,
    "kQTST": 8.573309530205963e-06,
    "kQTST_rel_err": 0.013441780299433393,
    "kQTST_err": 1.1524054314406707e-07,
    "UNITS": "eVAamu",
    "PP": 4.384342346750143,
    "PP_rel_err": 0.008830403969583773,
    "ratioP": 7.669138485087227e-05,
    "ratioP_rel_err": 0.005331127771013563,
    "kQTSTP": 1.240380656856066e-05,
    "kQTSTP_rel_err": 0.01031489009039422,
    "kQTSTP_err": 1.279439014572131e-07,
    "1/Keq": 1.4467932745060559,
    "1/Keq_err": 0.024513580586064815
}