{
    "P": 2.852494872727545,
    "P_rel_err": 0.01232470111416404,
    "ratio": 0.008159933158432888,
    "ratio_rel_err": 0.0011174799720733953,
    "kQTST": 0.0013576424998803685,
    "kQTST_rel_err": 0.012375258342412957,
    "kQTST_err": 1.680117667265891e-05,
    "UNITS": "eVAamu",
    "PP": 2.7983386787216706,
    "PP_rel_err": 0.014314184494078442,
    "ratioP": 0.00950950898958224,
    "ratioP_rel_err": 0.00106879889418492,
    "kQTSTP": 0.0015521451053000636,
    "kQTSTP_rel_err": 0.014354031099545752,
    "kQTSTP_err": 2.227953911248483e-05,
    "1/Keq": 1.1432649651412903,
    "1/Keq_err": 0.021667366456285496
}