{
    "P": 4.3313090297480015,
    "P_rel_err": 0.012185754544213242,
    "ratio": 6.504509621915275e-05,
    "ratio_rel_err": 0.005006216846779362,
    "kQTST": 1.0392922241827027e-05,
    "kQTST_rel_err": 0.013174020681963088,
    "kQTST_err": 1.3691657255986344e-07,
    "UNITS": "eVAamu",
    "PP": 4.315987594001965,
    "PP_rel_err": 0.012624371504184469,
    "ratioP": 9.513361608373623e-05,
    "ratioP_rel_err": 0.005521369925777933,
    "kQTSTP": 1.5146704026761587e-05,
    "kQTSTP_rel_err": 0.013778979705803688,
    "kQTSTP_err": 2.087061273945629e-07,
    "1/Keq": 1.4574056915198152,
    "1/Keq_err": 0.02778317964162239
}