{
    "P": 4.712725671264667,
    "P_rel_err": 0.011355828655148148,
    "ratio": 8.724980689941638e-06,
    "ratio_rel_err": 0.003187226761439084,
    "kQTST": 1.0729819458233836e-06,
    "kQTST_rel_err": 0.011794628390666544,
    "kQTST_err": 1.2655423320881112e-08,
    "UNITS": "eVAamu",
    "PP": 4.743931795111628,
    "PP_rel_err": 0.011832511921606923,
    "ratioP": 1.2869001008588373e-05,
    "ratioP_rel_err": 0.003280215753451087,
    "kQTSTP": 1.5930853771427257e-06,
    "kQTSTP_rel_err": 0.012278768413980233,
    "kQTSTP_err": 1.9561126409633888e-08,
    "1/Keq": 1.4847271040709131,
    "1/Keq_err": 0.025278821385190137
}