{
    "P": 2.7785659549063815,
    "P_rel_err": 0.014461491688587756,
    "ratio": 0.012586528254669535,
    "ratio_rel_err": 0.0004968261179319955,
    "kQTST": 0.0015806767759074455,
    "kQTST_rel_err": 0.01447002342950944,
    "kQTST_err": 2.287242998186218e-05,
    "UNITS": "eVAamu",
    "PP": 2.734911775545399,
    "PP_rel_err": 0.014532282738321559,
    "ratioP": 0.014387123496641138,
    "ratioP_rel_err": 0.00042673734999820084,
    "kQTSTP": 0.0017784174046900246,
    "kQTSTP_rel_err": 0.014538546913374879,
    "kQTSTP_err": 2.5855604869648318e-05,
    "1/Keq": 1.1250987120178688,
    "1/Keq_err": 0.023078265585525275
}