{
    "P": 3.3558084783867552,
    "P_rel_err": 0.014875700739331525,
    "ratio": 0.0017456636930153488,
    "ratio_rel_err": 0.0008561523489139369,
    "kQTST": 0.0002161864769156418,
    "kQTST_rel_err": 0.014900317759386855,
    "kQTST_err": 3.2212472013254137e-06,
    "UNITS": "eVAamu",
    "PP": 3.407868829696945,
    "PP_rel_err": 0.015791254321490478,
    "ratioP": 0.0021255047498393007,
    "ratioP_rel_err": 0.0008546761366009333,
    "kQTSTP": 0.00026731032124139626,
    "kQTSTP_rel_err": 0.0158143663908633,
    "kQTSTP_err": 4.227343360170809e-06,
    "1/Keq": 1.2364803065165983,
    "1/Keq_err": 0.02686646232909299
}