{
    "P": 4.832347808244865,
    "P_rel_err": 0.011115687946470275,
    "ratio": 8.16017530409998e-06,
    "ratio_rel_err": 0.0029309432865095575,
    "kQTST": 1.0289954484923434e-06,
    "kQTST_rel_err": 0.011495605554821372,
    "kQTST_err": 1.1828925793574492e-08,
    "UNITS": "eVAamu",
    "PP": 4.762139889938881,
    "PP_rel_err": 0.01274249081422027,
    "ratioP": 1.2048395181081916e-05,
    "ratioP_rel_err": 0.003121724028381522,
    "kQTSTP": 1.4972252149335388e-06,
    "kQTSTP_rel_err": 0.013119307644074154,
    "kQTSTP_err": 1.9642558207178142e-08,
    "1/Keq": 1.4550357993587173,
    "1/Keq_err": 0.02538047853230553
}