{
    "P": 4.673166642894555,
    "P_rel_err": 0.012344598274426456,
    "ratio": 7.853785280623979e-06,
    "ratio_rel_err": 0.002963152109456982,
    "kQTST": 9.577365719573272e-07,
    "kQTST_rel_err": 0.01269525017401201,
    "kQTST_err": 1.2158705381798923e-08,
    "UNITS": "eVAamu",
    "PP": 4.813176578509721,
    "PP_rel_err": 0.010531656297442137,
    "ratioP": 1.1636284262944093e-05,
    "ratioP_rel_err": 0.002461129257860852,
    "kQTSTP": 1.4615103549723826e-06,
    "kQTSTP_rel_err": 0.010815402978685136,
    "kQTSTP_err": 1.580682344654748e-08,
    "1/Keq": 1.5260045379550375,
    "1/Keq_err": 0.025450092221349762
}