{
    "P": 3.401876357100905,
    "P_rel_err": 0.012400092353515243,
    "ratio": 0.0014392966294849271,
    "ratio_rel_err": 0.0018789530767902446,
    "kQTST": 0.00023894162026033696,
    "kQTST_rel_err": 0.012541640843226485,
    "kQTST_err": 2.996719983803755e-06,
    "UNITS": "eVAamu",
    "PP": 3.3618523184450493,
    "PP_rel_err": 0.012368094335122346,
    "ratioP": 0.0018030362508176926,
    "ratioP_rel_err": 0.001597092485561446,
    "kQTSTP": 0.00029580537492929985,
    "kQTSTP_rel_err": 0.012470784333389873,
    "kQTSTP_err": 3.68892503540083e-06,
    "1/Keq": 1.2379817907278248,
    "1/Keq_err": 0.021895597653563106
}