{
    "P": 3.584100399983238,
    "P_rel_err": 0.011878557411000015,
    "ratio": 0.0006406139785752316,
    "ratio_rel_err": 0.0023106548089665787,
    "kQTST": 0.00010373520131124696,
    "kQTST_rel_err": 0.012101208692218465,
    "kQTST_err": 1.255321319796694e-06,
    "UNITS": "eVAamu",
    "PP": 3.4844568080157097,
    "PP_rel_err": 0.013447610089746138,
    "ratioP": 0.0008252051725987958,
    "ratioP_rel_err": 0.0030206062594144993,
    "kQTSTP": 0.00012991120267162858,
    "kQTSTP_rel_err": 0.013782680410582558,
    "kQTSTP_err": 1.7905245881774757e-06,
    "1/Keq": 1.2523348008150403,
    "1/Keq_err": 0.0229693883812862
}