{
    "P": 4.718931238199537,
    "P_rel_err": 0.01121390717269781,
    "ratio": 8.796945637019329e-06,
    "ratio_rel_err": 0.002581864769934749,
    "kQTST": 1.0832565835374373e-06,
    "kQTST_rel_err": 0.011507290722325286,
    "kQTST_err": 1.246534843363814e-08,
    "UNITS": "eVAamu",
    "PP": 4.697071524209348,
    "PP_rel_err": 0.008975024705877693,
    "ratioP": 1.2964007259572958e-05,
    "ratioP_rel_err": 0.0033796454297348837,
    "kQTSTP": 1.5889938594195066e-06,
    "kQTSTP_rel_err": 0.009590259209314566,
    "kQTSTP_err": 1.5238862993842217e-08,
    "1/Keq": 1.4668674841841762,
    "1/Keq_err": 0.02197320544534885
}