{
    "P": 5.222067733957601,
    "P_rel_err": 0.010871855912504837,
    "ratio": 9.777819852926808e-07,
    "ratio_rel_err": 0.004326418644189552,
    "kQTST": 1.1917503979043807e-07,
    "kQTST_rel_err": 0.011701074705643808,
    "kQTST_err": 1.3944760436359893e-09,
    "UNITS": "eVAamu",
    "PP": 5.269505614790659,
    "PP_rel_err": 0.008921267175620527,
    "ratioP": 1.6017615897325037e-06,
    "ratioP_rel_err": 0.00552895926971332,
    "kQTSTP": 1.9700104055210724e-07,
    "kQTSTP_rel_err": 0.010495637123345733,
    "kQTSTP_err": 2.067651434556435e-09,
    "1/Keq": 1.6530394359298841,
    "1/Keq_err": 0.025983421610050197
}