{
    "P": 5.03758991739185,
    "P_rel_err": 0.009974753792021366,
    "ratio": 2.852174578853835e-06,
    "ratio_rel_err": 0.003199807921084751,
    "kQTST": 3.556935176653627e-07,
    "kQTST_rel_err": 0.010475422852719662,
    "kQTST_err": 3.726040003515985e-09,
    "UNITS": "eVAamu",
    "PP": 5.018993294088242,
    "PP_rel_err": 0.010560260498193556,
    "ratioP": 4.38716023705511e-06,
    "ratioP_rel_err": 0.00298364155550141,
    "kQTSTP": 5.451012111522609e-07,
    "kQTSTP_rel_err": 0.01097366022443843,
    "kQTSTP_err": 5.981755479114779e-09,
    "1/Keq": 1.532502517139189,
    "1/Keq_err": 0.023249416973900903
}