{
    "P": 2.9506880566637625,
    "P_rel_err": 0.012895332958027368,
    "ratio": 0.005083955865747988,
    "ratio_rel_err": 0.0011188951394529298,
    "kQTST": 0.0008300806235497428,
    "kQTST_rel_err": 0.012943783775676966,
    "kQTST_err": 1.074438410760698e-05,
    "UNITS": "eVAamu",
    "PP": 2.8793522099102353,
    "PP_rel_err": 0.0157181372726395,
    "ratioP": 0.006044417168732234,
    "ratioP_rel_err": 0.0011207416998137722,
    "kQTSTP": 0.0009630402271050117,
    "kQTSTP_rel_err": 0.015758042431699457,
    "kQTSTP_err": 1.5175628762154257e-05,
    "1/Keq": 1.1601767343835623,
    "1/Keq_err": 0.023659000302194182
}