{
    "P": 2.967063745094926,
    "P_rel_err": 0.012521477962406198,
    "ratio": 0.0052286259087425836,
    "ratio_rel_err": 0.0010290613140502953,
    "kQTST": 0.0008584394215156695,
    "kQTST_rel_err": 0.012563692830975253,
    "kQTST_err": 1.078516920592296e-05,
    "UNITS": "eVAamu",
    "PP": 2.9477683229906795,
    "PP_rel_err": 0.013015630699707135,
    "ratioP": 0.0062034636963276425,
    "ratioP_rel_err": 0.0009843506694210094,
    "kQTSTP": 0.0010118655224196813,
    "kQTSTP_rel_err": 0.013052800034917735,
    "kQTSTP_err": 1.3207678326371668e-05,
    "1/Keq": 1.178726765172458,
    "1/Keq_err": 0.021354871701371424
}