{
    "P": 4.317359139678444,
    "P_rel_err": 0.012541548396421492,
    "ratio": 7.258726552112778e-05,
    "ratio_rel_err": 0.006709815581661697,
    "kQTST": 1.1560658164598777e-05,
    "kQTST_rel_err": 0.01422364444577031,
    "kQTST_err": 1.6443469129234457e-07,
    "UNITS": "eVAamu",
    "PP": 4.286781799789524,
    "PP_rel_err": 0.012999220726818838,
    "ratioP": 0.00010598924984779517,
    "ratioP_rel_err": 0.00586152221138028,
    "kQTSTP": 1.6760892601022418e-05,
    "kQTSTP_rel_err": 0.014259634712679733,
    "kQTSTP_err": 2.3900420594903617e-07,
    "1/Keq": 1.4498216591463517,
    "1/Keq_err": 0.029200475170107165
}