{
    "P": 4.829009312218085,
    "P_rel_err": 0.01195390623783514,
    "ratio": 2.9149241300872985e-05,
    "ratio_rel_err": 0.00908034905971187,
    "kQTST": 4.644449429251285e-06,
    "kQTST_rel_err": 0.015011615948630052,
    "kQTST_err": 6.972069112475433e-08,
    "UNITS": "eVAamu",
    "PP": 4.810000485888168,
    "PP_rel_err": 0.009796903267243397,
    "ratioP": 4.6446877714112446e-05,
    "ratioP_rel_err": 0.005655757358905108,
    "kQTSTP": 7.371410302408917e-06,
    "kQTSTP_rel_err": 0.0113122457951785,
    "kQTSTP_err": 8.338720519796074e-08,
    "1/Keq": 1.5871440554359175,
    "1/Keq_err": 0.029833053248630028
}