{
    "P": 5.967801679011867,
    "P_rel_err": 0.010040525694747055,
    "ratio": 2.2623706103871184e-05,
    "ratio_rel_err": 0.014074356039294121,
    "kQTST": 3.521819400856335e-06,
    "kQTST_rel_err": 0.01728871464706647,
    "kQTST_err": 6.088773065990777e-08,
    "UNITS": "eVAamu",
    "PP": 5.824934529122999,
    "PP_rel_err": 0.009432230305684674,
    "ratioP": 4.665799538350138e-05,
    "ratioP_rel_err": 0.015599946976860518,
    "kQTSTP": 7.0893443698122745e-06,
    "kQTSTP_rel_err": 0.018229791941224562,
    "kQTSTP_err": 1.2923727286136952e-07,
    "1/Keq": 2.0129778284736837,
    "1/Keq_err": 0.050574439239574935
}