{
    "P": 4.482502329845593,
    "P_rel_err": 0.011234827153118885,
    "ratio": 4.510126793333382e-05,
    "ratio_rel_err": 0.004762075960858716,
    "kQTST": 7.075130857900083e-06,
    "kQTST_rel_err": 0.012202405853660411,
    "kQTST_err": 8.633361819585338e-08,
    "UNITS": "eVAamu",
    "PP": 4.410286995531145,
    "PP_rel_err": 0.009688742715106094,
    "ratioP": 6.78161011557047e-05,
    "ratioP_rel_err": 0.007035124267162153,
    "kQTSTP": 1.0467063793664317e-05,
    "kQTSTP_rel_err": 0.011973500275772963,
    "kQTSTP_err": 1.253273912199729e-07,
    "1/Keq": 1.47941628273586,
    "1/Keq_err": 0.025291676804271936
}