{
    "P": 3.352786465249496,
    "P_rel_err": 0.014804025729575692,
    "ratio": 0.0014802138891336855,
    "ratio_rel_err": 0.0017684782095424047,
    "kQTST": 0.00024218840142327286,
    "kQTST_rel_err": 0.014909282108121953,
    "kQTST_err": 3.6108552001346593e-06,
    "UNITS": "eVAamu",
    "PP": 3.4040313857354163,
    "PP_rel_err": 0.014018408498812885,
    "ratioP": 0.0018448520259554666,
    "ratioP_rel_err": 0.0019171125610025477,
    "kQTSTP": 0.0003064630110053464,
    "kQTSTP_rel_err": 0.014148890324373253,
    "kQTSTP_err": 4.33611153119184e-06,
    "1/Keq": 1.265390948552242,
    "1/Keq_err": 0.026009180291071975
}