{
    "P": 5.0269079475129175,
    "P_rel_err": 0.010193711308654454,
    "ratio": 1.2383121557630928e-05,
    "ratio_rel_err": 0.009394224004559804,
    "kQTST": 1.9212506850654704e-06,
    "kQTST_rel_err": 0.013862293998182167,
    "kQTST_err": 2.6632941840586446e-08,
    "UNITS": "eVAamu",
    "PP": 5.04617348600355,
    "PP_rel_err": 0.010350180110258086,
    "ratioP": 2.153215374996203e-05,
    "ratioP_rel_err": 0.007604646312996402,
    "kQTSTP": 3.3535332468000923e-06,
    "kQTSTP_rel_err": 0.012843553786259933,
    "kQTSTP_err": 4.307128462928789e-08,
    "1/Keq": 1.7454948866736846,
    "1/Keq_err": 0.032985700331314254
}