{
    "P": 2.5755128926832804,
    "P_rel_err": 0.013677320065472634,
    "ratio": 0.01645564375742765,
    "ratio_rel_err": 0.0006752895267772118,
    "kQTST": 0.002707965825055866,
    "kQTST_rel_err": 0.013693980433692583,
    "kQTST_err": 3.708283102342323e-05,
    "UNITS": "eVAamu",
    "PP": 2.4971143438580565,
    "PP_rel_err": 0.016195306853341182,
    "ratioP": 0.01877779233588867,
    "ratioP_rel_err": 0.0007249334365009784,
    "kQTSTP": 0.002996039502820341,
    "kQTSTP_rel_err": 0.016211523449732815,
    "kQTSTP_err": 4.8570364656297804e-05,
    "1/Keq": 1.1063801009226295,
    "1/Keq_err": 0.02347869419196665
}