{
    "P": 4.419658675254118,
    "P_rel_err": 0.01242767961559501,
    "ratio": 4.3485031296224e-05,
    "ratio_rel_err": 0.00355576539398576,
    "kQTST": 7.0897751890278e-06,
    "kQTST_rel_err": 0.012926356337535432,
    "kQTST_err": 9.164496044639097e-08,
    "UNITS": "eVAamu",
    "PP": 4.242790047679462,
    "PP_rel_err": 0.011458419226737961,
    "ratioP": 6.316407177091627e-05,
    "ratioP_rel_err": 0.004110789990466145,
    "kQTSTP": 9.886113825480008e-06,
    "kQTSTP_rel_err": 0.012173494384169026,
    "kQTSTP_err": 1.2034855113573666e-07,
    "1/Keq": 1.3944185198960677,
    "1/Keq_err": 0.024759653252869083
}