{
    "P": 5.878159900061347,
    "P_rel_err": 0.009782787937466739,
    "ratio": 2.2029330988225572e-05,
    "ratio_rel_err": 0.013079049214807608,
    "kQTST": 3.377782278186041e-06,
    "kQTST_rel_err": 0.01633292589197674,
    "kQTST_err": 5.516906762884497e-08,
    "UNITS": "eVAamu",
    "PP": 5.837515875418032,
    "PP_rel_err": 0.00951870067814891,
    "ratioP": 4.626268763781582e-05,
    "ratioP_rel_err": 0.014683918839043433,
    "kQTSTP": 7.044462848860358e-06,
    "kQTSTP_rel_err": 0.0174992324137891,
    "kQTSTP_err": 1.2327269262251028e-07,
    "1/Keq": 2.085528985794615,
    "1/Keq_err": 0.04992163990235824
}