{
    "P": 4.293694928830921,
    "P_rel_err": 0.011007484624629192,
    "ratio": 7.090912042760208e-05,
    "ratio_rel_err": 0.005308343644636229,
    "kQTST": 1.1231486234358603e-05,
    "kQTST_rel_err": 0.012220606777529416,
    "kQTST_err": 1.3725557679733108e-07,
    "UNITS": "eVAamu",
    "PP": 4.158498526983102,
    "PP_rel_err": 0.010694919121378937,
    "ratioP": 0.00010427914128987667,
    "ratioP_rel_err": 0.005092669124918354,
    "kQTSTP": 1.5996977902228673e-05,
    "kQTSTP_rel_err": 0.011845529698106939,
    "kQTSTP_err": 1.894926768208102e-07,
    "1/Keq": 1.4242975122287735,
    "1/Keq_err": 0.024240681860798877
}