{
    "P": 3.1904014171951305,
    "P_rel_err": 0.01287826162503421,
    "ratio": 0.0033280958930070144,
    "ratio_rel_err": 0.0007521665153379037,
    "kQTST": 0.0004156121160375609,
    "kQTST_rel_err": 0.012900208407216696,
    "kQTST_err": 5.361482913448864e-06,
    "UNITS": "eVAamu",
    "PP": 3.1245564304506024,
    "PP_rel_err": 0.013633382864009136,
    "ratioP": 0.00397520012279938,
    "ratioP_rel_err": 0.0008293934386795944,
    "kQTSTP": 0.00048617699917842923,
    "kQTSTP_rel_err": 0.013658587840358267,
    "kQTSTP_err": 6.640491249240364e-06,
    "1/Keq": 1.1697854331428852,
    "1/Keq_err": 0.021977413638366507
}