{
    "P": 4.246053230521284,
    "P_rel_err": 0.012815507560968605,
    "ratio": 6.164456715723765e-05,
    "ratio_rel_err": 0.001910784993373443,
    "kQTST": 7.63644148560542e-06,
    "kQTST_rel_err": 0.0129571730456973,
    "kQTST_err": 9.894669378233119e-08,
    "UNITS": "eVAamu",
    "PP": 4.2264620295595945,
    "PP_rel_err": 0.012859997028607625,
    "ratioP": 8.417145549732977e-05,
    "ratioP_rel_err": 0.00154122921414902,
    "kQTSTP": 1.037893029323479e-05,
    "kQTSTP_rel_err": 0.012952023435214411,
    "kQTSTP_err": 1.3442814839043377e-07,
    "1/Keq": 1.3591317779097662,
    "1/Keq_err": 0.02490006736590166
}