{
    "P": 4.335857047493419,
    "P_rel_err": 0.010652545428310461,
    "ratio": 6.251071347524587e-05,
    "ratio_rel_err": 0.005727492116075949,
    "kQTST": 9.998465620844666e-06,
    "kQTST_rel_err": 0.012094663701067933,
    "kQTST_err": 1.2092807921080565e-07,
    "UNITS": "eVAamu",
    "PP": 4.223079062163362,
    "PP_rel_err": 0.010813843538779185,
    "ratioP": 9.211603939848946e-05,
    "ratioP_rel_err": 0.003914467494597289,
    "kQTSTP": 1.435054568733947e-05,
    "kQTSTP_rel_err": 0.011500533372303003,
    "kQTSTP_err": 1.6503892958800652e-07,
    "1/Keq": 1.435274794306603,
    "1/Keq_err": 0.02395417982503844
}