{
    "P": 5.918269599905512,
    "P_rel_err": 0.00973579615943025,
    "ratio": 1.849246623866832e-05,
    "ratio_rel_err": 0.01748667546653003,
    "kQTST": 2.8548186706500516e-06,
    "kQTST_rel_err": 0.020014233578374167,
    "kQTST_err": 5.7137007698293766e-08,
    "UNITS": "eVAamu",
    "PP": 5.826926423154178,
    "PP_rel_err": 0.009533271794093688,
    "ratioP": 3.783526147537752e-05,
    "ratioP_rel_err": 0.012553609965661251,
    "kQTSTP": 5.750759728558702e-06,
    "kQTSTP_rel_err": 0.015763134024362406,
    "kQTSTP_err": 9.064999634317678e-08,
    "1/Keq": 2.014404553144258,
    "1/Keq_err": 0.05131973595247172
}