{
    "P": 3.5804320848935807,
    "P_rel_err": 0.01399770152412894,
    "ratio": 0.0006301446571145872,
    "ratio_rel_err": 0.0024968472905914155,
    "kQTST": 0.00010193545711241184,
    "kQTST_rel_err": 0.014218646009769543,
    "kQTST_err": 1.449384180525429e-06,
    "UNITS": "eVAamu",
    "PP": 3.5978909643219295,
    "PP_rel_err": 0.012376759732037427,
    "ratioP": 0.0008161108418672379,
    "ratioP_rel_err": 0.002330106589770853,
    "kQTSTP": 0.00013266205527346633,
    "kQTSTP_rel_err": 0.012594188270161627,
    "kQTSTP_err": 1.670770900420623e-06,
    "1/Keq": 1.3014318965300757,
    "1/Keq_err": 0.024719789244156343
}