{
    "P": 5.030047292047674,
    "P_rel_err": 0.010200935339014963,
    "ratio": 2.3376457786850434e-05,
    "ratio_rel_err": 0.009401597078369154,
    "kQTST": 3.6291401369570215e-06,
    "kQTST_rel_err": 0.013872602834895971,
    "kQTST_err": 5.0345619752184726e-08,
    "UNITS": "eVAamu",
    "PP": 4.9538921697961165,
    "PP_rel_err": 0.010249347093414502,
    "ratioP": 3.974899202103259e-05,
    "ratioP_rel_err": 0.009383327575660391,
    "kQTSTP": 6.077509353197953e-06,
    "kQTSTP_rel_err": 0.013895896956779473,
    "kQTSTP_err": 8.445244372590222e-08,
    "1/Keq": 1.6746416847638876,
    "1/Keq_err": 0.03288209424204853
}