{
    "P": 5.915378998530404,
    "P_rel_err": 0.008421877220327454,
    "ratio": 1.8712758128446258e-05,
    "ratio_rel_err": 0.016320877025213943,
    "kQTST": 2.887415796777159e-06,
    "kQTST_rel_err": 0.018365702893884207,
    "kQTST_err": 5.302942065471724e-08,
    "UNITS": "eVAamu",
    "PP": 5.872821431954867,
    "PP_rel_err": 0.007995762039193931,
    "ratioP": 3.734812657913735e-05,
    "ratioP_rel_err": 0.018038186145966334,
    "kQTSTP": 5.721429710174713e-06,
    "kQTSTP_rel_err": 0.01973089886507826,
    "kQTSTP_err": 1.1288895097511128e-07,
    "1/Keq": 1.9815053019245754,
    "1/Keq_err": 0.05341277610490139
}