{
    "P": 4.893104288762567,
    "P_rel_err": 0.011014755358424576,
    "ratio": 8.796503467948352e-06,
    "ratio_rel_err": 0.002863925844170454,
    "kQTST": 1.1231825054995708e-06,
    "kQTST_rel_err": 0.011380988834317094,
    "kQTST_err": 1.2782927553990913e-08,
    "UNITS": "eVAamu",
    "PP": 4.785346518051056,
    "PP_rel_err": 0.012715979116962936,
    "ratioP": 1.3039327853297553e-05,
    "ratioP_rel_err": 0.0026178614616120988,
    "kQTSTP": 1.6282623338349358e-06,
    "kQTSTP_rel_err": 0.01298265471832442,
    "kQTSTP_err": 2.1139167671032063e-08,
    "1/Keq": 1.4496863384732963,
    "1/Keq_err": 0.0250286669255913
}