{
    "P": 6.029441621105616,
    "P_rel_err": 0.010835401309321159,
    "ratio": 7.604532090102993e-06,
    "ratio_rel_err": 0.012935345362710807,
    "kQTST": 1.1960202705855421e-06,
    "kQTST_rel_err": 0.01687391718560461,
    "kQTST_err": 2.0181546998164856e-08,
    "UNITS": "eVAamu",
    "PP": 5.986876754188497,
    "PP_rel_err": 0.010226122897135823,
    "ratioP": 1.5369013483357115e-05,
    "ratioP_rel_err": 0.01541365381856072,
    "kQTSTP": 2.4001327243113916e-06,
    "kQTSTP_rel_err": 0.01849741369883252,
    "kQTSTP_err": 4.4396247933693754e-08,
    "1/Keq": 2.0067659247416816,
    "1/Keq_err": 0.05024468190480891
}