{
    "P": 4.830081087676017,
    "P_rel_err": 0.010720786003674609,
    "ratio": 1.2516636531542194e-05,
    "ratio_rel_err": 0.006592961084541757,
    "kQTST": 1.99476161694973e-06,
    "kQTST_rel_err": 0.012585801063057822,
    "kQTST_err": 2.5105672879152848e-08,
    "UNITS": "eVAamu",
    "PP": 4.8976646575617995,
    "PP_rel_err": 0.010825504117867316,
    "ratioP": 1.9790823331083437e-05,
    "ratioP_rel_err": 0.007401101673516466,
    "kQTSTP": 3.198172229364671e-06,
    "kQTSTP_rel_err": 0.013113651108203636,
    "kQTSTP_err": 4.193971479983411e-08,
    "1/Keq": 1.6032854262832292,
    "1/Keq_err": 0.02914145959069532
}