{
    "P": 3.5614763348228364,
    "P_rel_err": 0.013395450990149124,
    "ratio": 0.0006622395224766123,
    "ratio_rel_err": 0.002572631365192843,
    "kQTST": 0.00010656012837168097,
    "kQTST_rel_err": 0.013640254373385459,
    "kQTST_err": 1.4535072570503374e-06,
    "UNITS": "eVAamu",
    "PP": 3.5435677049720407,
    "PP_rel_err": 0.012300352965394595,
    "ratioP": 0.0008558659239506361,
    "ratioP_rel_err": 0.0026792778885806534,
    "kQTSTP": 0.00013702381238166268,
    "kQTSTP_rel_err": 0.012588773295183642,
    "kQTSTP_err": 1.7249617101145288e-06,
    "1/Keq": 1.2858825761144412,
    "1/Keq_err": 0.023868064276709802
}