{
    "P": 2.8017496871989924,
    "P_rel_err": 0.018561763036286327,
    "ratio": 0.008137698560179728,
    "ratio_rel_err": 0.0011469135451607543,
    "kQTST": 0.0013298568101850932,
    "kQTST_rel_err": 0.0185971626248554,
    "kQTST_err": 2.4731563366783638e-05,
    "UNITS": "eVAamu",
    "PP": 2.7148244590843094,
    "PP_rel_err": 0.011844718688433557,
    "ratioP": 0.009495639507981143,
    "ratioP_rel_err": 0.0011620736038550708,
    "kQTSTP": 0.0015036263334568672,
    "kQTSTP_rel_err": 0.01190158711554488,
    "kQTSTP_err": 1.7895539796864238e-05,
    "1/Keq": 1.130667844794199,
    "1/Keq_err": 0.024964527250590396
}