{
    "P": 2.5434604927256057,
    "P_rel_err": 0.015687770084143415,
    "ratio": 0.016539286554463444,
    "ratio_rel_err": 0.000827975316927573,
    "kQTST": 0.0026878581287087377,
    "kQTST_rel_err": 0.01570960449337877,
    "kQTST_err": 4.2225188136327436e-05,
    "UNITS": "eVAamu",
    "PP": 2.516602958390191,
    "PP_rel_err": 0.013936320110327912,
    "ratioP": 0.01886799277526395,
    "ratioP_rel_err": 0.0007110144546049678,
    "kQTSTP": 0.0030339259605408763,
    "kQTSTP_rel_err": 0.013954445878363905,
    "kQTSTP_err": 4.233675561533088e-05,
    "1/Keq": 1.1287522686319726,
    "1/Keq_err": 0.02371772109483833
}