{
    "P": 4.374729181049912,
    "P_rel_err": 0.009982570262887248,
    "ratio": 7.004947111711784e-05,
    "ratio_rel_err": 0.005097325254800538,
    "kQTST": 1.130472443464673e-05,
    "kQTST_rel_err": 0.011208676719698368,
    "kQTST_err": 1.267110015932301e-07,
    "UNITS": "eVAamu",
    "PP": 4.2595249024810995,
    "PP_rel_err": 0.012593638131506693,
    "ratioP": 0.00010188711929151081,
    "ratioP_rel_err": 0.0051549370709647055,
    "kQTSTP": 1.600974415387665e-05,
    "kQTSTP_rel_err": 0.013607832215049742,
    "kQTSTP_err": 2.1785791225182696e-07,
    "1/Keq": 1.4161994170163028,
    "1/Keq_err": 0.024967219434239924
}