{
    "P": 3.8722547572405666,
    "P_rel_err": 0.012350518793780478,
    "ratio": 0.00023788489941314474,
    "ratio_rel_err": 0.0036390663947105297,
    "kQTST": 3.7991789448524126e-05,
    "kQTST_rel_err": 0.012875485183115869,
    "kQTST_err": 4.891627221245301e-07,
    "UNITS": "eVAamu",
    "PP": 3.8659520355221377,
    "PP_rel_err": 0.014341914627741603,
    "ratioP": 0.00032230272226882337,
    "ratioP_rel_err": 0.0032179148956639884,
    "kQTSTP": 5.1390091196321715e-05,
    "kQTSTP_rel_err": 0.014698486026294161,
    "kQTSTP_err": 7.553565373391174e-07,
    "1/Keq": 1.3526630870059762,
    "1/Keq_err": 0.02643145242071588
}