{
    "P": 2.800587066340412,
    "P_rel_err": 0.013644906318942116,
    "ratio": 0.007988561718469345,
    "ratio_rel_err": 0.0008047047450385787,
    "kQTST": 0.0013049432482118892,
    "kQTST_rel_err": 0.013668614347452857,
    "kQTST_err": 1.7836766005120763e-05,
    "UNITS": "eVAamu",
    "PP": 2.8056931508470186,
    "PP_rel_err": 0.013869261722613884,
    "ratioP": 0.009354068637808905,
    "ratioP_rel_err": 0.0007911125851266445,
    "kQTSTP": 0.0015307866825621528,
    "kQTSTP_rel_err": 0.013891806212753922,
    "kQTSTP_err": 2.126539194721788e-05,
    "1/Keq": 1.1730676293085753,
    "1/Keq_err": 0.022861679589202426
}