{
    "P": 5.931420180616612,
    "P_rel_err": 0.00991322534232452,
    "ratio": 2.5428787920041198e-05,
    "ratio_rel_err": 0.014744625687930809,
    "kQTST": 3.934352780097295e-06,
    "kQTST_rel_err": 0.017767273942979948,
    "kQTST_err": 6.990272363231338e-08,
    "UNITS": "eVAamu",
    "PP": 5.821333357545021,
    "PP_rel_err": 0.009415307860896269,
    "ratioP": 5.324052517657531e-05,
    "ratioP_rel_err": 0.013604878666338242,
    "kQTSTP": 8.08451087260577e-06,
    "kQTSTP_rel_err": 0.016545112439667508,
    "kQTSTP_err": 1.3375914140697695e-07,
    "1/Keq": 2.0548515408945724,
    "1/Keq_err": 0.04988749463850085
}