{
    "P": 5.006886585173427,
    "P_rel_err": 0.011103331698776161,
    "ratio": 3.163411265815424e-06,
    "ratio_rel_err": 0.00400034193528993,
    "kQTST": 3.921032531987604e-07,
    "kQTST_rel_err": 0.011801979088792129,
    "kQTST_err": 4.627594394899135e-09,
    "UNITS": "eVAamu",
    "PP": 4.908109948469673,
    "PP_rel_err": 0.011467813431665324,
    "ratioP": 4.865507212218593e-06,
    "ratioP_rel_err": 0.004395297520288882,
    "kQTSTP": 5.911795985690105e-07,
    "kQTSTP_rel_err": 0.012281261547387597,
    "kQTSTP_err": 7.260431271505625e-09,
    "1/Keq": 1.5077140874149715,
    "1/Keq_err": 0.02568058453119108
}