{
    "P": 3.9189957217843663,
    "P_rel_err": 0.011550134702205856,
    "ratio": 0.0002616445787915591,
    "ratio_rel_err": 0.0013116557787489708,
    "kQTST": 3.2770867613039714e-05,
    "kQTST_rel_err": 0.011624373209813315,
    "kQTST_err": 3.8094079554335765e-07,
    "UNITS": "eVAamu",
    "PP": 3.951963557715992,
    "PP_rel_err": 0.012818715584782257,
    "ratioP": 0.0003422779962607134,
    "ratioP_rel_err": 0.001697577970767888,
    "kQTSTP": 4.3230804894884234e-05,
    "kQTSTP_rel_err": 0.01293063185657901,
    "kQTSTP_err": 5.590016229593419e-07,
    "1/Keq": 1.319184020556186,
    "1/Keq_err": 0.02293739320435514
}