{
    "P": 3.642060774786167,
    "P_rel_err": 0.01156014501733316,
    "ratio": 0.0006038543314423217,
    "ratio_rel_err": 0.002334211712679703,
    "kQTST": 9.936397356358678e-05,
    "kQTST_rel_err": 0.011793451451605836,
    "kQTST_err": 1.1718441982608065e-06,
    "UNITS": "eVAamu",
    "PP": 3.5957026605266607,
    "PP_rel_err": 0.013551494673410188,
    "ratioP": 0.0007817239807966031,
    "ratioP_rel_err": 0.0016604308499001393,
    "kQTSTP": 0.00012699504683326467,
    "kQTSTP_rel_err": 0.013652839942325728,
    "kQTSTP_err": 1.7338430478827223e-06,
    "1/Keq": 1.2780793911386374,
    "1/Keq_err": 0.023058108516886545
}