{
    "P": 6.030637247747318,
    "P_rel_err": 0.009565810638232048,
    "ratio": 1.5807539736622274e-05,
    "ratio_rel_err": 0.015003301203723243,
    "kQTST": 2.486660162612804e-06,
    "kQTST_rel_err": 0.01779336337447636,
    "kQTST_err": 4.42460478622041e-08,
    "UNITS": "eVAamu",
    "PP": 5.924787055104258,
    "PP_rel_err": 0.009905286190538905,
    "ratioP": 3.3913492658296725e-05,
    "ratioP_rel_err": 0.014001393958794416,
    "kQTSTP": 5.2412420126131005e-06,
    "kQTSTP_rel_err": 0.017150910392916333,
    "kQTSTP_err": 8.989207210591574e-08,
    "1/Keq": 2.1077435877309343,
    "1/Keq_err": 0.05208973928879468
}