{
    "P": 2.5475727952057294,
    "P_rel_err": 0.014345957254315516,
    "ratio": 0.01654096553401345,
    "ratio_rel_err": 0.0007772904091322948,
    "kQTST": 0.002692477193386776,
    "kQTST_rel_err": 0.014366999336074915,
    "kQTST_err": 3.8682818049784664e-05,
    "UNITS": "eVAamu",
    "PP": 2.498514871302583,
    "PP_rel_err": 0.015171984769448775,
    "ratioP": 0.018863634181565093,
    "ratioP_rel_err": 0.0007737102648554179,
    "kQTSTP": 0.0030114238001136715,
    "kQTSTP_rel_err": 0.015191700017388714,
    "kQTSTP_err": 4.5748646996551654e-05,
    "1/Keq": 1.1184584246471196,
    "1/Keq_err": 0.02338617184907989
}