{
    "P": 5.043910226866742,
    "P_rel_err": 0.011371128953854013,
    "ratio": 2.9102800758335958e-06,
    "ratio_rel_err": 0.0032639732955868266,
    "kQTST": 3.633951853330963e-07,
    "kQTST_rel_err": 0.01183030411103117,
    "kQTST_err": 4.299075554975063e-09,
    "UNITS": "eVAamu",
    "PP": 5.073672995863375,
    "PP_rel_err": 0.012233974307784052,
    "ratioP": 4.5107533657387205e-06,
    "ratioP_rel_err": 0.003689123357117214,
    "kQTSTP": 5.665634963296196e-07,
    "kQTSTP_rel_err": 0.012778096826505426,
    "kQTSTP_err": 7.239603214463331e-09,
    "1/Keq": 1.5590836620751998,
    "1/Keq_err": 0.027149366200147036
}