{
    "P": 5.520864027001531,
    "P_rel_err": 0.009131106605685928,
    "ratio": 1.0344731609997502e-05,
    "ratio_rel_err": 0.012952006132823287,
    "kQTST": 1.6319462492993719e-06,
    "kQTST_rel_err": 0.015847131308507963,
    "kQTST_err": 2.5861666501074218e-08,
    "UNITS": "eVAamu",
    "PP": 5.357105539222496,
    "PP_rel_err": 0.009714763625489769,
    "ratioP": 1.858618254940459e-05,
    "ratioP_rel_err": 0.010712588639746485,
    "kQTSTP": 2.8451159651169764e-06,
    "kQTSTP_rel_err": 0.014461541676583606,
    "kQTSTP_err": 4.1144763104252547e-08,
    "1/Keq": 1.7433882803054594,
    "1/Keq_err": 0.03740239384901272
}