{
    "P": 3.6951346367881297,
    "P_rel_err": 0.01346309138591861,
    "ratio": 0.000642877098619528,
    "ratio_rel_err": 0.002708980011026298,
    "kQTST": 0.00010732670546857263,
    "kQTST_rel_err": 0.013732931310020301,
    "kQTST_err": 1.4739102739306881e-06,
    "UNITS": "eVAamu",
    "PP": 3.538574743069786,
    "PP_rel_err": 0.011967596855460668,
    "ratioP": 0.000824112607040229,
    "ratioP_rel_err": 0.002600853300641696,
    "kQTSTP": 0.00013175421187293314,
    "kQTSTP_rel_err": 0.012246951146562594,
    "kQTSTP_err": 1.6135873961616695e-06,
    "1/Keq": 1.2275995177315244,
    "1/Keq_err": 0.022588538811352206
}