{
    "P": 3.0390103681541154,
    "P_rel_err": 0.01254379324849226,
    "ratio": 0.005640591728574873,
    "ratio_rel_err": 0.00042290064990387776,
    "kQTST": 0.0007072657577610553,
    "kQTST_rel_err": 0.012550920046777811,
    "kQTST_err": 8.876835977482728e-06,
    "UNITS": "eVAamu",
    "PP": 3.0015589838819055,
    "PP_rel_err": 0.013173130889869548,
    "ratioP": 0.006629902430078551,
    "ratioP_rel_err": 0.0006696913209792291,
    "kQTSTP": 0.0008210692800562986,
    "kQTSTP_rel_err": 0.013190142679555447,
    "kQTSTP_err": 1.0830020953742447e-05,
    "1/Keq": 1.1609063086208269,
    "1/Keq_err": 0.021136959379120794
}