{
    "P": 3.1501678361167342,
    "P_rel_err": 0.014235251033806275,
    "ratio": 0.002966222141408729,
    "ratio_rel_err": 0.0014879135823861634,
    "kQTST": 0.00048747944705524506,
    "kQTST_rel_err": 0.01431280052345214,
    "kQTST_err": 6.977196084984471e-06,
    "UNITS": "eVAamu",
    "PP": 3.070069168347884,
    "PP_rel_err": 0.015201509680235325,
    "ratioP": 0.0036042491613396195,
    "ratioP_rel_err": 0.0012433373454736594,
    "kQTSTP": 0.0005772738845647946,
    "kQTSTP_rel_err": 0.015252271447654535,
    "kQTSTP_err": 8.804737987024236e-06,
    "1/Keq": 1.1842014838819928,
    "1/Keq_err": 0.024769012648005913
}