{
    "P": 4.007636363759386,
    "P_rel_err": 0.012383859627730778,
    "ratio": 0.0002591793274561027,
    "ratio_rel_err": 0.0013355002707572641,
    "kQTST": 3.319633026149134e-05,
    "kQTST_rel_err": 0.012455662979244943,
    "kQTST_err": 4.1348230188484625e-07,
    "UNITS": "eVAamu",
    "PP": 3.8595433280618017,
    "PP_rel_err": 0.011980657303800858,
    "ratioP": 0.00033746346394330855,
    "ratioP_rel_err": 0.0012621973450449363,
    "kQTSTP": 4.162594349130618e-05,
    "kQTSTP_rel_err": 0.012046961922781832,
    "kQTSTP_err": 5.014661562396338e-07,
    "1/Keq": 1.2539320811491452,
    "1/Keq_err": 0.02172861443286394
}