{
    "P": 3.645944337690521,
    "P_rel_err": 0.011113978969693867,
    "ratio": 0.0005947746006608845,
    "ratio_rel_err": 0.002269741559284665,
    "kQTST": 9.797426730577202e-05,
    "kQTST_rel_err": 0.011343379359112588,
    "kQTST_err": 1.1113592814804736e-06,
    "UNITS": "eVAamu",
    "PP": 3.4851995798735347,
    "PP_rel_err": 0.013159835782421078,
    "ratioP": 0.0007636815633418691,
    "ratioP_rel_err": 0.001694167543177604,
    "kQTSTP": 0.00012025123221723758,
    "kQTSTP_rel_err": 0.013268439301012255,
    "kQTSTP_err": 1.5955461755463461e-06,
    "1/Keq": 1.2273756724502,
    "1/Keq_err": 0.021425484605300128
}