{
    "P": 5.259500731663172,
    "P_rel_err": 0.0095097707520388,
    "ratio": 9.66010386921886e-07,
    "ratio_rel_err": 0.003704070149857679,
    "kQTST": 1.1858427136737526e-07,
    "kQTST_rel_err": 0.010205678587502121,
    "kQTST_err": 1.2102329591085626e-09,
    "UNITS": "eVAamu",
    "PP": 5.28887879763428,
    "PP_rel_err": 0.009746352207463312,
    "ratioP": 1.5820257459176657e-06,
    "ratioP_rel_err": 0.004389464437754986,
    "kQTSTP": 1.9528906899793132e-07,
    "kQTSTP_rel_err": 0.010689189838441483,
    "kQTSTP_err": 2.087481931891385e-09,
    "1/Keq": 1.6468378710438234,
    "1/Keq_err": 0.024338383660811636
}