{
    "P": 2.518524468085415,
    "P_rel_err": 0.013039850829414362,
    "ratio": 0.016554129866852632,
    "ratio_rel_err": 0.0007410277942272285,
    "kQTST": 0.00266389502298209,
    "kQTST_rel_err": 0.013060889397173368,
    "kQTST_err": 3.4792838260849685e-05,
    "UNITS": "eVAamu",
    "PP": 2.5221907649234003,
    "PP_rel_err": 0.016391715611166067,
    "ratioP": 0.01882984426760602,
    "ratioP_rel_err": 0.0007317557822927556,
    "kQTSTP": 0.003034514614364063,
    "kQTSTP_rel_err": 0.01640804093127099,
    "kQTSTP_err": 4.9790439999025546e-05,
    "1/Keq": 1.1391269506435293,
    "1/Keq_err": 0.02388938625320743
}