{
    "P": 3.6065970616519785,
    "P_rel_err": 0.01244258383279073,
    "ratio": 0.0006301564375310836,
    "ratio_rel_err": 0.002543081351330353,
    "kQTST": 0.00010268229764852896,
    "kQTST_rel_err": 0.012699809258233349,
    "kQTST_err": 1.3040455943334605e-06,
    "UNITS": "eVAamu",
    "PP": 3.5834558483960164,
    "PP_rel_err": 0.011327016489540275,
    "ratioP": 0.000813407189768056,
    "ratioP_rel_err": 0.002672168368798227,
    "kQTSTP": 0.00013169207509498046,
    "kQTSTP_rel_err": 0.011637945967632051,
    "kQTSTP_err": 1.532625254320725e-06,
    "1/Keq": 1.2825197537529693,
    "1/Keq_err": 0.022092382460436745
}