{
    "P": 4.364034639451918,
    "P_rel_err": 0.009803675857925648,
    "ratio": 6.93091710672893e-05,
    "ratio_rel_err": 0.004377020749833293,
    "kQTST": 1.115790965339821e-05,
    "kQTST_rel_err": 0.010736404005613117,
    "kQTST_err": 1.1979582589701382e-07,
    "UNITS": "eVAamu",
    "PP": 4.196908209140211,
    "PP_rel_err": 0.009825387602890059,
    "ratioP": 0.00010157560820807778,
    "ratioP_rel_err": 0.00482661374150813,
    "kQTSTP": 1.57261657590587e-05,
    "kQTSTP_rel_err": 0.010946891876543805,
    "kQTSTP_err": 1.72152636197021e-07,
    "1/Keq": 1.4094186319450255,
    "1/Keq_err": 0.021610796218608223
}