{
    "P": 4.0039128110280675,
    "P_rel_err": 0.012355875260705878,
    "ratio": 0.0002677671992080205,
    "ratio_rel_err": 0.001593893434631184,
    "kQTST": 3.4264420974114627e-05,
    "kQTST_rel_err": 0.01245825628806391,
    "kQTST_err": 4.2687493805763247e-07,
    "UNITS": "eVAamu",
    "PP": 3.8996165257885975,
    "PP_rel_err": 0.009998437299362712,
    "ratioP": 0.0003489915214317725,
    "ratioP_rel_err": 0.0015874770502831586,
    "kQTSTP": 4.3494885085609384e-05,
    "kQTSTP_rel_err": 0.010123676793263564,
    "kQTSTP_err": 4.403281587668492e-07,
    "1/Keq": 1.2693891753918152,
    "1/Keq_err": 0.020377432179875022
}