{
    "P": 4.34523517242345,
    "P_rel_err": 0.013258737868755161,
    "ratio": 6.189990695177641e-05,
    "ratio_rel_err": 0.004489550612176366,
    "kQTST": 9.922182918781516e-06,
    "kQTST_rel_err": 0.013998221121687403,
    "kQTST_err": 1.3889291050693338e-07,
    "UNITS": "eVAamu",
    "PP": 4.26935266579284,
    "PP_rel_err": 0.012005010177075144,
    "ratioP": 9.008477057382538e-05,
    "ratioP_rel_err": 0.004625701661288109,
    "kQTSTP": 1.4187875024371691e-05,
    "kQTSTP_rel_err": 0.012865356007935473,
    "kQTSTP_err": 1.82532063184638e-07,
    "1/Keq": 1.4299146811248284,
    "1/Keq_err": 0.0271859679634126
}