{
    "P": 4.25865248339858,
    "P_rel_err": 0.01097607403117047,
    "ratio": 6.889242615924653e-05,
    "ratio_rel_err": 0.004768524937735365,
    "kQTST": 1.0822999243934085e-05,
    "kQTST_rel_err": 0.011967164710972221,
    "kQTST_err": 1.29520614618887e-07,
    "UNITS": "eVAamu",
    "PP": 4.288370187323827,
    "PP_rel_err": 0.010696938446280184,
    "ratioP": 0.00010102455245896523,
    "ratioP_rel_err": 0.004951267265125329,
    "kQTSTP": 1.598170647485273e-05,
    "kQTSTP_rel_err": 0.011787261753868402,
    "kQTSTP_err": 1.883805574925826e-07,
    "1/Keq": 1.4766430371701194,
    "1/Keq_err": 0.024803760417017956
}