{
    "P": 5.991540726946357,
    "P_rel_err": 0.011121238582354746,
    "ratio": 2.3309501486813068e-05,
    "ratio_rel_err": 0.016557297592463917,
    "kQTST": 3.6430107273902223e-06,
    "kQTST_rel_err": 0.019945577233338403,
    "kQTST_err": 7.2661951825042e-08,
    "UNITS": "eVAamu",
    "PP": 5.865508127226725,
    "PP_rel_err": 0.008800845239904697,
    "ratioP": 5.0108909612476e-05,
    "ratioP_rel_err": 0.01730592044412991,
    "kQTSTP": 7.666718935748884e-06,
    "kQTSTP_rel_err": 0.01941519403341895,
    "kQTSTP_err": 1.488508357372518e-07,
    "1/Keq": 2.104500785052907,
    "1/Keq_err": 0.058578347847417715
}