{
    "P": 2.5020151573395717,
    "P_rel_err": 0.015197356054298018,
    "ratio": 0.01655399949772621,
    "ratio_rel_err": 0.0008557607490764558,
    "kQTST": 0.002646411944636095,
    "kQTST_rel_err": 0.0152214308624639,
    "kQTST_err": 4.0282176448876965e-05,
    "UNITS": "eVAamu",
    "PP": 2.57638382943008,
    "PP_rel_err": 0.016024764111625636,
    "ratioP": 0.01889314711975815,
    "ratioP_rel_err": 0.0006866028497306747,
    "kQTSTP": 0.003110136464380724,
    "kQTSTP_rel_err": 0.016039466584226024,
    "kQTSTP_err": 4.988492989281749e-05,
    "1/Keq": 1.1752276400824646,
    "1/Keq_err": 0.025987056155549002
}