{
    "P": 3.639482538865717,
    "P_rel_err": 0.011691387612129883,
    "ratio": 0.0006525799286104659,
    "ratio_rel_err": 0.0016069670687158264,
    "kQTST": 0.00010730573370344925,
    "kQTST_rel_err": 0.011801308717977054,
    "kQTST_err": 1.26634809064344e-06,
    "UNITS": "eVAamu",
    "PP": 3.512616509328903,
    "PP_rel_err": 0.012020436546632462,
    "ratioP": 0.0008393348975605537,
    "ratioP_rel_err": 0.0021987601674489,
    "kQTSTP": 0.000133203487270813,
    "kQTSTP_rel_err": 0.01221987892925201,
    "kQTSTP_err": 1.6277304874034963e-06,
    "1/Keq": 1.2413454777629584,
    "1/Keq_err": 0.021088129860464926
}