{
    "P": 5.529457297697508,
    "P_rel_err": 0.009818260449896175,
    "ratio": 1.2164493525739443e-05,
    "ratio_rel_err": 0.01155212664962201,
    "kQTST": 1.922012075752372e-06,
    "kQTST_rel_err": 0.01516080038754229,
    "kQTST_err": 2.9139241422927525e-08,
    "UNITS": "eVAamu",
    "PP": 5.3762995112533645,
    "PP_rel_err": 0.009646610524106342,
    "ratioP": 2.2930988025669308e-05,
    "ratioP_rel_err": 0.013883457169241302,
    "kQTSTP": 3.5227822099811967e-06,
    "kQTSTP_rel_err": 0.01690584152220637,
    "kQTSTP_err": 5.9555597759190034e-08,
    "1/Keq": 1.832861642454667,
    "1/Keq_err": 0.04162078691312116
}