{
    "P": 5.011253967993574,
    "P_rel_err": 0.012822980167931932,
    "ratio": 3.161398478638746e-06,
    "ratio_rel_err": 0.0037292867497008973,
    "kQTST": 3.9219557354024043e-07,
    "kQTST_rel_err": 0.01335426523806796,
    "kQTST_err": 5.237483714252559e-09,
    "UNITS": "eVAamu",
    "PP": 5.002402922126254,
    "PP_rel_err": 0.011155479059942497,
    "ratioP": 4.863045675735088e-06,
    "ratioP_rel_err": 0.0038290131332213376,
    "kQTSTP": 6.022323111204569e-07,
    "kQTSTP_rel_err": 0.011794322983164273,
    "kQTSTP_err": 7.102922388252142e-09,
    "1/Keq": 1.5355408162419408,
    "1/Keq_err": 0.02735859996770547
}