{
    "P": 2.7570248659901706,
    "P_rel_err": 0.012490912803354815,
    "ratio": 0.012632310248798802,
    "ratio_rel_err": 0.0004909792867156329,
    "kQTST": 0.0015741273827546795,
    "kQTST_rel_err": 0.012500558520362082,
    "kQTST_err": 1.9677471466629275e-05,
    "UNITS": "eVAamu",
    "PP": 2.6427056274399483,
    "PP_rel_err": 0.013283812564605016,
    "ratioP": 0.014445374072848486,
    "ratioP_rel_err": 0.0004890489218079443,
    "kQTSTP": 0.0017254166693968847,
    "kQTSTP_rel_err": 0.013292811783045737,
    "kQTSTP_err": 2.2935639033622442e-05,
    "1/Keq": 1.0961099389411886,
    "1/Keq_err": 0.020001012382684764
}