{
    "P": 2.870108494110371,
    "P_rel_err": 0.011198633884168464,
    "ratio": 0.007971147989535346,
    "ratio_rel_err": 0.0012250437362203758,
    "kQTST": 0.0013344218273220112,
    "kQTST_rel_err": 0.011265439761824605,
    "kQTST_err": 1.5032848712560032e-05,
    "UNITS": "eVAamu",
    "PP": 2.7503365009591927,
    "PP_rel_err": 0.013562080567224431,
    "ratioP": 0.009330022769679562,
    "ratioP_rel_err": 0.0012529193131715869,
    "kQTSTP": 0.0014967266350691805,
    "kQTSTP_rel_err": 0.01361983245554823,
    "kQTSTP_err": 2.0385166001398715e-05,
    "1/Keq": 1.1216293112297866,
    "1/Keq_err": 0.01982493591199409
}