{
    "P": 4.354659540566375,
    "P_rel_err": 0.011437323929450257,
    "ratio": 6.799786597389525e-05,
    "ratio_rel_err": 0.005550699606529939,
    "kQTST": 1.092328930454094e-05,
    "kQTST_rel_err": 0.012713089506060558,
    "kQTST_err": 1.3886875462922296e-07,
    "UNITS": "eVAamu",
    "PP": 4.373116452073598,
    "PP_rel_err": 0.010704930645332535,
    "ratioP": 9.924639534089781e-05,
    "ratioP_rel_err": 0.004495715511817547,
    "kQTSTP": 1.601067828745482e-05,
    "kQTSTP_rel_err": 0.011610641587981974,
    "kQTSTP_err": 1.8589424717612293e-07,
    "1/Keq": 1.465737823203034,
    "1/Keq_err": 0.025235801944198062
}