{
    "P": 5.933063261030233,
    "P_rel_err": 0.009368381408022979,
    "ratio": 2.174717133903768e-05,
    "ratio_rel_err": 0.01118949333683821,
    "kQTST": 3.365663585947216e-06,
    "kQTST_rel_err": 0.014593537314213346,
    "kQTST_err": 4.9116937128609796e-08,
    "UNITS": "eVAamu",
    "PP": 5.936261905685385,
    "PP_rel_err": 0.009393276775620765,
    "ratioP": 4.669530525699059e-05,
    "ratioP_rel_err": 0.017983918958402817,
    "kQTSTP": 7.230614725202657e-06,
    "kQTSTP_rel_err": 0.0202892826311286,
    "kQTSTP_err": 1.4670398575643696e-07,
    "1/Keq": 2.148347432997439,
    "1/Keq_err": 0.053692627579083996
}