{
    "P": 3.938590293353532,
    "P_rel_err": 0.012487348737131006,
    "ratio": 0.00026684144195536464,
    "ratio_rel_err": 0.0014172218957089176,
    "kQTST": 3.358887781346934e-05,
    "kQTST_rel_err": 0.012567513532294449,
    "kQTST_err": 4.221286764553607e-07,
    "UNITS": "eVAamu",
    "PP": 3.971372804084035,
    "PP_rel_err": 0.009319308886452292,
    "ratioP": 0.00034821545129398165,
    "ratioP_rel_err": 0.001282492754734975,
    "kQTSTP": 4.419672661551877e-05,
    "kQTSTP_rel_err": 0.009407141212241708,
    "kQTSTP_err": 4.157648483910266e-07,
    "1/Keq": 1.3158143258300705,
    "1/Keq_err": 0.020656051353820554
}