{
    "P": 3.3717978920260783,
    "P_rel_err": 0.013094378747041622,
    "ratio": 0.0014581175116234473,
    "ratio_rel_err": 0.001388009238686451,
    "kQTST": 0.000239925844209959,
    "kQTST_rel_err": 0.013167738014467566,
    "kQTST_err": 3.1592806594567e-06,
    "UNITS": "eVAamu",
    "PP": 3.2745549978978987,
    "PP_rel_err": 0.014088185384714031,
    "ratioP": 0.0018106757860255162,
    "ratioP_rel_err": 0.0017005759174073029,
    "kQTSTP": 0.0002893449813047666,
    "kQTSTP_rel_err": 0.014190451926733544,
    "kQTSTP_err": 4.105936047446906e-06,
    "1/Keq": 1.2059767144199809,
    "1/Keq_err": 0.023346109793946385
}