{
    "P": 3.564406357235063,
    "P_rel_err": 0.011637443446633618,
    "ratio": 0.0006723859694516581,
    "ratio_rel_err": 0.0029510620766991283,
    "kQTST": 0.0001082817904625794,
    "kQTST_rel_err": 0.01200578432898607,
    "kQTST_err": 1.300007823050189e-06,
    "UNITS": "eVAamu",
    "PP": 3.458954480434883,
    "PP_rel_err": 0.014383770822522266,
    "ratioP": 0.000868474712629322,
    "ratioP_rel_err": 0.002065075694646028,
    "kQTSTP": 0.0001357224218337439,
    "kQTSTP_rel_err": 0.014531255991808163,
    "kQTSTP_err": 1.972217255494306e-06,
    "1/Keq": 1.2534187073739567,
    "1/Keq_err": 0.023626070147158864
}