{
    "UNITS": "eVAamu",
    "P": 3.466260513715498,
    "P_rel_err": 0.0,
    "ratio": 0.0035648790564284413,
    "ratio_rel_err": 0.0,
    "kQTST": 0.000509837510121393,
    "kQTST_err": 0.0,
    "kQTST_rel_err": 0.0,
    "PP": 3.4241616975979148,
    "PP_rel_err": 0.0,
    "ratioP": 0.004203291035862237,
    "ratioP_rel_err": 0.0,
    "kQTSTP": 0.0005938400865523973,
    "kQTSTP_err": 0.0,
    "kQTSTP_rel_err": 0.0,
    "1/Keq": 1.1647634290599824,
    "1/Keq_err": 0.0
}