{
    "P": 3.735900455612328,
    "P_rel_err": 0.0129449718032059,
    "ratio": 0.0007708221977723617,
    "ratio_rel_err": 0.0010447867501301197,
    "kQTST": 9.94086813236737e-05,
    "kQTST_rel_err": 0.012987065655452861,
    "kQTST_err": 1.291027071072541e-06,
    "UNITS": "eVAamu",
    "PP": 3.615774304393259,
    "PP_rel_err": 0.01382111096934009,
    "ratioP": 0.00096816432047434,
    "ratioP_rel_err": 0.000930628092401461,
    "kQTSTP": 0.0001208440277766306,
    "kQTSTP_rel_err": 0.01385240690541466,
    "kQTSTP_err": 1.6739806448511187e-06,
    "1/Keq": 1.215628516217448,
    "1/Keq_err": 0.02308263939437135
}