{
    "P": 4.979859095322438,
    "P_rel_err": 0.011144108910447474,
    "ratio": 2.2845191785713178e-05,
    "ratio_rel_err": 0.01018521612918147,
    "kQTST": 3.511274880772368e-06,
    "kQTST_rel_err": 0.015097343839432589,
    "kQTST_err": 5.3010924189783105e-08,
    "UNITS": "eVAamu",
    "PP": 4.969128085862093,
    "PP_rel_err": 0.010218918393850961,
    "ratioP": 3.804957289756816e-05,
    "ratioP_rel_err": 0.010674733395211716,
    "kQTSTP": 5.835565449710312e-06,
    "kQTSTP_rel_err": 0.014777558194743601,
    "kQTSTP_err": 8.623540803232924e-08,
    "1/Keq": 1.6619506156198953,
    "1/Keq_err": 0.035110295591211045
}