{
    "P": 3.889460766677709,
    "P_rel_err": 0.01080619362961879,
    "ratio": 0.00023633336986171062,
    "ratio_rel_err": 0.002932370111662286,
    "kQTST": 3.791171194026476e-05,
    "kQTST_rel_err": 0.011196991347347912,
    "kQTST_err": 4.244971105582911e-07,
    "UNITS": "eVAamu",
    "PP": 3.8654647821050734,
    "PP_rel_err": 0.013828376269768215,
    "ratioP": 0.00032204434442084076,
    "ratioP_rel_err": 0.002865856621076749,
    "kQTSTP": 5.134242184644761e-05,
    "kQTSTP_rel_err": 0.014122220945405795,
    "kQTSTP_err": 7.250690251877625e-07,
    "1/Keq": 1.3542628179741611,
    "1/Keq_err": 0.024407172835155866
}