{
    "P": 3.9744528541665223,
    "P_rel_err": 0.013321358917204243,
    "ratio": 0.00018879331955643663,
    "ratio_rel_err": 0.0025354631597890604,
    "kQTST": 3.0947311446801393e-05,
    "kQTST_rel_err": 0.013560500611541763,
    "kQTST_err": 4.196610357999237e-07,
    "UNITS": "eVAamu",
    "PP": 3.8524321699598065,
    "PP_rel_err": 0.011855426342475179,
    "ratioP": 0.00025629825663358566,
    "ratioP_rel_err": 0.003055775203824563,
    "kQTSTP": 4.072298516282886e-05,
    "kQTSTP_rel_err": 0.01224291206609618,
    "kQTSTP_err": 4.985679264174532e-07,
    "1/Keq": 1.315881194811766,
    "1/Keq_err": 0.024040543435371937
}