{
    "P": 3.909020524914017,
    "P_rel_err": 0.012355158951087651,
    "ratio": 0.00020458104039943267,
    "ratio_rel_err": 0.002890673187750143,
    "kQTST": 3.298316192323789e-05,
    "kQTST_rel_err": 0.012688811771991059,
    "kQTST_err": 4.1851713328906825e-07,
    "UNITS": "eVAamu",
    "PP": 3.946945681346005,
    "PP_rel_err": 0.01064373330687872,
    "ratioP": 0.0002768002094196299,
    "ratioP_rel_err": 0.0030692097604903615,
    "kQTSTP": 4.5059515443270345e-05,
    "kQTSTP_rel_err": 0.011077414285917481,
    "kQTSTP_err": 4.991429200878023e-07,
    "1/Keq": 1.3661369261121143,
    "1/Keq_err": 0.023010996079918158
}