{
    "P": 4.979372364498915,
    "P_rel_err": 0.011876287630260366,
    "ratio": 3.1661450231451785e-06,
    "ratio_rel_err": 0.003120064825760164,
    "kQTST": 3.9028552363696957e-07,
    "kQTST_rel_err": 0.012279292015161997,
    "kQTST_err": 4.7924299140287596e-09,
    "UNITS": "eVAamu",
    "PP": 4.943969863166137,
    "PP_rel_err": 0.011479026769335139,
    "ratioP": 4.8435264210947376e-06,
    "ratioP_rel_err": 0.003705756940877446,
    "kQTSTP": 5.928086370350612e-07,
    "kQTSTP_rel_err": 0.012062366686350324,
    "kQTSTP_err": 7.1506751547524625e-09,
    "1/Keq": 1.5189101340752567,
    "1/Keq_err": 0.026144750123557214
}