{
    "P": 6.615819564030429,
    "P_rel_err": 0.00942310345427147,
    "ratio": 4.7709122400611697e-08,
    "ratio_rel_err": 0.013870077492748361,
    "kQTST": 5.824060288640401e-09,
    "kQTST_rel_err": 0.01676824165989826,
    "kQTST_err": 9.765925036173907e-11,
    "UNITS": "eVAamu",
    "PP": 6.481219359081642,
    "PP_rel_err": 0.008590274849227657,
    "ratioP": 1.0090746780674484e-07,
    "ratioP_rel_err": 0.01391880092121391,
    "kQTSTP": 1.2067597341675483e-08,
    "kQTSTP_rel_err": 0.016356217199268858,
    "kQTSTP_err": 1.9738024319376368e-10,
    "1/Keq": 2.0720247977537,
    "1/Keq_err": 0.048535816225782916
}