{
    "P": 3.380516414268753,
    "P_rel_err": 0.01485645685638941,
    "ratio": 0.0014505461705601288,
    "ratio_rel_err": 0.0013410139869723667,
    "kQTST": 0.00023929717790766987,
    "kQTST_rel_err": 0.014916857203815267,
    "kQTST_err": 3.569561832124689e-06,
    "UNITS": "eVAamu",
    "PP": 3.3282838876275647,
    "PP_rel_err": 0.01338809544930485,
    "ratioP": 0.0018051690056611696,
    "ratioP_rel_err": 0.0019074228658755292,
    "kQTSTP": 0.0002931981338421486,
    "kQTSTP_rel_err": 0.013523289605305435,
    "kQTSTP_err": 3.96500327568248e-06,
    "1/Keq": 1.2252469352366362,
    "1/Keq_err": 0.02466954882512315
}